id,nombre,email,ciudad,fecha_alta
1,Andrés Paredes,andrés.paredes1@correo.pe,Cusco,2024-10-08
2,Paola Ramos,paola.ramos2@correo.pe,Lima,2026-03-02
3,Renzo Chávez,renzo.chávez3@correo.pe,Iquitos,2025-01-16
4,Nadia Rojas,nadia.rojas4@correo.pe,Puno,2025-06-29
5,Sara Castillo,sara.castillo5@correo.pe,Puno,2025-11-29
6,Marco Espinoza,marco.espinoza6@correo.pe,Chiclayo,2024-09-07
7,Carmen Salazar,carmen.salazar7@correo.pe,Trujillo,2025-12-04
8,Marco Quispe,marco.quispe8@correo.pe,Huancayo,2024-11-16
9,Pablo Quispe,pablo.quispe9@correo.pe,Arequipa,2025-09-18
10,Nadia Mendoza,nadia.mendoza10@correo.pe,Lima,2024-01-23
11,Luis Rojas,luis.rojas11@correo.pe,Tacna,2024-09-04
12,Nadia Cárdenas,nadia.cárdenas12@correo.pe,Chiclayo,2024-11-26
13,Elena Salazar,elena.salazar13@correo.pe,Tacna,2025-04-14
14,Paola Huamán,paola.huamán14@correo.pe,Tacna,2025-11-02
15,Marco Ponce,marco.ponce15@correo.pe,Cusco,2025-10-09
16,Valeria Salazar,valeria.salazar16@correo.pe,Lima,2025-11-02
17,Elena Vargas,elena.vargas17@correo.pe,Piura,2024-09-28
18,Luis Salazar,luis.salazar18@correo.pe,Lima,2024-09-01
19,Jorge Vargas,jorge.vargas19@correo.pe,Arequipa,2025-04-28
20,Camila Salazar,camila.salazar20@correo.pe,Cusco,2025-04-13
21,Iván Mendoza,iván.mendoza21@correo.pe,Lima,2024-05-18
22,Paola Castillo,paola.castillo22@correo.pe,Trujillo,2024-03-17
23,Lucía Castillo,lucía.castillo23@correo.pe,Trujillo,2025-09-05
24,Nadia Espinoza,nadia.espinoza24@correo.pe,Piura,2024-06-07
25,Ana Ponce,ana.ponce25@correo.pe,Iquitos,2024-08-02
26,Nadia Huamán,nadia.huamán26@correo.pe,Piura,2026-01-11
27,Paola Ríos,paola.ríos27@correo.pe,Lima,2025-07-07
28,Rosa Ponce,rosa.ponce28@correo.pe,Trujillo,2026-01-23
29,Óscar Ramos,óscar.ramos29@correo.pe,Trujillo,2025-04-19
30,Sara Huamán,sara.huamán30@correo.pe,Puno,2024-12-19
31,Óscar Espinoza,óscar.espinoza31@correo.pe,Tacna,2024-05-18
32,Camila Chávez,camila.chávez32@correo.pe,Chiclayo,2025-09-14
33,Iván Ramos,iván.ramos33@correo.pe,Puno,2024-03-18
34,Julio Salazar,julio.salazar34@correo.pe,Arequipa,2025-09-24
35,Andrés Castillo,andrés.castillo35@correo.pe,Tacna,2024-03-06
36,Camila Espinoza,camila.espinoza36@correo.pe,Tacna,2025-09-22
37,Lucía Ríos,lucía.ríos37@correo.pe,Lima,2025-07-01
38,Camila Quispe,camila.quispe38@correo.pe,Lima,2025-08-04
39,Andrés Ponce,andrés.ponce39@correo.pe,Piura,2026-01-02
40,Elena Cárdenas,elena.cárdenas40@correo.pe,Huancayo,2026-02-27
41,Elena Chávez,elena.chávez41@correo.pe,Iquitos,2024-07-15
42,Carmen Ríos,carmen.ríos42@correo.pe,Arequipa,2024-12-07
43,Marco Ríos,marco.ríos43@correo.pe,Arequipa,2024-10-02
44,Lucía Vargas,lucía.vargas44@correo.pe,Iquitos,2024-11-25
45,Ana Aguilar,ana.aguilar45@correo.pe,Chiclayo,2025-09-18
46,Julio Paredes,julio.paredes46@correo.pe,Tacna,2024-01-29
47,Paola Ramos,paola.ramos47@correo.pe,Chiclayo,2025-04-26
48,Nadia Paredes,nadia.paredes48@correo.pe,Tacna,2025-04-06
49,Andrés Castillo,andrés.castillo49@correo.pe,Puno,2025-05-30
50,Pablo Flores,pablo.flores50@correo.pe,Lima,2025-06-13
51,Sara Rojas,sara.rojas51@correo.pe,Piura,2024-12-11
52,Camila Chávez,camila.chávez52@correo.pe,Chiclayo,2025-05-10
53,Pablo Cárdenas,pablo.cárdenas53@correo.pe,Cusco,2025-08-25
54,Diego Espinoza,diego.espinoza54@correo.pe,Lima,2026-01-31
55,Nadia Rojas,nadia.rojas55@correo.pe,Lima,2024-02-21
56,Nadia Paredes,nadia.paredes56@correo.pe,Huancayo,2024-12-09
57,Ana Cárdenas,ana.cárdenas57@correo.pe,Piura,2024-01-09
58,Carmen Ponce,carmen.ponce58@correo.pe,Trujillo,2024-08-05
59,Valeria Mendoza,valeria.mendoza59@correo.pe,Puno,2024-05-23
60,Elena Vargas,elena.vargas60@correo.pe,Iquitos,2025-05-17
61,Elena Chávez,elena.chávez61@correo.pe,Piura,2024-12-21
62,Marco Ríos,marco.ríos62@correo.pe,Tacna,2025-04-11
63,Elena Espinoza,elena.espinoza63@correo.pe,Lima,2024-04-14
64,Marco Castillo,marco.castillo64@correo.pe,Chiclayo,2024-05-14
65,Iván Rojas,iván.rojas65@correo.pe,Puno,2024-11-13
66,Nadia Cárdenas,nadia.cárdenas66@correo.pe,Lima,2024-04-23
67,Marco Aguilar,marco.aguilar67@correo.pe,Cusco,2024-09-03
68,Ana Huamán,ana.huamán68@correo.pe,Huancayo,2025-12-02
69,Ana Flores,ana.flores69@correo.pe,Cusco,2024-03-29
70,Jorge Quispe,jorge.quispe70@correo.pe,Puno,2024-10-21
71,Camila Espinoza,camila.espinoza71@correo.pe,Puno,2026-01-14
72,Luis Flores,luis.flores72@correo.pe,Chiclayo,2024-05-03
73,Paola Mendoza,paola.mendoza73@correo.pe,Lima,2024-03-14
74,Carmen Huamán,carmen.huamán74@correo.pe,Trujillo,2025-09-01
75,Diego Aguilar,diego.aguilar75@correo.pe,Puno,2025-07-12
76,Nadia Aguilar,nadia.aguilar76@correo.pe,Huancayo,2026-01-16
77,Carmen Cárdenas,carmen.cárdenas77@correo.pe,Cusco,2025-02-27
78,Luis Vargas,luis.vargas78@correo.pe,Trujillo,2025-11-18
79,Ana Castillo,ana.castillo79@correo.pe,Huancayo,2025-11-07
80,Óscar Flores,óscar.flores80@correo.pe,Puno,2024-05-18
81,Sara Mendoza,sara.mendoza81@correo.pe,Trujillo,2024-11-26
82,Paola Cárdenas,paola.cárdenas82@correo.pe,Trujillo,2025-07-30
83,Ana Ramos,ana.ramos83@correo.pe,Trujillo,2025-08-26
84,Lucía Salazar,lucía.salazar84@correo.pe,Chiclayo,2024-03-17
85,Luis Aguilar,luis.aguilar85@correo.pe,Lima,2025-02-23
86,Rosa Ponce,rosa.ponce86@correo.pe,Tacna,2026-01-06
87,Luis Huamán,luis.huamán87@correo.pe,Trujillo,2025-09-14
88,Óscar Castillo,óscar.castillo88@correo.pe,Puno,2024-06-12
89,Valeria Mendoza,valeria.mendoza89@correo.pe,Huancayo,2025-08-20
90,Diego Rojas,diego.rojas90@correo.pe,Huancayo,2024-12-31
91,Luis Huamán,luis.huamán91@correo.pe,Cusco,2025-01-01
92,Renzo Huamán,renzo.huamán92@correo.pe,Cusco,2024-01-15
93,Iván Quispe,iván.quispe93@correo.pe,Piura,2024-05-11
94,Carmen Ponce,carmen.ponce94@correo.pe,Puno,2024-01-25
95,Ana Paredes,ana.paredes95@correo.pe,Arequipa,2026-01-23
96,Camila Ríos,camila.ríos96@correo.pe,Huancayo,2025-05-22
97,Marco Ponce,marco.ponce97@correo.pe,Trujillo,2025-07-26
98,Sara Huamán,sara.huamán98@correo.pe,Trujillo,2024-11-10
99,Rosa Chávez,rosa.chávez99@correo.pe,Piura,2025-05-31
100,Andrés Huamán,andrés.huamán100@correo.pe,Iquitos,2026-01-01
101,Rosa Ramos,rosa.ramos101@correo.pe,Lima,2025-07-11
102,Renzo Castillo,renzo.castillo102@correo.pe,Puno,2024-01-28
103,Óscar Huamán,óscar.huamán103@correo.pe,Chiclayo,2024-01-24
104,Óscar Rojas,óscar.rojas104@correo.pe,Tacna,2025-05-27
105,Iván Quispe,iván.quispe105@correo.pe,Arequipa,2025-09-01
106,Julio Ríos,julio.ríos106@correo.pe,Lima,2024-09-30
107,Pablo Mendoza,pablo.mendoza107@correo.pe,Tacna,2024-05-26
108,Sara Rojas,sara.rojas108@correo.pe,Cusco,2024-05-10
109,Carmen Cárdenas,carmen.cárdenas109@correo.pe,Cusco,2025-11-29
110,Ana Ríos,ana.ríos110@correo.pe,Chiclayo,2025-11-12
111,Óscar Chávez,óscar.chávez111@correo.pe,Cusco,2025-12-14
112,Camila Chávez,camila.chávez112@correo.pe,Iquitos,2026-02-23
113,Jorge Quispe,jorge.quispe113@correo.pe,Iquitos,2026-01-19
114,Nadia Quispe,nadia.quispe114@correo.pe,Tacna,2025-06-03
115,Carmen Mendoza,carmen.mendoza115@correo.pe,Iquitos,2025-03-31
116,Andrés Castillo,andrés.castillo116@correo.pe,Chiclayo,2025-05-17
117,Renzo Vargas,renzo.vargas117@correo.pe,Trujillo,2025-03-09
118,Julio Salazar,julio.salazar118@correo.pe,Iquitos,2025-11-14
119,Valeria Quispe,valeria.quispe119@correo.pe,Lima,2025-02-20
120,Lucía Vargas,lucía.vargas120@correo.pe,Piura,2024-03-25
121,Diego Ramos,diego.ramos121@correo.pe,Iquitos,2025-11-30
122,Iván Cárdenas,iván.cárdenas122@correo.pe,Cusco,2024-03-20
123,Diego Huamán,diego.huamán123@correo.pe,Chiclayo,2025-09-01
124,Elena Quispe,elena.quispe124@correo.pe,Puno,2024-11-14
125,Luis Chávez,luis.chávez125@correo.pe,Huancayo,2025-08-23
126,Andrés Aguilar,andrés.aguilar126@correo.pe,Huancayo,2024-02-28
127,Iván Castillo,iván.castillo127@correo.pe,Chiclayo,2025-08-07
128,Elena Aguilar,elena.aguilar128@correo.pe,Cusco,2026-02-16
129,Elena Ponce,elena.ponce129@correo.pe,Tacna,2025-03-17
130,Iván Mendoza,iván.mendoza130@correo.pe,Arequipa,2025-07-27
131,Carmen Cárdenas,carmen.cárdenas131@correo.pe,Lima,2025-08-16
132,Diego Flores,diego.flores132@correo.pe,Piura,2024-12-02
133,Iván Ponce,iván.ponce133@correo.pe,Puno,2024-12-06
134,Óscar Aguilar,óscar.aguilar134@correo.pe,Cusco,2025-08-20
135,Paola Huamán,paola.huamán135@correo.pe,Trujillo,2025-11-18
136,Valeria Chávez,valeria.chávez136@correo.pe,Puno,2025-12-02
137,Ana Espinoza,ana.espinoza137@correo.pe,Lima,2024-08-15
138,Carmen Castillo,carmen.castillo138@correo.pe,Cusco,2025-02-16
139,Marco Chávez,marco.chávez139@correo.pe,Lima,2024-08-27
140,Luis Espinoza,luis.espinoza140@correo.pe,Piura,2025-10-17
141,Renzo Ramos,renzo.ramos141@correo.pe,Piura,2024-08-01
142,Camila Flores,camila.flores142@correo.pe,Puno,2024-05-24
143,Marco Salazar,marco.salazar143@correo.pe,Trujillo,2024-10-24
144,Elena Mendoza,elena.mendoza144@correo.pe,Iquitos,2025-02-06
145,Valeria Paredes,valeria.paredes145@correo.pe,Lima,2025-08-10
146,Nadia Quispe,nadia.quispe146@correo.pe,Arequipa,2024-11-22
147,Carmen Espinoza,carmen.espinoza147@correo.pe,Cusco,2025-01-30
148,Marco Chávez,marco.chávez148@correo.pe,Lima,2025-04-28
149,Sara Castillo,sara.castillo149@correo.pe,Tacna,2024-12-05
150,Diego Rojas,diego.rojas150@correo.pe,Cusco,2025-08-28
151,Jorge Paredes,jorge.paredes151@correo.pe,Huancayo,2024-01-22
152,Óscar Mendoza,óscar.mendoza152@correo.pe,Iquitos,2024-05-10
153,Julio Rojas,julio.rojas153@correo.pe,Lima,2025-05-13
154,Ana Aguilar,ana.aguilar154@correo.pe,Iquitos,2025-10-21
155,Sara Salazar,sara.salazar155@correo.pe,Iquitos,2025-01-09
156,Ana Mendoza,ana.mendoza156@correo.pe,Chiclayo,2024-08-20
157,Iván Aguilar,iván.aguilar157@correo.pe,Cusco,2024-07-30
158,Paola Espinoza,paola.espinoza158@correo.pe,Arequipa,2025-05-25
159,Jorge Castillo,jorge.castillo159@correo.pe,Huancayo,2024-10-22
160,Diego Cárdenas,diego.cárdenas160@correo.pe,Chiclayo,2024-01-10
161,Sara Quispe,sara.quispe161@correo.pe,Lima,2026-01-06
162,Elena Quispe,elena.quispe162@correo.pe,Chiclayo,2025-04-06
163,Julio Ponce,julio.ponce163@correo.pe,Puno,2025-10-31
164,Iván Huamán,iván.huamán164@correo.pe,Iquitos,2026-01-31
165,Lucía Huamán,lucía.huamán165@correo.pe,Huancayo,2026-01-05
166,Óscar Cárdenas,óscar.cárdenas166@correo.pe,Chiclayo,2024-06-22
167,Renzo Quispe,renzo.quispe167@correo.pe,Lima,2026-01-13
168,Nadia Quispe,nadia.quispe168@correo.pe,Lima,2025-10-07
169,Julio Quispe,julio.quispe169@correo.pe,Arequipa,2024-01-05
170,Lucía Espinoza,lucía.espinoza170@correo.pe,Lima,2025-12-06
171,Rosa Quispe,rosa.quispe171@correo.pe,Iquitos,2025-11-08
172,Pablo Castillo,pablo.castillo172@correo.pe,Cusco,2025-08-07
173,Marco Huamán,marco.huamán173@correo.pe,Puno,2024-08-16
174,Camila Ramos,camila.ramos174@correo.pe,Trujillo,2024-09-15
175,Ana Paredes,ana.paredes175@correo.pe,Lima,2025-02-13
176,Marco Mendoza,marco.mendoza176@correo.pe,Huancayo,2025-05-14
177,Camila Vargas,camila.vargas177@correo.pe,Huancayo,2024-02-18
178,Luis Ponce,luis.ponce178@correo.pe,Lima,2024-08-24
179,Óscar Chávez,óscar.chávez179@correo.pe,Lima,2024-07-28
180,Sara Salazar,sara.salazar180@correo.pe,Arequipa,2026-01-03
181,Julio Quispe,julio.quispe181@correo.pe,Iquitos,2025-09-03
182,Carmen Cárdenas,carmen.cárdenas182@correo.pe,Arequipa,2024-07-23
183,Nadia Paredes,nadia.paredes183@correo.pe,Chiclayo,2024-07-18
184,Rosa Salazar,rosa.salazar184@correo.pe,Tacna,2025-12-22
185,Lucía Castillo,lucía.castillo185@correo.pe,Chiclayo,2025-09-15
186,Pablo Flores,pablo.flores186@correo.pe,Huancayo,2025-03-17
187,Paola Chávez,paola.chávez187@correo.pe,Tacna,2025-03-08
188,Camila Ramos,camila.ramos188@correo.pe,Trujillo,2024-03-20
189,Nadia Rojas,nadia.rojas189@correo.pe,Cusco,2026-02-18
190,Pablo Ramos,pablo.ramos190@correo.pe,Piura,2025-09-08
191,Carmen Quispe,carmen.quispe191@correo.pe,Piura,2024-10-14
192,Pablo Chávez,pablo.chávez192@correo.pe,Trujillo,2024-09-29
193,Valeria Ramos,valeria.ramos193@correo.pe,Piura,2024-07-22
194,Carmen Ríos,carmen.ríos194@correo.pe,Tacna,2025-09-16
195,Marco Salazar,marco.salazar195@correo.pe,Lima,2024-07-01
196,Jorge Ponce,jorge.ponce196@correo.pe,Tacna,2024-10-06
197,Valeria Ramos,valeria.ramos197@correo.pe,Chiclayo,2025-05-06
198,Julio Salazar,julio.salazar198@correo.pe,Cusco,2024-09-15
199,Valeria Rojas,valeria.rojas199@correo.pe,Trujillo,2024-02-19
200,Iván Quispe,iván.quispe200@correo.pe,Iquitos,2024-12-16
201,Jorge Mendoza,jorge.mendoza201@correo.pe,Trujillo,2025-04-18
202,Óscar Flores,óscar.flores202@correo.pe,Huancayo,2026-01-17
203,Rosa Quispe,rosa.quispe203@correo.pe,Huancayo,2026-01-26
204,Julio Cárdenas,julio.cárdenas204@correo.pe,Puno,2024-10-14
205,Sara Quispe,sara.quispe205@correo.pe,Chiclayo,2025-01-24
206,Elena Flores,elena.flores206@correo.pe,Chiclayo,2025-09-15
207,Paola Huamán,paola.huamán207@correo.pe,Puno,2025-12-29
208,Iván Ponce,iván.ponce208@correo.pe,Piura,2024-07-25
209,Óscar Ríos,óscar.ríos209@correo.pe,Puno,2025-06-15
210,Óscar Mendoza,óscar.mendoza210@correo.pe,Arequipa,2025-07-17
211,Marco Cárdenas,marco.cárdenas211@correo.pe,Tacna,2026-02-11
212,Sara Paredes,sara.paredes212@correo.pe,Trujillo,2025-04-28
213,Andrés Espinoza,andrés.espinoza213@correo.pe,Trujillo,2025-12-13
214,Marco Cárdenas,marco.cárdenas214@correo.pe,Cusco,2025-02-04
215,Andrés Espinoza,andrés.espinoza215@correo.pe,Piura,2025-05-15
216,Iván Quispe,iván.quispe216@correo.pe,Chiclayo,2024-05-22
217,Andrés Flores,andrés.flores217@correo.pe,Huancayo,2025-12-17
218,Elena Ponce,elena.ponce218@correo.pe,Chiclayo,2026-03-01
219,Luis Ramos,luis.ramos219@correo.pe,Huancayo,2025-01-13
220,Andrés Paredes,andrés.paredes220@correo.pe,Chiclayo,2026-02-25
221,Renzo Cárdenas,renzo.cárdenas221@correo.pe,Cusco,2025-04-01
222,Paola Quispe,paola.quispe222@correo.pe,Chiclayo,2025-07-12
223,Elena Vargas,elena.vargas223@correo.pe,Iquitos,2024-02-03
224,Jorge Chávez,jorge.chávez224@correo.pe,Tacna,2025-02-08
225,Luis Salazar,luis.salazar225@correo.pe,Puno,2025-06-19
226,Valeria Espinoza,valeria.espinoza226@correo.pe,Piura,2024-01-21
227,Elena Espinoza,elena.espinoza227@correo.pe,Iquitos,2024-07-31
228,Elena Espinoza,elena.espinoza228@correo.pe,Tacna,2025-12-05
229,Valeria Paredes,valeria.paredes229@correo.pe,Iquitos,2024-12-05
230,Valeria Huamán,valeria.huamán230@correo.pe,Iquitos,2025-08-04
231,Lucía Ramos,lucía.ramos231@correo.pe,Piura,2026-03-02
232,Nadia Ponce,nadia.ponce232@correo.pe,Piura,2024-01-28
233,Camila Espinoza,camila.espinoza233@correo.pe,Chiclayo,2025-11-21
234,Iván Flores,iván.flores234@correo.pe,Arequipa,2025-09-16
235,Lucía Rojas,lucía.rojas235@correo.pe,Chiclayo,2025-02-06
236,Valeria Salazar,valeria.salazar236@correo.pe,Lima,2025-11-12
237,Ana Rojas,ana.rojas237@correo.pe,Piura,2025-01-01
238,Camila Aguilar,camila.aguilar238@correo.pe,Huancayo,2024-08-24
239,Camila Huamán,camila.huamán239@correo.pe,Tacna,2025-10-18
240,Diego Ríos,diego.ríos240@correo.pe,Trujillo,2024-06-22
241,Iván Espinoza,iván.espinoza241@correo.pe,Puno,2024-03-26
242,Camila Ramos,camila.ramos242@correo.pe,Puno,2025-01-26
243,Paola Huamán,paola.huamán243@correo.pe,Arequipa,2024-11-27
244,Valeria Quispe,valeria.quispe244@correo.pe,Iquitos,2024-09-30
245,Óscar Vargas,óscar.vargas245@correo.pe,Chiclayo,2025-04-12
246,Renzo Chávez,renzo.chávez246@correo.pe,Piura,2025-07-03
247,Andrés Ponce,andrés.ponce247@correo.pe,Arequipa,2025-08-31
248,Valeria Ponce,valeria.ponce248@correo.pe,Puno,2024-05-25
249,Julio Espinoza,julio.espinoza249@correo.pe,Puno,2024-08-11
250,Marco Mendoza,marco.mendoza250@correo.pe,Cusco,2025-01-04
251,Camila Salazar,camila.salazar251@correo.pe,Chiclayo,2026-01-03
252,Elena Aguilar,elena.aguilar252@correo.pe,Piura,2025-10-27
253,Iván Aguilar,iván.aguilar253@correo.pe,Piura,2024-11-14
254,Sara Huamán,sara.huamán254@correo.pe,Puno,2024-01-09
255,Camila Mendoza,camila.mendoza255@correo.pe,Iquitos,2024-07-19
256,Marco Aguilar,marco.aguilar256@correo.pe,Arequipa,2025-03-19
257,Renzo Ramos,renzo.ramos257@correo.pe,Huancayo,2024-11-07
258,Pablo Ponce,pablo.ponce258@correo.pe,Lima,2024-06-15
259,Renzo Vargas,renzo.vargas259@correo.pe,Iquitos,2024-04-05
260,Sara Aguilar,sara.aguilar260@correo.pe,Puno,2024-06-09
261,Renzo Salazar,renzo.salazar261@correo.pe,Chiclayo,2025-12-27
262,Valeria Salazar,valeria.salazar262@correo.pe,Tacna,2025-02-13
263,Paola Cárdenas,paola.cárdenas263@correo.pe,Piura,2024-10-21
264,Lucía Ríos,lucía.ríos264@correo.pe,Huancayo,2025-01-20
265,Andrés Ríos,andrés.ríos265@correo.pe,Trujillo,2025-10-03
266,Iván Vargas,iván.vargas266@correo.pe,Iquitos,2024-01-14
267,Nadia Flores,nadia.flores267@correo.pe,Cusco,2024-08-11
268,Iván Mendoza,iván.mendoza268@correo.pe,Tacna,2025-04-16
269,Nadia Ponce,nadia.ponce269@correo.pe,Arequipa,2024-09-28
270,Luis Rojas,luis.rojas270@correo.pe,Tacna,2025-09-22
271,Ana Quispe,ana.quispe271@correo.pe,Puno,2024-12-09
272,Diego Espinoza,diego.espinoza272@correo.pe,Arequipa,2025-06-23
273,Ana Salazar,ana.salazar273@correo.pe,Huancayo,2025-11-26
274,Julio Paredes,julio.paredes274@correo.pe,Piura,2026-01-20
275,Óscar Rojas,óscar.rojas275@correo.pe,Tacna,2025-03-05
276,Lucía Ponce,lucía.ponce276@correo.pe,Arequipa,2025-11-13
277,Pablo Aguilar,pablo.aguilar277@correo.pe,Puno,2024-04-18
278,Ana Salazar,ana.salazar278@correo.pe,Piura,2025-04-22
279,Diego Paredes,diego.paredes279@correo.pe,Iquitos,2026-03-06
280,Ana Salazar,ana.salazar280@correo.pe,Tacna,2024-11-09
281,Diego Salazar,diego.salazar281@correo.pe,Lima,2025-04-13
282,Óscar Aguilar,óscar.aguilar282@correo.pe,Piura,2025-02-13
283,Elena Espinoza,elena.espinoza283@correo.pe,Arequipa,2025-01-08
284,Julio Huamán,julio.huamán284@correo.pe,Puno,2024-05-03
285,Carmen Paredes,carmen.paredes285@correo.pe,Lima,2024-04-19
286,Luis Quispe,luis.quispe286@correo.pe,Cusco,2024-12-31
287,Renzo Rojas,renzo.rojas287@correo.pe,Cusco,2025-08-02
288,Óscar Castillo,óscar.castillo288@correo.pe,Arequipa,2025-11-27
289,Luis Cárdenas,luis.cárdenas289@correo.pe,Lima,2026-02-22
290,Óscar Quispe,óscar.quispe290@correo.pe,Chiclayo,2025-02-06
291,Luis Chávez,luis.chávez291@correo.pe,Cusco,2025-02-25
292,Andrés Castillo,andrés.castillo292@correo.pe,Huancayo,2024-05-27
293,Andrés Castillo,andrés.castillo293@correo.pe,Tacna,2025-10-18
294,Luis Salazar,luis.salazar294@correo.pe,Tacna,2025-07-03
295,Valeria Vargas,valeria.vargas295@correo.pe,Trujillo,2024-05-23
296,Elena Huamán,elena.huamán296@correo.pe,Iquitos,2024-05-05
297,Camila Espinoza,camila.espinoza297@correo.pe,Lima,2024-08-20
298,Ana Aguilar,ana.aguilar298@correo.pe,Trujillo,2024-04-25
299,Marco Salazar,marco.salazar299@correo.pe,Lima,2024-07-14
300,Andrés Salazar,andrés.salazar300@correo.pe,Iquitos,2026-02-06
301,Ana Quispe,ana.quispe301@correo.pe,Puno,2024-07-06
302,Lucía Mendoza,lucía.mendoza302@correo.pe,Lima,2024-12-05
303,Ana Chávez,ana.chávez303@correo.pe,Arequipa,2025-12-17
304,Lucía Ponce,lucía.ponce304@correo.pe,Puno,2024-08-18
305,Valeria Espinoza,valeria.espinoza305@correo.pe,Piura,2025-08-12
306,Renzo Castillo,renzo.castillo306@correo.pe,Chiclayo,2024-01-18
307,Rosa Salazar,rosa.salazar307@correo.pe,Iquitos,2024-04-22
308,Luis Castillo,luis.castillo308@correo.pe,Puno,2024-03-23
309,Óscar Quispe,óscar.quispe309@correo.pe,Trujillo,2024-12-07
310,Valeria Ríos,valeria.ríos310@correo.pe,Cusco,2024-01-06
311,Rosa Quispe,rosa.quispe311@correo.pe,Chiclayo,2024-09-11
312,Sara Aguilar,sara.aguilar312@correo.pe,Chiclayo,2025-12-22
313,Jorge Ponce,jorge.ponce313@correo.pe,Huancayo,2024-10-21
314,Andrés Huamán,andrés.huamán314@correo.pe,Tacna,2024-10-04
315,Carmen Ponce,carmen.ponce315@correo.pe,Lima,2024-08-05
316,Jorge Ríos,jorge.ríos316@correo.pe,Trujillo,2025-01-08
317,Paola Huamán,paola.huamán317@correo.pe,Iquitos,2025-07-02
318,Marco Castillo,marco.castillo318@correo.pe,Puno,2024-05-02
319,Diego Ríos,diego.ríos319@correo.pe,Lima,2024-05-07
320,Camila Huamán,camila.huamán320@correo.pe,Puno,2025-08-21
321,Luis Aguilar,luis.aguilar321@correo.pe,Lima,2024-05-22
322,Sara Vargas,sara.vargas322@correo.pe,Arequipa,2024-07-13
323,Rosa Huamán,rosa.huamán323@correo.pe,Chiclayo,2025-12-16
324,Marco Quispe,marco.quispe324@correo.pe,Tacna,2024-04-28
325,Camila Huamán,camila.huamán325@correo.pe,Chiclayo,2024-06-20
326,Sara Paredes,sara.paredes326@correo.pe,Huancayo,2025-12-22
327,Jorge Vargas,jorge.vargas327@correo.pe,Cusco,2025-02-05
328,Jorge Chávez,jorge.chávez328@correo.pe,Trujillo,2024-09-01
329,Carmen Ramos,carmen.ramos329@correo.pe,Iquitos,2024-08-13
330,Valeria Cárdenas,valeria.cárdenas330@correo.pe,Huancayo,2024-09-24
331,Luis Rojas,luis.rojas331@correo.pe,Arequipa,2024-04-20
332,Ana Aguilar,ana.aguilar332@correo.pe,Iquitos,2025-06-09
333,Andrés Chávez,andrés.chávez333@correo.pe,Chiclayo,2026-02-17
334,Marco Cárdenas,marco.cárdenas334@correo.pe,Puno,2024-05-04
335,Óscar Aguilar,óscar.aguilar335@correo.pe,Huancayo,2024-04-19
336,Sara Salazar,sara.salazar336@correo.pe,Lima,2025-09-26
337,Paola Mendoza,paola.mendoza337@correo.pe,Cusco,2025-09-20
338,Paola Rojas,paola.rojas338@correo.pe,Chiclayo,2024-08-12
339,Óscar Mendoza,óscar.mendoza339@correo.pe,Iquitos,2025-09-21
340,Iván Salazar,iván.salazar340@correo.pe,Huancayo,2024-03-23
341,Elena Flores,elena.flores341@correo.pe,Iquitos,2024-11-10
342,Renzo Mendoza,renzo.mendoza342@correo.pe,Chiclayo,2026-01-08
343,Pablo Ponce,pablo.ponce343@correo.pe,Huancayo,2025-10-18
344,Nadia Paredes,nadia.paredes344@correo.pe,Piura,2024-05-14
345,Valeria Aguilar,valeria.aguilar345@correo.pe,Piura,2025-10-02
346,Óscar Ramos,óscar.ramos346@correo.pe,Tacna,2024-07-29
347,Camila Vargas,camila.vargas347@correo.pe,Trujillo,2025-08-12
348,Nadia Flores,nadia.flores348@correo.pe,Lima,2025-04-19
349,Luis Castillo,luis.castillo349@correo.pe,Arequipa,2024-03-07
350,Paola Vargas,paola.vargas350@correo.pe,Tacna,2025-01-21
351,Marco Rojas,marco.rojas351@correo.pe,Arequipa,2024-10-27
352,Diego Quispe,diego.quispe352@correo.pe,Arequipa,2024-03-01
353,Ana Aguilar,ana.aguilar353@correo.pe,Tacna,2025-08-30
354,Paola Vargas,paola.vargas354@correo.pe,Cusco,2024-08-16
355,Paola Mendoza,paola.mendoza355@correo.pe,Arequipa,2025-09-24
356,Luis Ramos,luis.ramos356@correo.pe,Arequipa,2026-01-26
357,Iván Mendoza,iván.mendoza357@correo.pe,Tacna,2024-04-05
358,Carmen Cárdenas,carmen.cárdenas358@correo.pe,Iquitos,2025-02-26
359,Óscar Flores,óscar.flores359@correo.pe,Trujillo,2024-03-05
360,Jorge Paredes,jorge.paredes360@correo.pe,Arequipa,2024-11-01
361,Lucía Aguilar,lucía.aguilar361@correo.pe,Huancayo,2025-09-10
362,Elena Salazar,elena.salazar362@correo.pe,Arequipa,2024-11-02
363,Ana Rojas,ana.rojas363@correo.pe,Tacna,2024-10-23
364,Nadia Huamán,nadia.huamán364@correo.pe,Huancayo,2025-10-23
365,Pablo Ríos,pablo.ríos365@correo.pe,Arequipa,2024-09-12
366,Carmen Ponce,carmen.ponce366@correo.pe,Iquitos,2024-09-08
367,Rosa Flores,rosa.flores367@correo.pe,Iquitos,2025-05-27
368,Camila Cárdenas,camila.cárdenas368@correo.pe,Tacna,2024-06-21
369,Elena Flores,elena.flores369@correo.pe,Puno,2024-11-19
370,Pablo Aguilar,pablo.aguilar370@correo.pe,Puno,2025-02-18
371,Renzo Flores,renzo.flores371@correo.pe,Piura,2024-10-10
372,Iván Ponce,iván.ponce372@correo.pe,Piura,2024-11-07
373,Ana Vargas,ana.vargas373@correo.pe,Lima,2024-11-19
374,Diego Salazar,diego.salazar374@correo.pe,Chiclayo,2025-11-18
375,Nadia Espinoza,nadia.espinoza375@correo.pe,Chiclayo,2025-12-03
376,Sara Huamán,sara.huamán376@correo.pe,Iquitos,2024-08-21
377,Diego Vargas,diego.vargas377@correo.pe,Tacna,2025-08-15
378,Ana Chávez,ana.chávez378@correo.pe,Trujillo,2025-11-21
379,Lucía Ponce,lucía.ponce379@correo.pe,Cusco,2024-12-16
380,Luis Flores,luis.flores380@correo.pe,Piura,2025-02-18
381,Renzo Aguilar,renzo.aguilar381@correo.pe,Tacna,2024-05-29
382,Jorge Vargas,jorge.vargas382@correo.pe,Cusco,2025-09-09
383,Sara Espinoza,sara.espinoza383@correo.pe,Arequipa,2024-01-27
384,Óscar Mendoza,óscar.mendoza384@correo.pe,Arequipa,2024-06-03
385,Renzo Rojas,renzo.rojas385@correo.pe,Iquitos,2025-12-13
386,Marco Salazar,marco.salazar386@correo.pe,Chiclayo,2025-08-19
387,Elena Paredes,elena.paredes387@correo.pe,Cusco,2024-02-23
388,Elena Ponce,elena.ponce388@correo.pe,Huancayo,2025-12-17
389,Paola Ramos,paola.ramos389@correo.pe,Arequipa,2024-05-07
390,Lucía Aguilar,lucía.aguilar390@correo.pe,Tacna,2024-06-08
391,Jorge Ponce,jorge.ponce391@correo.pe,Chiclayo,2024-12-24
392,Andrés Huamán,andrés.huamán392@correo.pe,Tacna,2024-11-30
393,Camila Quispe,camila.quispe393@correo.pe,Trujillo,2025-04-16
394,Renzo Flores,renzo.flores394@correo.pe,Arequipa,2024-09-08
395,Paola Chávez,paola.chávez395@correo.pe,Tacna,2024-04-28
396,Ana Aguilar,ana.aguilar396@correo.pe,Chiclayo,2026-02-13
397,Nadia Huamán,nadia.huamán397@correo.pe,Piura,2024-07-06
398,Ana Mendoza,ana.mendoza398@correo.pe,Cusco,2025-11-05
399,Jorge Salazar,jorge.salazar399@correo.pe,Tacna,2025-10-27
400,Julio Cárdenas,julio.cárdenas400@correo.pe,Trujillo,2025-08-01
401,Lucía Ramos,lucía.ramos401@correo.pe,Puno,2025-05-25
402,Sara Salazar,sara.salazar402@correo.pe,Puno,2025-12-16
403,Diego Mendoza,diego.mendoza403@correo.pe,Trujillo,2024-09-13
404,Pablo Mendoza,pablo.mendoza404@correo.pe,Cusco,2024-06-25
405,Camila Aguilar,camila.aguilar405@correo.pe,Piura,2024-04-19
406,Paola Ríos,paola.ríos406@correo.pe,Cusco,2025-05-10
407,Rosa Ponce,rosa.ponce407@correo.pe,Huancayo,2025-09-12
408,Jorge Salazar,jorge.salazar408@correo.pe,Huancayo,2025-06-22
409,Marco Ríos,marco.ríos409@correo.pe,Arequipa,2024-02-19
410,Jorge Vargas,jorge.vargas410@correo.pe,Cusco,2024-04-03
411,Diego Rojas,diego.rojas411@correo.pe,Piura,2024-11-09
412,Óscar Ramos,óscar.ramos412@correo.pe,Lima,2025-10-05
413,Renzo Chávez,renzo.chávez413@correo.pe,Trujillo,2025-12-28
414,Andrés Castillo,andrés.castillo414@correo.pe,Piura,2025-03-11
415,Lucía Chávez,lucía.chávez415@correo.pe,Trujillo,2025-01-01
416,Renzo Mendoza,renzo.mendoza416@correo.pe,Lima,2024-07-28
417,Carmen Espinoza,carmen.espinoza417@correo.pe,Arequipa,2024-07-20
418,Julio Castillo,julio.castillo418@correo.pe,Piura,2025-02-26
419,Andrés Flores,andrés.flores419@correo.pe,Tacna,2025-01-02
420,Paola Paredes,paola.paredes420@correo.pe,Puno,2024-04-15
421,Pablo Aguilar,pablo.aguilar421@correo.pe,Cusco,2025-04-12
422,Renzo Paredes,renzo.paredes422@correo.pe,Trujillo,2025-08-13
423,Lucía Vargas,lucía.vargas423@correo.pe,Huancayo,2024-06-20
424,Pablo Ramos,pablo.ramos424@correo.pe,Lima,2025-10-20
425,Carmen Chávez,carmen.chávez425@correo.pe,Tacna,2026-01-14
426,Renzo Vargas,renzo.vargas426@correo.pe,Arequipa,2025-11-16
427,Nadia Flores,nadia.flores427@correo.pe,Puno,2024-07-05
428,Pablo Vargas,pablo.vargas428@correo.pe,Piura,2025-05-16
429,Valeria Espinoza,valeria.espinoza429@correo.pe,Piura,2025-12-02
430,Sara Quispe,sara.quispe430@correo.pe,Puno,2024-10-10
431,Renzo Quispe,renzo.quispe431@correo.pe,Cusco,2025-01-23
432,Diego Chávez,diego.chávez432@correo.pe,Iquitos,2025-12-07
433,Camila Vargas,camila.vargas433@correo.pe,Huancayo,2025-03-25
434,Sara Castillo,sara.castillo434@correo.pe,Puno,2025-02-18
435,Elena Flores,elena.flores435@correo.pe,Lima,2025-03-04
436,Rosa Quispe,rosa.quispe436@correo.pe,Trujillo,2025-02-03
437,Marco Mendoza,marco.mendoza437@correo.pe,Iquitos,2025-04-29
438,Julio Quispe,julio.quispe438@correo.pe,Chiclayo,2025-12-05
439,Diego Paredes,diego.paredes439@correo.pe,Iquitos,2024-02-17
440,Paola Aguilar,paola.aguilar440@correo.pe,Cusco,2025-06-24
441,Ana Castillo,ana.castillo441@correo.pe,Puno,2026-01-19
442,Andrés Ríos,andrés.ríos442@correo.pe,Puno,2025-06-10
443,Rosa Castillo,rosa.castillo443@correo.pe,Puno,2025-07-04
444,Óscar Rojas,óscar.rojas444@correo.pe,Piura,2024-02-03
445,Nadia Paredes,nadia.paredes445@correo.pe,Piura,2024-07-01
446,Valeria Aguilar,valeria.aguilar446@correo.pe,Iquitos,2026-03-06
447,Camila Chávez,camila.chávez447@correo.pe,Huancayo,2024-06-02
448,Sara Vargas,sara.vargas448@correo.pe,Puno,2024-03-08
449,Julio Chávez,julio.chávez449@correo.pe,Puno,2025-05-22
450,Marco Ríos,marco.ríos450@correo.pe,Huancayo,2025-03-04
451,Marco Huamán,marco.huamán451@correo.pe,Puno,2025-05-22
452,Carmen Chávez,carmen.chávez452@correo.pe,Tacna,2025-06-27
453,Sara Castillo,sara.castillo453@correo.pe,Arequipa,2024-08-01
454,Valeria Ponce,valeria.ponce454@correo.pe,Tacna,2025-10-01
455,Ana Salazar,ana.salazar455@correo.pe,Lima,2024-07-06
456,Óscar Ramos,óscar.ramos456@correo.pe,Iquitos,2025-01-29
457,Rosa Cárdenas,rosa.cárdenas457@correo.pe,Iquitos,2025-10-31
458,Pablo Espinoza,pablo.espinoza458@correo.pe,Iquitos,2024-06-30
459,Camila Huamán,camila.huamán459@correo.pe,Tacna,2024-02-16
460,Elena Flores,elena.flores460@correo.pe,Lima,2025-12-18
461,Sara Cárdenas,sara.cárdenas461@correo.pe,Piura,2025-04-10
462,Camila Aguilar,camila.aguilar462@correo.pe,Cusco,2025-09-22
463,Jorge Mendoza,jorge.mendoza463@correo.pe,Cusco,2024-08-24
464,Lucía Cárdenas,lucía.cárdenas464@correo.pe,Arequipa,2025-01-11
465,Óscar Huamán,óscar.huamán465@correo.pe,Arequipa,2024-08-25
466,Elena Espinoza,elena.espinoza466@correo.pe,Chiclayo,2024-11-11
467,Ana Aguilar,ana.aguilar467@correo.pe,Cusco,2025-07-25
468,Andrés Quispe,andrés.quispe468@correo.pe,Iquitos,2025-12-08
469,Elena Flores,elena.flores469@correo.pe,Piura,2025-05-20
470,Paola Flores,paola.flores470@correo.pe,Piura,2025-03-07
471,Iván Castillo,iván.castillo471@correo.pe,Chiclayo,2025-07-29
472,Andrés Paredes,andrés.paredes472@correo.pe,Huancayo,2025-11-23
473,Pablo Flores,pablo.flores473@correo.pe,Lima,2025-09-01
474,Paola Salazar,paola.salazar474@correo.pe,Huancayo,2025-11-23
475,Luis Castillo,luis.castillo475@correo.pe,Lima,2024-03-29
476,Lucía Espinoza,lucía.espinoza476@correo.pe,Puno,2025-05-21
477,Jorge Castillo,jorge.castillo477@correo.pe,Arequipa,2025-02-05
478,Renzo Aguilar,renzo.aguilar478@correo.pe,Tacna,2024-12-19
479,Jorge Ríos,jorge.ríos479@correo.pe,Arequipa,2024-07-07
480,Elena Chávez,elena.chávez480@correo.pe,Huancayo,2025-08-17
481,Lucía Espinoza,lucía.espinoza481@correo.pe,Puno,2024-11-04
482,Paola Ramos,paola.ramos482@correo.pe,Huancayo,2025-05-27
483,Julio Rojas,julio.rojas483@correo.pe,Lima,2024-10-09
484,Renzo Cárdenas,renzo.cárdenas484@correo.pe,Cusco,2026-02-01
485,Ana Ponce,ana.ponce485@correo.pe,Cusco,2025-08-14
486,Andrés Ponce,andrés.ponce486@correo.pe,Iquitos,2024-04-04
487,Iván Cárdenas,iván.cárdenas487@correo.pe,Huancayo,2024-11-07
488,Jorge Aguilar,jorge.aguilar488@correo.pe,Chiclayo,2024-07-03
489,Paola Ramos,paola.ramos489@correo.pe,Chiclayo,2026-01-14
490,Carmen Aguilar,carmen.aguilar490@correo.pe,Tacna,2024-06-30
491,Nadia Ponce,nadia.ponce491@correo.pe,Chiclayo,2025-10-03
492,Paola Castillo,paola.castillo492@correo.pe,Chiclayo,2025-04-28
493,Marco Ríos,marco.ríos493@correo.pe,Chiclayo,2025-09-16
494,Diego Salazar,diego.salazar494@correo.pe,Cusco,2024-09-14
495,Marco Vargas,marco.vargas495@correo.pe,Chiclayo,2024-10-30
496,Rosa Ramos,rosa.ramos496@correo.pe,Trujillo,2025-07-14
497,Óscar Ramos,óscar.ramos497@correo.pe,Arequipa,2024-08-31
498,Paola Castillo,paola.castillo498@correo.pe,Tacna,2024-12-22
499,Valeria Chávez,valeria.chávez499@correo.pe,Iquitos,2025-04-05
500,Lucía Ramos,lucía.ramos500@correo.pe,Trujillo,2026-02-07
501,Iván Vargas,iván.vargas501@correo.pe,Huancayo,2025-03-30
502,Ana Salazar,ana.salazar502@correo.pe,Lima,2025-02-03
503,Nadia Espinoza,nadia.espinoza503@correo.pe,Trujillo,2025-11-11
504,Jorge Ponce,jorge.ponce504@correo.pe,Lima,2026-03-07
505,Jorge Salazar,jorge.salazar505@correo.pe,Chiclayo,2026-02-22
506,Andrés Espinoza,andrés.espinoza506@correo.pe,Piura,2025-09-01
507,Ana Flores,ana.flores507@correo.pe,Cusco,2024-06-28
508,Carmen Flores,carmen.flores508@correo.pe,Trujillo,2024-09-03
509,Paola Ríos,paola.ríos509@correo.pe,Trujillo,2024-07-26
510,Julio Rojas,julio.rojas510@correo.pe,Cusco,2024-08-24
511,Elena Paredes,elena.paredes511@correo.pe,Puno,2025-09-15
512,Marco Ríos,marco.ríos512@correo.pe,Cusco,2024-10-02
513,Paola Aguilar,paola.aguilar513@correo.pe,Huancayo,2025-02-05
514,Carmen Ríos,carmen.ríos514@correo.pe,Piura,2025-09-02
515,Elena Flores,elena.flores515@correo.pe,Cusco,2024-08-26
516,Marco Ponce,marco.ponce516@correo.pe,Lima,2025-02-14
517,Julio Flores,julio.flores517@correo.pe,Puno,2026-01-15
518,Marco Cárdenas,marco.cárdenas518@correo.pe,Huancayo,2025-10-15
519,Nadia Chávez,nadia.chávez519@correo.pe,Tacna,2024-11-11
520,Diego Flores,diego.flores520@correo.pe,Cusco,2025-10-23
521,Andrés Chávez,andrés.chávez521@correo.pe,Cusco,2024-03-27
522,Jorge Castillo,jorge.castillo522@correo.pe,Huancayo,2025-11-06
523,Rosa Castillo,rosa.castillo523@correo.pe,Trujillo,2024-05-27
524,Valeria Ríos,valeria.ríos524@correo.pe,Piura,2025-08-25
525,Pablo Mendoza,pablo.mendoza525@correo.pe,Arequipa,2024-02-05
526,Jorge Ponce,jorge.ponce526@correo.pe,Arequipa,2025-07-06
527,Ana Aguilar,ana.aguilar527@correo.pe,Arequipa,2024-06-02
528,Jorge Mendoza,jorge.mendoza528@correo.pe,Iquitos,2024-02-11
529,Paola Espinoza,paola.espinoza529@correo.pe,Arequipa,2024-04-27
530,Sara Paredes,sara.paredes530@correo.pe,Trujillo,2024-11-07
531,Ana Cárdenas,ana.cárdenas531@correo.pe,Piura,2025-03-04
532,Renzo Salazar,renzo.salazar532@correo.pe,Lima,2024-09-06
533,Carmen Flores,carmen.flores533@correo.pe,Chiclayo,2024-08-16
534,Andrés Cárdenas,andrés.cárdenas534@correo.pe,Huancayo,2025-11-08
535,Camila Quispe,camila.quispe535@correo.pe,Iquitos,2025-01-18
536,Nadia Salazar,nadia.salazar536@correo.pe,Puno,2025-12-14
537,Diego Mendoza,diego.mendoza537@correo.pe,Puno,2024-11-11
538,Andrés Ríos,andrés.ríos538@correo.pe,Chiclayo,2024-07-30
539,Jorge Vargas,jorge.vargas539@correo.pe,Piura,2024-11-02
540,Luis Ríos,luis.ríos540@correo.pe,Iquitos,2024-11-02
541,Óscar Aguilar,óscar.aguilar541@correo.pe,Huancayo,2024-03-19
542,Valeria Cárdenas,valeria.cárdenas542@correo.pe,Iquitos,2024-02-09
543,Rosa Ríos,rosa.ríos543@correo.pe,Iquitos,2025-06-18
544,Ana Huamán,ana.huamán544@correo.pe,Cusco,2025-04-20
545,Pablo Ponce,pablo.ponce545@correo.pe,Lima,2024-07-11
546,Iván Huamán,iván.huamán546@correo.pe,Puno,2025-11-29
547,Marco Paredes,marco.paredes547@correo.pe,Piura,2025-04-04
548,Diego Quispe,diego.quispe548@correo.pe,Puno,2024-04-14
549,Diego Vargas,diego.vargas549@correo.pe,Lima,2025-07-12
550,Óscar Flores,óscar.flores550@correo.pe,Chiclayo,2024-07-27
551,Sara Vargas,sara.vargas551@correo.pe,Puno,2024-09-29
552,Elena Huamán,elena.huamán552@correo.pe,Lima,2024-01-28
553,Iván Salazar,iván.salazar553@correo.pe,Huancayo,2024-01-31
554,Elena Rojas,elena.rojas554@correo.pe,Lima,2024-01-26
555,Nadia Quispe,nadia.quispe555@correo.pe,Cusco,2026-02-19
556,Ana Ríos,ana.ríos556@correo.pe,Tacna,2025-11-12
557,Valeria Cárdenas,valeria.cárdenas557@correo.pe,Chiclayo,2024-06-16
558,Óscar Espinoza,óscar.espinoza558@correo.pe,Huancayo,2025-01-12
559,Valeria Vargas,valeria.vargas559@correo.pe,Lima,2026-01-30
560,Julio Mendoza,julio.mendoza560@correo.pe,Cusco,2026-02-20
561,Diego Quispe,diego.quispe561@correo.pe,Chiclayo,2025-07-13
562,Pablo Ramos,pablo.ramos562@correo.pe,Tacna,2024-05-19
563,Jorge Castillo,jorge.castillo563@correo.pe,Lima,2024-11-04
564,Jorge Castillo,jorge.castillo564@correo.pe,Lima,2025-01-01
565,Valeria Mendoza,valeria.mendoza565@correo.pe,Puno,2024-10-24
566,Andrés Huamán,andrés.huamán566@correo.pe,Puno,2025-03-11
567,Julio Ríos,julio.ríos567@correo.pe,Puno,2024-04-03
568,Iván Cárdenas,iván.cárdenas568@correo.pe,Piura,2025-06-25
569,Nadia Aguilar,nadia.aguilar569@correo.pe,Arequipa,2025-10-28
570,Paola Flores,paola.flores570@correo.pe,Trujillo,2024-10-14
571,Andrés Ramos,andrés.ramos571@correo.pe,Cusco,2024-03-01
572,Ana Ramos,ana.ramos572@correo.pe,Tacna,2025-03-21
573,Diego Castillo,diego.castillo573@correo.pe,Tacna,2024-08-09
574,Sara Ponce,sara.ponce574@correo.pe,Puno,2024-02-23
575,Sara Espinoza,sara.espinoza575@correo.pe,Arequipa,2024-09-15
576,Camila Cárdenas,camila.cárdenas576@correo.pe,Huancayo,2024-01-16
577,Iván Castillo,iván.castillo577@correo.pe,Trujillo,2025-10-31
578,Ana Salazar,ana.salazar578@correo.pe,Lima,2024-01-03
579,Nadia Ríos,nadia.ríos579@correo.pe,Cusco,2026-01-12
580,Iván Mendoza,iván.mendoza580@correo.pe,Tacna,2025-11-02
581,Camila Quispe,camila.quispe581@correo.pe,Arequipa,2026-01-18
582,Óscar Flores,óscar.flores582@correo.pe,Cusco,2026-02-27
583,Luis Ríos,luis.ríos583@correo.pe,Cusco,2024-12-07
584,Rosa Flores,rosa.flores584@correo.pe,Arequipa,2024-06-14
585,Renzo Salazar,renzo.salazar585@correo.pe,Lima,2025-06-28
586,Lucía Mendoza,lucía.mendoza586@correo.pe,Iquitos,2026-01-20
587,Óscar Ríos,óscar.ríos587@correo.pe,Arequipa,2025-03-27
588,Jorge Paredes,jorge.paredes588@correo.pe,Cusco,2025-01-04
589,Pablo Ríos,pablo.ríos589@correo.pe,Piura,2024-02-05
590,Julio Ríos,julio.ríos590@correo.pe,Arequipa,2024-01-23
591,Julio Ríos,julio.ríos591@correo.pe,Puno,2024-04-04
592,Carmen Huamán,carmen.huamán592@correo.pe,Trujillo,2025-07-23
593,Julio Chávez,julio.chávez593@correo.pe,Puno,2024-06-19
594,Valeria Mendoza,valeria.mendoza594@correo.pe,Iquitos,2025-02-05
595,Andrés Quispe,andrés.quispe595@correo.pe,Iquitos,2024-01-13
596,Camila Cárdenas,camila.cárdenas596@correo.pe,Chiclayo,2024-09-15
597,Óscar Rojas,óscar.rojas597@correo.pe,Puno,2025-12-20
598,Paola Ríos,paola.ríos598@correo.pe,Cusco,2025-11-07
599,Pablo Rojas,pablo.rojas599@correo.pe,Chiclayo,2024-09-12
600,Elena Castillo,elena.castillo600@correo.pe,Lima,2026-02-27
601,Pablo Paredes,pablo.paredes601@correo.pe,Huancayo,2024-04-09
602,Pablo Huamán,pablo.huamán602@correo.pe,Trujillo,2024-03-28
603,Marco Chávez,marco.chávez603@correo.pe,Trujillo,2025-01-19
604,Valeria Ríos,valeria.ríos604@correo.pe,Iquitos,2025-12-11
605,Ana Paredes,ana.paredes605@correo.pe,Chiclayo,2024-11-28
606,Pablo Castillo,pablo.castillo606@correo.pe,Huancayo,2025-06-26
607,Óscar Rojas,óscar.rojas607@correo.pe,Arequipa,2024-06-06
608,Pablo Cárdenas,pablo.cárdenas608@correo.pe,Trujillo,2025-08-21
609,Sara Huamán,sara.huamán609@correo.pe,Arequipa,2024-03-10
610,Diego Salazar,diego.salazar610@correo.pe,Trujillo,2025-03-12
611,Jorge Salazar,jorge.salazar611@correo.pe,Chiclayo,2025-09-25
612,Renzo Castillo,renzo.castillo612@correo.pe,Cusco,2025-08-22
613,Elena Huamán,elena.huamán613@correo.pe,Piura,2024-08-24
614,Jorge Flores,jorge.flores614@correo.pe,Trujillo,2024-08-30
615,Valeria Paredes,valeria.paredes615@correo.pe,Lima,2024-02-24
616,Rosa Aguilar,rosa.aguilar616@correo.pe,Tacna,2024-04-15
617,Marco Quispe,marco.quispe617@correo.pe,Puno,2025-09-29
618,Elena Vargas,elena.vargas618@correo.pe,Cusco,2025-05-05
619,Camila Chávez,camila.chávez619@correo.pe,Tacna,2024-07-12
620,Rosa Cárdenas,rosa.cárdenas620@correo.pe,Lima,2025-07-12
621,Diego Paredes,diego.paredes621@correo.pe,Tacna,2026-01-06
622,Iván Huamán,iván.huamán622@correo.pe,Piura,2025-05-19
623,Luis Flores,luis.flores623@correo.pe,Trujillo,2024-09-05
624,Pablo Paredes,pablo.paredes624@correo.pe,Puno,2025-03-27
625,Iván Castillo,iván.castillo625@correo.pe,Lima,2025-10-20
626,Luis Ríos,luis.ríos626@correo.pe,Huancayo,2025-06-02
627,Andrés Paredes,andrés.paredes627@correo.pe,Trujillo,2024-09-01
628,Camila Huamán,camila.huamán628@correo.pe,Piura,2025-06-13
629,Iván Castillo,iván.castillo629@correo.pe,Chiclayo,2024-05-02
630,Marco Ramos,marco.ramos630@correo.pe,Huancayo,2024-07-11
631,Rosa Chávez,rosa.chávez631@correo.pe,Lima,2024-04-23
632,Iván Ríos,iván.ríos632@correo.pe,Iquitos,2025-03-04
633,Lucía Flores,lucía.flores633@correo.pe,Trujillo,2025-06-16
634,Marco Ramos,marco.ramos634@correo.pe,Piura,2025-07-01
635,Valeria Aguilar,valeria.aguilar635@correo.pe,Tacna,2025-01-05
636,Rosa Rojas,rosa.rojas636@correo.pe,Piura,2025-06-29
637,Ana Ríos,ana.ríos637@correo.pe,Piura,2025-10-15
638,Lucía Flores,lucía.flores638@correo.pe,Arequipa,2024-02-09
639,Marco Mendoza,marco.mendoza639@correo.pe,Trujillo,2026-02-07
640,Diego Huamán,diego.huamán640@correo.pe,Lima,2024-10-30
641,Iván Vargas,iván.vargas641@correo.pe,Iquitos,2024-10-29
642,Renzo Chávez,renzo.chávez642@correo.pe,Huancayo,2025-01-15
643,Rosa Quispe,rosa.quispe643@correo.pe,Cusco,2024-09-07
644,Camila Flores,camila.flores644@correo.pe,Chiclayo,2025-09-07
645,Camila Ramos,camila.ramos645@correo.pe,Piura,2026-02-06
646,Julio Rojas,julio.rojas646@correo.pe,Tacna,2024-11-13
647,Rosa Quispe,rosa.quispe647@correo.pe,Cusco,2024-01-14
648,Valeria Chávez,valeria.chávez648@correo.pe,Cusco,2024-07-26
649,Andrés Ponce,andrés.ponce649@correo.pe,Piura,2025-02-05
650,Pablo Ríos,pablo.ríos650@correo.pe,Chiclayo,2024-12-12
651,Renzo Quispe,renzo.quispe651@correo.pe,Iquitos,2024-10-19
652,Jorge Chávez,jorge.chávez652@correo.pe,Puno,2025-10-02
653,Ana Vargas,ana.vargas653@correo.pe,Cusco,2025-05-09
654,Pablo Mendoza,pablo.mendoza654@correo.pe,Chiclayo,2024-08-28
655,Julio Espinoza,julio.espinoza655@correo.pe,Puno,2025-04-21
656,Óscar Ramos,óscar.ramos656@correo.pe,Arequipa,2025-04-15
657,Diego Cárdenas,diego.cárdenas657@correo.pe,Piura,2024-04-08
658,Marco Flores,marco.flores658@correo.pe,Arequipa,2024-02-28
659,Julio Ponce,julio.ponce659@correo.pe,Piura,2025-02-17
660,Sara Aguilar,sara.aguilar660@correo.pe,Trujillo,2024-04-23
661,Nadia Castillo,nadia.castillo661@correo.pe,Trujillo,2025-04-19
662,Paola Mendoza,paola.mendoza662@correo.pe,Huancayo,2025-02-15
663,Ana Chávez,ana.chávez663@correo.pe,Piura,2024-02-09
664,Rosa Rojas,rosa.rojas664@correo.pe,Iquitos,2025-05-13
665,Iván Ríos,iván.ríos665@correo.pe,Tacna,2024-03-19
666,Diego Ponce,diego.ponce666@correo.pe,Chiclayo,2026-01-14
667,Óscar Salazar,óscar.salazar667@correo.pe,Lima,2025-03-31
668,Luis Castillo,luis.castillo668@correo.pe,Lima,2024-04-18
669,Pablo Salazar,pablo.salazar669@correo.pe,Puno,2024-09-20
670,Lucía Salazar,lucía.salazar670@correo.pe,Trujillo,2026-01-28
671,Marco Ramos,marco.ramos671@correo.pe,Lima,2025-03-19
672,Iván Cárdenas,iván.cárdenas672@correo.pe,Tacna,2026-03-01
673,Pablo Huamán,pablo.huamán673@correo.pe,Piura,2025-06-09
674,Iván Castillo,iván.castillo674@correo.pe,Trujillo,2024-11-14
675,Ana Vargas,ana.vargas675@correo.pe,Arequipa,2024-08-30
676,Rosa Castillo,rosa.castillo676@correo.pe,Tacna,2025-08-11
677,Diego Salazar,diego.salazar677@correo.pe,Tacna,2025-08-29
678,Jorge Quispe,jorge.quispe678@correo.pe,Arequipa,2024-09-03
679,Lucía Vargas,lucía.vargas679@correo.pe,Piura,2024-10-20
680,Camila Salazar,camila.salazar680@correo.pe,Lima,2025-08-31
681,Lucía Ríos,lucía.ríos681@correo.pe,Iquitos,2025-02-24
682,Lucía Ponce,lucía.ponce682@correo.pe,Huancayo,2024-04-05
683,Rosa Rojas,rosa.rojas683@correo.pe,Puno,2024-07-26
684,Valeria Ponce,valeria.ponce684@correo.pe,Puno,2024-08-08
685,Julio Rojas,julio.rojas685@correo.pe,Piura,2024-03-04
686,Lucía Quispe,lucía.quispe686@correo.pe,Tacna,2025-08-29
687,Valeria Ríos,valeria.ríos687@correo.pe,Huancayo,2025-07-20
688,Camila Chávez,camila.chávez688@correo.pe,Cusco,2024-11-21
689,Camila Vargas,camila.vargas689@correo.pe,Huancayo,2024-11-01
690,Julio Paredes,julio.paredes690@correo.pe,Puno,2025-07-10
691,Rosa Castillo,rosa.castillo691@correo.pe,Cusco,2024-07-24
692,Ana Ponce,ana.ponce692@correo.pe,Arequipa,2025-12-26
693,Nadia Castillo,nadia.castillo693@correo.pe,Cusco,2024-06-21
694,Elena Salazar,elena.salazar694@correo.pe,Tacna,2024-09-03
695,Julio Quispe,julio.quispe695@correo.pe,Arequipa,2025-06-27
696,Ana Ramos,ana.ramos696@correo.pe,Iquitos,2024-06-17
697,Julio Castillo,julio.castillo697@correo.pe,Trujillo,2024-07-28
698,Diego Vargas,diego.vargas698@correo.pe,Arequipa,2024-05-29
699,Diego Castillo,diego.castillo699@correo.pe,Lima,2025-07-25
700,Pablo Salazar,pablo.salazar700@correo.pe,Lima,2025-01-27
701,Óscar Espinoza,óscar.espinoza701@correo.pe,Chiclayo,2024-02-05
702,Nadia Aguilar,nadia.aguilar702@correo.pe,Huancayo,2024-08-10
703,Lucía Ramos,lucía.ramos703@correo.pe,Trujillo,2025-09-22
704,Valeria Ponce,valeria.ponce704@correo.pe,Tacna,2025-06-19
705,Valeria Salazar,valeria.salazar705@correo.pe,Huancayo,2024-06-25
706,Iván Castillo,iván.castillo706@correo.pe,Huancayo,2024-10-16
707,Paola Rojas,paola.rojas707@correo.pe,Trujillo,2025-02-15
708,Marco Ponce,marco.ponce708@correo.pe,Tacna,2024-09-21
709,Rosa Espinoza,rosa.espinoza709@correo.pe,Lima,2024-02-02
710,Luis Huamán,luis.huamán710@correo.pe,Cusco,2025-08-17
711,Camila Ríos,camila.ríos711@correo.pe,Chiclayo,2024-11-04
712,Óscar Mendoza,óscar.mendoza712@correo.pe,Lima,2025-03-18
713,Pablo Paredes,pablo.paredes713@correo.pe,Puno,2024-07-15
714,Paola Espinoza,paola.espinoza714@correo.pe,Piura,2025-07-09
715,Jorge Aguilar,jorge.aguilar715@correo.pe,Tacna,2025-02-23
716,Elena Chávez,elena.chávez716@correo.pe,Huancayo,2024-12-17
717,Camila Espinoza,camila.espinoza717@correo.pe,Huancayo,2024-11-09
718,Renzo Ríos,renzo.ríos718@correo.pe,Tacna,2025-07-24
719,Luis Castillo,luis.castillo719@correo.pe,Tacna,2024-10-06
720,Andrés Aguilar,andrés.aguilar720@correo.pe,Huancayo,2026-03-08
721,Valeria Flores,valeria.flores721@correo.pe,Chiclayo,2025-05-31
722,Camila Cárdenas,camila.cárdenas722@correo.pe,Tacna,2025-09-13
723,Marco Ramos,marco.ramos723@correo.pe,Chiclayo,2024-08-29
724,Paola Vargas,paola.vargas724@correo.pe,Arequipa,2025-08-14
725,Pablo Aguilar,pablo.aguilar725@correo.pe,Lima,2026-02-04
726,Paola Espinoza,paola.espinoza726@correo.pe,Tacna,2024-11-04
727,Paola Ríos,paola.ríos727@correo.pe,Huancayo,2024-10-07
728,Iván Mendoza,iván.mendoza728@correo.pe,Piura,2026-03-03
729,Paola Huamán,paola.huamán729@correo.pe,Piura,2025-03-08
730,Jorge Espinoza,jorge.espinoza730@correo.pe,Puno,2025-08-16
731,Jorge Ponce,jorge.ponce731@correo.pe,Chiclayo,2024-09-26
732,Pablo Salazar,pablo.salazar732@correo.pe,Chiclayo,2024-11-28
733,Andrés Cárdenas,andrés.cárdenas733@correo.pe,Tacna,2024-09-19
734,Diego Ponce,diego.ponce734@correo.pe,Trujillo,2024-01-31
735,Andrés Mendoza,andrés.mendoza735@correo.pe,Puno,2025-04-22
736,Sara Vargas,sara.vargas736@correo.pe,Arequipa,2025-06-06
737,Ana Paredes,ana.paredes737@correo.pe,Trujillo,2025-08-04
738,Iván Vargas,iván.vargas738@correo.pe,Lima,2025-01-28
739,Jorge Quispe,jorge.quispe739@correo.pe,Cusco,2025-11-08
740,Lucía Flores,lucía.flores740@correo.pe,Puno,2025-06-25
741,Diego Flores,diego.flores741@correo.pe,Piura,2024-10-21
742,Marco Huamán,marco.huamán742@correo.pe,Chiclayo,2025-01-14
743,Pablo Castillo,pablo.castillo743@correo.pe,Trujillo,2024-05-11
744,Carmen Vargas,carmen.vargas744@correo.pe,Chiclayo,2024-09-25
745,Elena Ponce,elena.ponce745@correo.pe,Puno,2025-05-14
746,Nadia Quispe,nadia.quispe746@correo.pe,Arequipa,2024-03-27
747,Iván Ponce,iván.ponce747@correo.pe,Arequipa,2026-01-20
748,Óscar Cárdenas,óscar.cárdenas748@correo.pe,Chiclayo,2025-06-09
749,Pablo Huamán,pablo.huamán749@correo.pe,Tacna,2025-02-23
750,Jorge Chávez,jorge.chávez750@correo.pe,Puno,2025-11-20
751,Elena Quispe,elena.quispe751@correo.pe,Iquitos,2025-05-16
752,Óscar Mendoza,óscar.mendoza752@correo.pe,Tacna,2024-06-28
753,Camila Ríos,camila.ríos753@correo.pe,Piura,2024-07-09
754,Valeria Chávez,valeria.chávez754@correo.pe,Cusco,2024-08-16
755,Valeria Rojas,valeria.rojas755@correo.pe,Tacna,2025-05-29
756,Rosa Ramos,rosa.ramos756@correo.pe,Tacna,2025-12-10
757,Carmen Ríos,carmen.ríos757@correo.pe,Tacna,2025-12-30
758,Lucía Ríos,lucía.ríos758@correo.pe,Piura,2024-03-22
759,Rosa Espinoza,rosa.espinoza759@correo.pe,Lima,2025-12-25
760,Iván Mendoza,iván.mendoza760@correo.pe,Tacna,2024-03-10
761,Lucía Espinoza,lucía.espinoza761@correo.pe,Lima,2026-02-18
762,Carmen Aguilar,carmen.aguilar762@correo.pe,Arequipa,2026-02-04
763,Elena Mendoza,elena.mendoza763@correo.pe,Trujillo,2024-07-30
764,Carmen Espinoza,carmen.espinoza764@correo.pe,Tacna,2025-05-27
765,Rosa Castillo,rosa.castillo765@correo.pe,Arequipa,2025-08-24
766,Ana Ponce,ana.ponce766@correo.pe,Iquitos,2025-06-21
767,Marco Ríos,marco.ríos767@correo.pe,Puno,2025-08-23
768,Renzo Rojas,renzo.rojas768@correo.pe,Chiclayo,2025-12-27
769,Luis Cárdenas,luis.cárdenas769@correo.pe,Tacna,2024-08-19
770,Renzo Ríos,renzo.ríos770@correo.pe,Tacna,2025-03-16
771,Carmen Ponce,carmen.ponce771@correo.pe,Puno,2024-05-04
772,Camila Flores,camila.flores772@correo.pe,Puno,2024-02-03
773,Elena Huamán,elena.huamán773@correo.pe,Puno,2025-04-19
774,Pablo Quispe,pablo.quispe774@correo.pe,Tacna,2026-03-01
775,Óscar Salazar,óscar.salazar775@correo.pe,Chiclayo,2025-06-07
776,Paola Castillo,paola.castillo776@correo.pe,Iquitos,2024-04-18
777,Óscar Vargas,óscar.vargas777@correo.pe,Tacna,2024-04-19
778,Camila Salazar,camila.salazar778@correo.pe,Lima,2025-04-20
779,Carmen Chávez,carmen.chávez779@correo.pe,Arequipa,2025-10-11
780,Diego Paredes,diego.paredes780@correo.pe,Iquitos,2024-01-29
781,Rosa Cárdenas,rosa.cárdenas781@correo.pe,Tacna,2024-03-23
782,Andrés Aguilar,andrés.aguilar782@correo.pe,Trujillo,2025-03-14
783,Óscar Aguilar,óscar.aguilar783@correo.pe,Arequipa,2025-07-03
784,Sara Quispe,sara.quispe784@correo.pe,Puno,2025-06-12
785,Rosa Huamán,rosa.huamán785@correo.pe,Puno,2025-09-17
786,Nadia Cárdenas,nadia.cárdenas786@correo.pe,Tacna,2024-01-05
787,Lucía Cárdenas,lucía.cárdenas787@correo.pe,Piura,2024-10-14
788,Camila Aguilar,camila.aguilar788@correo.pe,Huancayo,2025-02-23
789,Renzo Espinoza,renzo.espinoza789@correo.pe,Arequipa,2025-02-18
790,Paola Huamán,paola.huamán790@correo.pe,Cusco,2024-08-02
791,Rosa Flores,rosa.flores791@correo.pe,Tacna,2026-02-20
792,Renzo Paredes,renzo.paredes792@correo.pe,Iquitos,2024-01-17
793,Ana Huamán,ana.huamán793@correo.pe,Chiclayo,2025-02-16
794,Marco Chávez,marco.chávez794@correo.pe,Chiclayo,2025-02-02
795,Camila Huamán,camila.huamán795@correo.pe,Puno,2026-01-03
796,Paola Castillo,paola.castillo796@correo.pe,Cusco,2024-07-01
797,Elena Cárdenas,elena.cárdenas797@correo.pe,Cusco,2025-02-14
798,Carmen Ríos,carmen.ríos798@correo.pe,Trujillo,2024-10-14
799,Iván Flores,iván.flores799@correo.pe,Iquitos,2025-02-08
800,Diego Huamán,diego.huamán800@correo.pe,Piura,2025-04-11
801,Lucía Aguilar,lucía.aguilar801@correo.pe,Trujillo,2024-12-24
802,Luis Cárdenas,luis.cárdenas802@correo.pe,Chiclayo,2024-11-24
803,Iván Salazar,iván.salazar803@correo.pe,Huancayo,2024-12-26
804,Valeria Aguilar,valeria.aguilar804@correo.pe,Lima,2025-09-21
805,Pablo Castillo,pablo.castillo805@correo.pe,Chiclayo,2024-12-13
806,Ana Rojas,ana.rojas806@correo.pe,Piura,2024-10-08
807,Jorge Flores,jorge.flores807@correo.pe,Iquitos,2025-02-20
808,Nadia Flores,nadia.flores808@correo.pe,Chiclayo,2026-02-19
809,Diego Ramos,diego.ramos809@correo.pe,Piura,2025-03-26
810,Pablo Cárdenas,pablo.cárdenas810@correo.pe,Trujillo,2025-11-14
811,Carmen Flores,carmen.flores811@correo.pe,Piura,2025-05-23
812,Lucía Flores,lucía.flores812@correo.pe,Cusco,2025-05-05
813,Pablo Huamán,pablo.huamán813@correo.pe,Trujillo,2024-12-09
814,Luis Salazar,luis.salazar814@correo.pe,Huancayo,2024-10-18
815,Camila Flores,camila.flores815@correo.pe,Iquitos,2024-03-14
816,Julio Ramos,julio.ramos816@correo.pe,Lima,2025-02-23
817,Camila Ponce,camila.ponce817@correo.pe,Tacna,2025-11-11
818,Diego Quispe,diego.quispe818@correo.pe,Iquitos,2025-08-02
819,Camila Cárdenas,camila.cárdenas819@correo.pe,Cusco,2025-08-28
820,Carmen Chávez,carmen.chávez820@correo.pe,Piura,2024-09-26
821,Diego Chávez,diego.chávez821@correo.pe,Tacna,2024-07-09
822,Sara Vargas,sara.vargas822@correo.pe,Puno,2024-12-14
823,Renzo Rojas,renzo.rojas823@correo.pe,Puno,2025-12-07
824,Luis Vargas,luis.vargas824@correo.pe,Puno,2025-10-09
825,Nadia Aguilar,nadia.aguilar825@correo.pe,Tacna,2024-04-03
826,Renzo Ríos,renzo.ríos826@correo.pe,Cusco,2025-06-16
827,Iván Paredes,iván.paredes827@correo.pe,Lima,2026-02-11
828,Camila Ríos,camila.ríos828@correo.pe,Piura,2024-11-06
829,Jorge Vargas,jorge.vargas829@correo.pe,Trujillo,2025-02-17
830,Iván Huamán,iván.huamán830@correo.pe,Huancayo,2025-11-13
831,Rosa Chávez,rosa.chávez831@correo.pe,Arequipa,2025-06-23
832,Marco Mendoza,marco.mendoza832@correo.pe,Lima,2025-03-20
833,Rosa Mendoza,rosa.mendoza833@correo.pe,Chiclayo,2026-02-23
834,Valeria Huamán,valeria.huamán834@correo.pe,Huancayo,2024-12-16
835,Rosa Mendoza,rosa.mendoza835@correo.pe,Cusco,2025-07-11
836,Julio Mendoza,julio.mendoza836@correo.pe,Puno,2024-02-23
837,Camila Aguilar,camila.aguilar837@correo.pe,Tacna,2024-09-27
838,Marco Mendoza,marco.mendoza838@correo.pe,Tacna,2024-08-21
839,Renzo Ponce,renzo.ponce839@correo.pe,Chiclayo,2025-02-27
840,Lucía Mendoza,lucía.mendoza840@correo.pe,Tacna,2025-08-23
841,Nadia Paredes,nadia.paredes841@correo.pe,Trujillo,2024-06-28
842,Paola Ponce,paola.ponce842@correo.pe,Trujillo,2024-12-31
843,Diego Chávez,diego.chávez843@correo.pe,Puno,2024-02-04
844,Rosa Quispe,rosa.quispe844@correo.pe,Cusco,2025-03-08
845,Valeria Ponce,valeria.ponce845@correo.pe,Tacna,2024-06-21
846,Pablo Paredes,pablo.paredes846@correo.pe,Huancayo,2024-02-09
847,Óscar Ríos,óscar.ríos847@correo.pe,Cusco,2024-02-04
848,Lucía Rojas,lucía.rojas848@correo.pe,Puno,2025-01-21
849,Carmen Salazar,carmen.salazar849@correo.pe,Lima,2024-07-03
850,Carmen Castillo,carmen.castillo850@correo.pe,Lima,2024-07-15
851,Julio Ríos,julio.ríos851@correo.pe,Huancayo,2024-03-06
852,Rosa Cárdenas,rosa.cárdenas852@correo.pe,Chiclayo,2025-09-30
853,Pablo Ramos,pablo.ramos853@correo.pe,Iquitos,2024-03-07
854,Jorge Ríos,jorge.ríos854@correo.pe,Puno,2026-01-30
855,Ana Salazar,ana.salazar855@correo.pe,Chiclayo,2025-09-24
856,Andrés Salazar,andrés.salazar856@correo.pe,Tacna,2024-05-04
857,Camila Ramos,camila.ramos857@correo.pe,Cusco,2025-08-16
858,Pablo Ponce,pablo.ponce858@correo.pe,Piura,2024-03-24
859,Jorge Flores,jorge.flores859@correo.pe,Lima,2025-11-24
860,Nadia Flores,nadia.flores860@correo.pe,Tacna,2024-11-12
861,Carmen Huamán,carmen.huamán861@correo.pe,Tacna,2024-06-21
862,Carmen Huamán,carmen.huamán862@correo.pe,Huancayo,2024-08-28
863,Iván Chávez,iván.chávez863@correo.pe,Trujillo,2024-05-17
864,Diego Salazar,diego.salazar864@correo.pe,Cusco,2025-05-08
865,Paola Flores,paola.flores865@correo.pe,Chiclayo,2024-09-03
866,Marco Rojas,marco.rojas866@correo.pe,Tacna,2025-10-05
867,Jorge Paredes,jorge.paredes867@correo.pe,Chiclayo,2025-11-16
868,Valeria Cárdenas,valeria.cárdenas868@correo.pe,Arequipa,2024-04-06
869,Carmen Castillo,carmen.castillo869@correo.pe,Arequipa,2024-04-05
870,Paola Espinoza,paola.espinoza870@correo.pe,Puno,2025-09-27
871,Paola Quispe,paola.quispe871@correo.pe,Tacna,2025-03-04
872,Luis Chávez,luis.chávez872@correo.pe,Lima,2024-09-01
873,Marco Paredes,marco.paredes873@correo.pe,Puno,2024-01-14
874,Elena Aguilar,elena.aguilar874@correo.pe,Iquitos,2024-03-05
875,Paola Ponce,paola.ponce875@correo.pe,Puno,2025-05-01
876,Sara Cárdenas,sara.cárdenas876@correo.pe,Cusco,2025-09-20
877,Iván Chávez,iván.chávez877@correo.pe,Cusco,2024-05-03
878,Luis Ponce,luis.ponce878@correo.pe,Arequipa,2024-10-15
879,Pablo Ramos,pablo.ramos879@correo.pe,Chiclayo,2025-08-21
880,Elena Espinoza,elena.espinoza880@correo.pe,Iquitos,2024-02-02
881,Carmen Huamán,carmen.huamán881@correo.pe,Puno,2025-11-04
882,Paola Castillo,paola.castillo882@correo.pe,Huancayo,2024-07-28
883,Paola Vargas,paola.vargas883@correo.pe,Lima,2024-12-27
884,Renzo Chávez,renzo.chávez884@correo.pe,Trujillo,2024-09-20
885,Óscar Espinoza,óscar.espinoza885@correo.pe,Piura,2024-01-22
886,Marco Mendoza,marco.mendoza886@correo.pe,Puno,2024-05-20
887,Jorge Paredes,jorge.paredes887@correo.pe,Arequipa,2024-07-09
888,Nadia Rojas,nadia.rojas888@correo.pe,Chiclayo,2024-02-05
889,Sara Cárdenas,sara.cárdenas889@correo.pe,Tacna,2024-11-13
890,Camila Paredes,camila.paredes890@correo.pe,Arequipa,2025-11-14
891,Sara Flores,sara.flores891@correo.pe,Huancayo,2025-01-17
892,Nadia Vargas,nadia.vargas892@correo.pe,Iquitos,2025-09-13
893,Óscar Mendoza,óscar.mendoza893@correo.pe,Lima,2024-09-24
894,Marco Ramos,marco.ramos894@correo.pe,Arequipa,2025-06-19
895,Diego Ponce,diego.ponce895@correo.pe,Lima,2024-01-16
896,Julio Rojas,julio.rojas896@correo.pe,Piura,2024-12-25
897,Sara Rojas,sara.rojas897@correo.pe,Huancayo,2024-06-21
898,Valeria Huamán,valeria.huamán898@correo.pe,Lima,2025-05-01
899,Sara Flores,sara.flores899@correo.pe,Piura,2025-02-18
900,Lucía Huamán,lucía.huamán900@correo.pe,Lima,2024-07-27
901,Elena Flores,elena.flores901@correo.pe,Cusco,2025-04-17
902,Camila Flores,camila.flores902@correo.pe,Cusco,2024-10-25
903,Julio Quispe,julio.quispe903@correo.pe,Iquitos,2024-07-16
904,Rosa Ramos,rosa.ramos904@correo.pe,Huancayo,2025-12-17
905,Renzo Espinoza,renzo.espinoza905@correo.pe,Tacna,2025-04-28
906,Renzo Salazar,renzo.salazar906@correo.pe,Chiclayo,2024-08-15
907,Nadia Ponce,nadia.ponce907@correo.pe,Iquitos,2025-10-04
908,Diego Ríos,diego.ríos908@correo.pe,Cusco,2025-05-26
909,Nadia Salazar,nadia.salazar909@correo.pe,Cusco,2024-11-06
910,Óscar Huamán,óscar.huamán910@correo.pe,Cusco,2025-03-16
911,Andrés Flores,andrés.flores911@correo.pe,Chiclayo,2025-11-14
912,Paola Mendoza,paola.mendoza912@correo.pe,Iquitos,2025-05-02
913,Camila Castillo,camila.castillo913@correo.pe,Cusco,2026-01-26
914,Julio Rojas,julio.rojas914@correo.pe,Trujillo,2025-09-11
915,Luis Ponce,luis.ponce915@correo.pe,Puno,2026-02-17
916,Luis Flores,luis.flores916@correo.pe,Huancayo,2025-10-02
917,Ana Flores,ana.flores917@correo.pe,Puno,2024-12-03
918,Diego Ríos,diego.ríos918@correo.pe,Arequipa,2024-11-18
919,Óscar Espinoza,óscar.espinoza919@correo.pe,Tacna,2024-10-13
920,Ana Flores,ana.flores920@correo.pe,Lima,2025-04-01
921,Valeria Huamán,valeria.huamán921@correo.pe,Puno,2024-06-12
922,Ana Aguilar,ana.aguilar922@correo.pe,Chiclayo,2025-03-27
923,Renzo Huamán,renzo.huamán923@correo.pe,Arequipa,2024-03-21
924,Elena Huamán,elena.huamán924@correo.pe,Huancayo,2024-11-08
925,Carmen Chávez,carmen.chávez925@correo.pe,Iquitos,2025-08-22
926,Diego Aguilar,diego.aguilar926@correo.pe,Lima,2024-02-16
927,Nadia Flores,nadia.flores927@correo.pe,Puno,2024-11-05
928,Pablo Ponce,pablo.ponce928@correo.pe,Piura,2024-08-30
929,Andrés Ramos,andrés.ramos929@correo.pe,Chiclayo,2025-10-31
930,Marco Espinoza,marco.espinoza930@correo.pe,Chiclayo,2025-09-03
931,Nadia Aguilar,nadia.aguilar931@correo.pe,Tacna,2025-03-04
932,Rosa Ríos,rosa.ríos932@correo.pe,Puno,2025-01-12
933,Diego Cárdenas,diego.cárdenas933@correo.pe,Trujillo,2024-12-03
934,Iván Castillo,iván.castillo934@correo.pe,Puno,2025-03-05
935,Elena Salazar,elena.salazar935@correo.pe,Piura,2024-11-02
936,Julio Espinoza,julio.espinoza936@correo.pe,Iquitos,2025-08-30
937,Iván Rojas,iván.rojas937@correo.pe,Cusco,2024-07-28
938,Andrés Flores,andrés.flores938@correo.pe,Huancayo,2024-09-28
939,Óscar Castillo,óscar.castillo939@correo.pe,Chiclayo,2024-04-06
940,Andrés Ramos,andrés.ramos940@correo.pe,Cusco,2024-03-01
941,Elena Espinoza,elena.espinoza941@correo.pe,Iquitos,2026-01-10
942,Óscar Mendoza,óscar.mendoza942@correo.pe,Tacna,2024-11-08
943,Ana Castillo,ana.castillo943@correo.pe,Trujillo,2025-06-15
944,Lucía Espinoza,lucía.espinoza944@correo.pe,Puno,2024-12-01
945,Diego Ponce,diego.ponce945@correo.pe,Iquitos,2026-01-10
946,Valeria Vargas,valeria.vargas946@correo.pe,Puno,2025-05-19
947,Camila Ponce,camila.ponce947@correo.pe,Arequipa,2025-03-22
948,Luis Chávez,luis.chávez948@correo.pe,Iquitos,2025-08-17
949,Renzo Vargas,renzo.vargas949@correo.pe,Chiclayo,2024-06-14
950,Rosa Salazar,rosa.salazar950@correo.pe,Trujillo,2025-02-12
951,Andrés Huamán,andrés.huamán951@correo.pe,Huancayo,2025-07-04
952,Andrés Ramos,andrés.ramos952@correo.pe,Piura,2024-01-27
953,Sara Aguilar,sara.aguilar953@correo.pe,Piura,2026-01-11
954,Marco Ponce,marco.ponce954@correo.pe,Lima,2026-01-04
955,Ana Cárdenas,ana.cárdenas955@correo.pe,Trujillo,2025-04-13
956,Rosa Rojas,rosa.rojas956@correo.pe,Piura,2025-11-15
957,Paola Mendoza,paola.mendoza957@correo.pe,Lima,2024-04-07
958,Diego Mendoza,diego.mendoza958@correo.pe,Cusco,2025-09-30
959,Ana Ríos,ana.ríos959@correo.pe,Puno,2025-07-13
960,Jorge Rojas,jorge.rojas960@correo.pe,Piura,2024-06-20
961,Nadia Paredes,nadia.paredes961@correo.pe,Iquitos,2024-05-30
962,Óscar Ríos,óscar.ríos962@correo.pe,Chiclayo,2024-11-15
963,Sara Rojas,sara.rojas963@correo.pe,Iquitos,2024-05-06
964,Ana Espinoza,ana.espinoza964@correo.pe,Huancayo,2025-06-28
965,Pablo Huamán,pablo.huamán965@correo.pe,Lima,2025-03-21
966,Sara Espinoza,sara.espinoza966@correo.pe,Chiclayo,2026-02-10
967,Sara Ríos,sara.ríos967@correo.pe,Puno,2024-01-02
968,Ana Quispe,ana.quispe968@correo.pe,Arequipa,2025-05-16
969,Elena Huamán,elena.huamán969@correo.pe,Trujillo,2024-06-22
970,Óscar Cárdenas,óscar.cárdenas970@correo.pe,Cusco,2025-01-10
971,Ana Mendoza,ana.mendoza971@correo.pe,Piura,2024-05-31
972,Marco Cárdenas,marco.cárdenas972@correo.pe,Arequipa,2024-11-18
973,Carmen Quispe,carmen.quispe973@correo.pe,Huancayo,2025-05-25
974,Carmen Chávez,carmen.chávez974@correo.pe,Piura,2025-10-05
975,Renzo Paredes,renzo.paredes975@correo.pe,Puno,2024-05-07
976,Ana Paredes,ana.paredes976@correo.pe,Lima,2025-08-22
977,Camila Cárdenas,camila.cárdenas977@correo.pe,Tacna,2025-05-28
978,Lucía Salazar,lucía.salazar978@correo.pe,Cusco,2026-03-05
979,Valeria Salazar,valeria.salazar979@correo.pe,Huancayo,2024-12-25
980,Nadia Chávez,nadia.chávez980@correo.pe,Piura,2024-02-29
981,Paola Paredes,paola.paredes981@correo.pe,Puno,2024-03-16
982,Lucía Cárdenas,lucía.cárdenas982@correo.pe,Huancayo,2025-08-04
983,Iván Quispe,iván.quispe983@correo.pe,Tacna,2026-02-15
984,Lucía Castillo,lucía.castillo984@correo.pe,Piura,2024-05-28
985,Óscar Mendoza,óscar.mendoza985@correo.pe,Cusco,2025-12-21
986,Elena Paredes,elena.paredes986@correo.pe,Lima,2024-10-19
987,Óscar Castillo,óscar.castillo987@correo.pe,Chiclayo,2025-08-07
988,Iván Paredes,iván.paredes988@correo.pe,Cusco,2024-11-13
989,Julio Ponce,julio.ponce989@correo.pe,Cusco,2024-10-08
990,Diego Aguilar,diego.aguilar990@correo.pe,Tacna,2024-04-23
991,Elena Ríos,elena.ríos991@correo.pe,Iquitos,2024-06-18
992,Andrés Salazar,andrés.salazar992@correo.pe,Chiclayo,2024-08-09
993,Ana Aguilar,ana.aguilar993@correo.pe,Arequipa,2024-12-16
994,Julio Vargas,julio.vargas994@correo.pe,Puno,2026-03-09
995,Nadia Ríos,nadia.ríos995@correo.pe,Chiclayo,2024-04-30
996,Carmen Rojas,carmen.rojas996@correo.pe,Tacna,2025-08-09
997,Nadia Castillo,nadia.castillo997@correo.pe,Lima,2024-02-08
998,Elena Vargas,elena.vargas998@correo.pe,Lima,2025-11-23
999,Carmen Ramos,carmen.ramos999@correo.pe,Tacna,2025-09-19
1000,Jorge Cárdenas,jorge.cárdenas1000@correo.pe,Trujillo,2025-10-09
1001,Pablo Ramos,pablo.ramos1001@correo.pe,Lima,2025-10-11
1002,Diego Huamán,diego.huamán1002@correo.pe,Puno,2025-12-14
1003,Andrés Paredes,andrés.paredes1003@correo.pe,Cusco,2025-10-08
1004,Luis Ramos,luis.ramos1004@correo.pe,Trujillo,2025-11-26
1005,Diego Huamán,diego.huamán1005@correo.pe,Puno,2025-05-07
1006,Renzo Ríos,renzo.ríos1006@correo.pe,Lima,2025-01-20
1007,Óscar Huamán,óscar.huamán1007@correo.pe,Puno,2025-09-04
1008,Sara Mendoza,sara.mendoza1008@correo.pe,Iquitos,2026-03-05
1009,Jorge Cárdenas,jorge.cárdenas1009@correo.pe,Lima,2025-07-22
1010,Lucía Espinoza,lucía.espinoza1010@correo.pe,Piura,2024-07-09
1011,Lucía Huamán,lucía.huamán1011@correo.pe,Puno,2025-12-09
1012,Nadia Mendoza,nadia.mendoza1012@correo.pe,Piura,2024-02-06
1013,Pablo Vargas,pablo.vargas1013@correo.pe,Huancayo,2025-05-06
1014,Lucía Salazar,lucía.salazar1014@correo.pe,Iquitos,2025-08-24
1015,Andrés Salazar,andrés.salazar1015@correo.pe,Lima,2024-08-06
1016,Lucía Ramos,lucía.ramos1016@correo.pe,Piura,2024-07-06
1017,Rosa Ríos,rosa.ríos1017@correo.pe,Tacna,2025-07-11
1018,Diego Ríos,diego.ríos1018@correo.pe,Piura,2025-08-08
1019,Óscar Aguilar,óscar.aguilar1019@correo.pe,Puno,2025-08-10
1020,Ana Flores,ana.flores1020@correo.pe,Chiclayo,2025-11-20
1021,Elena Castillo,elena.castillo1021@correo.pe,Trujillo,2024-10-28
1022,Pablo Flores,pablo.flores1022@correo.pe,Lima,2024-07-13
1023,Carmen Cárdenas,carmen.cárdenas1023@correo.pe,Piura,2024-01-16
1024,Luis Chávez,luis.chávez1024@correo.pe,Piura,2024-05-01
1025,Sara Flores,sara.flores1025@correo.pe,Chiclayo,2025-07-15
1026,Sara Quispe,sara.quispe1026@correo.pe,Trujillo,2026-01-04
1027,Iván Aguilar,iván.aguilar1027@correo.pe,Chiclayo,2026-02-07
1028,Nadia Ríos,nadia.ríos1028@correo.pe,Huancayo,2026-01-13
1029,Lucía Quispe,lucía.quispe1029@correo.pe,Lima,2024-04-19
1030,Carmen Flores,carmen.flores1030@correo.pe,Trujillo,2024-06-04
1031,Jorge Ramos,jorge.ramos1031@correo.pe,Piura,2024-08-03
1032,Valeria Quispe,valeria.quispe1032@correo.pe,Huancayo,2024-03-21
1033,Elena Aguilar,elena.aguilar1033@correo.pe,Tacna,2025-08-22
1034,Julio Vargas,julio.vargas1034@correo.pe,Tacna,2024-03-04
1035,Nadia Quispe,nadia.quispe1035@correo.pe,Iquitos,2025-10-23
1036,Nadia Vargas,nadia.vargas1036@correo.pe,Chiclayo,2025-09-10
1037,Valeria Rojas,valeria.rojas1037@correo.pe,Lima,2024-11-10
1038,Marco Paredes,marco.paredes1038@correo.pe,Chiclayo,2024-04-30
1039,Jorge Espinoza,jorge.espinoza1039@correo.pe,Trujillo,2024-06-13
1040,Nadia Ramos,nadia.ramos1040@correo.pe,Chiclayo,2024-10-12
1041,Valeria Chávez,valeria.chávez1041@correo.pe,Chiclayo,2024-11-06
1042,Sara Salazar,sara.salazar1042@correo.pe,Trujillo,2025-11-29
1043,Diego Aguilar,diego.aguilar1043@correo.pe,Huancayo,2024-09-06
1044,Diego Castillo,diego.castillo1044@correo.pe,Piura,2025-03-31
1045,Marco Paredes,marco.paredes1045@correo.pe,Lima,2024-08-31
1046,Nadia Rojas,nadia.rojas1046@correo.pe,Iquitos,2024-05-29
1047,Iván Quispe,iván.quispe1047@correo.pe,Piura,2025-09-16
1048,Pablo Ponce,pablo.ponce1048@correo.pe,Cusco,2024-05-19
1049,Ana Ramos,ana.ramos1049@correo.pe,Trujillo,2025-05-19
1050,Iván Flores,iván.flores1050@correo.pe,Huancayo,2025-09-13
1051,Lucía Huamán,lucía.huamán1051@correo.pe,Iquitos,2025-02-25
1052,Carmen Vargas,carmen.vargas1052@correo.pe,Piura,2024-11-26
1053,Óscar Vargas,óscar.vargas1053@correo.pe,Trujillo,2024-07-11
1054,Andrés Flores,andrés.flores1054@correo.pe,Piura,2026-01-18
1055,Luis Vargas,luis.vargas1055@correo.pe,Iquitos,2025-11-13
1056,Valeria Rojas,valeria.rojas1056@correo.pe,Huancayo,2024-10-11
1057,Jorge Ríos,jorge.ríos1057@correo.pe,Iquitos,2025-03-04
1058,Camila Chávez,camila.chávez1058@correo.pe,Puno,2026-03-06
1059,Jorge Ramos,jorge.ramos1059@correo.pe,Arequipa,2024-01-04
1060,Diego Ponce,diego.ponce1060@correo.pe,Lima,2024-05-07
1061,Valeria Cárdenas,valeria.cárdenas1061@correo.pe,Cusco,2026-03-03
1062,Lucía Mendoza,lucía.mendoza1062@correo.pe,Piura,2024-03-19
1063,Jorge Ramos,jorge.ramos1063@correo.pe,Iquitos,2025-11-13
1064,Paola Huamán,paola.huamán1064@correo.pe,Piura,2024-03-01
1065,Ana Flores,ana.flores1065@correo.pe,Trujillo,2025-09-03
1066,Rosa Ríos,rosa.ríos1066@correo.pe,Chiclayo,2025-01-18
1067,Nadia Aguilar,nadia.aguilar1067@correo.pe,Puno,2024-02-04
1068,Diego Chávez,diego.chávez1068@correo.pe,Huancayo,2025-09-03
1069,Marco Espinoza,marco.espinoza1069@correo.pe,Chiclayo,2025-08-08
1070,Carmen Castillo,carmen.castillo1070@correo.pe,Arequipa,2024-08-29
1071,Rosa Huamán,rosa.huamán1071@correo.pe,Chiclayo,2024-05-22
1072,Renzo Castillo,renzo.castillo1072@correo.pe,Chiclayo,2024-02-05
1073,Ana Castillo,ana.castillo1073@correo.pe,Piura,2025-05-22
1074,Iván Ramos,iván.ramos1074@correo.pe,Iquitos,2025-02-25
1075,Luis Ponce,luis.ponce1075@correo.pe,Arequipa,2024-09-20
1076,Carmen Aguilar,carmen.aguilar1076@correo.pe,Cusco,2024-01-31
1077,Lucía Espinoza,lucía.espinoza1077@correo.pe,Iquitos,2024-12-06
1078,Óscar Castillo,óscar.castillo1078@correo.pe,Puno,2025-05-04
1079,Carmen Quispe,carmen.quispe1079@correo.pe,Puno,2024-09-26
1080,Andrés Espinoza,andrés.espinoza1080@correo.pe,Iquitos,2024-01-01
1081,Luis Castillo,luis.castillo1081@correo.pe,Puno,2025-05-20
1082,Óscar Paredes,óscar.paredes1082@correo.pe,Lima,2024-12-03
1083,Paola Aguilar,paola.aguilar1083@correo.pe,Huancayo,2024-02-11
1084,Nadia Chávez,nadia.chávez1084@correo.pe,Huancayo,2025-08-29
1085,Diego Chávez,diego.chávez1085@correo.pe,Huancayo,2025-10-21
1086,Camila Rojas,camila.rojas1086@correo.pe,Lima,2024-07-15
1087,Camila Flores,camila.flores1087@correo.pe,Chiclayo,2024-01-06
1088,Carmen Aguilar,carmen.aguilar1088@correo.pe,Huancayo,2025-11-16
1089,Valeria Ponce,valeria.ponce1089@correo.pe,Iquitos,2025-11-16
1090,Paola Mendoza,paola.mendoza1090@correo.pe,Tacna,2024-11-10
1091,Valeria Huamán,valeria.huamán1091@correo.pe,Tacna,2025-08-07
1092,Paola Cárdenas,paola.cárdenas1092@correo.pe,Tacna,2025-09-14
1093,Ana Quispe,ana.quispe1093@correo.pe,Cusco,2026-03-10
1094,Luis Cárdenas,luis.cárdenas1094@correo.pe,Trujillo,2024-03-17
1095,Ana Quispe,ana.quispe1095@correo.pe,Huancayo,2025-11-07
1096,Camila Mendoza,camila.mendoza1096@correo.pe,Lima,2024-05-31
1097,Iván Vargas,iván.vargas1097@correo.pe,Cusco,2025-01-13
1098,Marco Paredes,marco.paredes1098@correo.pe,Huancayo,2025-05-22
1099,Julio Salazar,julio.salazar1099@correo.pe,Huancayo,2024-09-23
1100,Luis Paredes,luis.paredes1100@correo.pe,Iquitos,2024-12-29
1101,Jorge Vargas,jorge.vargas1101@correo.pe,Tacna,2024-04-28
1102,Renzo Rojas,renzo.rojas1102@correo.pe,Lima,2025-06-29
1103,Jorge Castillo,jorge.castillo1103@correo.pe,Trujillo,2024-12-02
1104,Julio Mendoza,julio.mendoza1104@correo.pe,Cusco,2025-07-18
1105,Andrés Chávez,andrés.chávez1105@correo.pe,Iquitos,2024-06-04
1106,Julio Cárdenas,julio.cárdenas1106@correo.pe,Cusco,2025-08-29
1107,Camila Ramos,camila.ramos1107@correo.pe,Lima,2025-05-26
1108,Nadia Vargas,nadia.vargas1108@correo.pe,Piura,2025-01-14
1109,Ana Castillo,ana.castillo1109@correo.pe,Chiclayo,2025-12-03
1110,Pablo Flores,pablo.flores1110@correo.pe,Cusco,2024-05-19
1111,Nadia Vargas,nadia.vargas1111@correo.pe,Trujillo,2025-11-22
1112,Sara Espinoza,sara.espinoza1112@correo.pe,Tacna,2025-09-05
1113,Nadia Espinoza,nadia.espinoza1113@correo.pe,Arequipa,2025-07-08
1114,Óscar Cárdenas,óscar.cárdenas1114@correo.pe,Piura,2024-11-25
1115,Carmen Huamán,carmen.huamán1115@correo.pe,Huancayo,2024-05-30
1116,Luis Espinoza,luis.espinoza1116@correo.pe,Lima,2024-12-18
1117,Elena Flores,elena.flores1117@correo.pe,Trujillo,2024-12-16
1118,Carmen Rojas,carmen.rojas1118@correo.pe,Trujillo,2024-04-07
1119,Óscar Vargas,óscar.vargas1119@correo.pe,Chiclayo,2026-01-11
1120,Valeria Cárdenas,valeria.cárdenas1120@correo.pe,Huancayo,2024-01-21
1121,Jorge Huamán,jorge.huamán1121@correo.pe,Iquitos,2026-01-24
1122,Paola Ponce,paola.ponce1122@correo.pe,Iquitos,2025-09-12
1123,Jorge Vargas,jorge.vargas1123@correo.pe,Trujillo,2025-04-02
1124,Ana Mendoza,ana.mendoza1124@correo.pe,Iquitos,2025-07-21
1125,Valeria Ponce,valeria.ponce1125@correo.pe,Cusco,2024-07-19
1126,Julio Ponce,julio.ponce1126@correo.pe,Puno,2025-08-13
1127,Iván Huamán,iván.huamán1127@correo.pe,Tacna,2024-04-16
1128,Marco Paredes,marco.paredes1128@correo.pe,Arequipa,2024-09-26
1129,Camila Aguilar,camila.aguilar1129@correo.pe,Huancayo,2025-05-30
1130,Valeria Ramos,valeria.ramos1130@correo.pe,Arequipa,2025-03-18
1131,Camila Vargas,camila.vargas1131@correo.pe,Arequipa,2026-01-08
1132,Carmen Cárdenas,carmen.cárdenas1132@correo.pe,Iquitos,2024-12-18
1133,Nadia Chávez,nadia.chávez1133@correo.pe,Huancayo,2025-03-02
1134,Jorge Chávez,jorge.chávez1134@correo.pe,Lima,2024-02-28
1135,Paola Ríos,paola.ríos1135@correo.pe,Puno,2025-12-06
1136,Elena Salazar,elena.salazar1136@correo.pe,Chiclayo,2024-07-28
1137,Julio Vargas,julio.vargas1137@correo.pe,Huancayo,2026-01-24
1138,Luis Chávez,luis.chávez1138@correo.pe,Huancayo,2026-01-03
1139,Jorge Ramos,jorge.ramos1139@correo.pe,Chiclayo,2024-11-06
1140,Renzo Paredes,renzo.paredes1140@correo.pe,Piura,2026-01-27
1141,Rosa Ponce,rosa.ponce1141@correo.pe,Iquitos,2025-05-06
1142,Rosa Vargas,rosa.vargas1142@correo.pe,Arequipa,2025-10-23
1143,Andrés Rojas,andrés.rojas1143@correo.pe,Cusco,2025-10-05
1144,Lucía Salazar,lucía.salazar1144@correo.pe,Iquitos,2024-06-18
1145,Óscar Huamán,óscar.huamán1145@correo.pe,Tacna,2024-06-30
1146,Jorge Vargas,jorge.vargas1146@correo.pe,Cusco,2025-06-01
1147,Valeria Espinoza,valeria.espinoza1147@correo.pe,Chiclayo,2025-05-21
1148,Iván Chávez,iván.chávez1148@correo.pe,Lima,2025-05-22
1149,Ana Mendoza,ana.mendoza1149@correo.pe,Iquitos,2024-11-27
1150,Camila Mendoza,camila.mendoza1150@correo.pe,Trujillo,2025-09-24
1151,Iván Aguilar,iván.aguilar1151@correo.pe,Cusco,2025-12-10
1152,Renzo Ríos,renzo.ríos1152@correo.pe,Tacna,2025-11-22
1153,Valeria Salazar,valeria.salazar1153@correo.pe,Arequipa,2025-04-26
1154,Elena Ríos,elena.ríos1154@correo.pe,Piura,2024-04-12
1155,Luis Paredes,luis.paredes1155@correo.pe,Cusco,2025-09-10
1156,Jorge Salazar,jorge.salazar1156@correo.pe,Cusco,2024-10-01
1157,Rosa Aguilar,rosa.aguilar1157@correo.pe,Tacna,2025-07-27
1158,Iván Quispe,iván.quispe1158@correo.pe,Puno,2024-11-19
1159,Iván Chávez,iván.chávez1159@correo.pe,Chiclayo,2024-11-12
1160,Carmen Salazar,carmen.salazar1160@correo.pe,Piura,2024-04-22
1161,Elena Flores,elena.flores1161@correo.pe,Huancayo,2024-04-21
1162,Andrés Castillo,andrés.castillo1162@correo.pe,Tacna,2024-06-17
1163,Carmen Vargas,carmen.vargas1163@correo.pe,Iquitos,2025-11-28
1164,Ana Quispe,ana.quispe1164@correo.pe,Piura,2024-02-12
1165,Elena Vargas,elena.vargas1165@correo.pe,Lima,2024-11-02
1166,Óscar Quispe,óscar.quispe1166@correo.pe,Trujillo,2025-12-15
1167,Ana Huamán,ana.huamán1167@correo.pe,Piura,2024-12-08
1168,Marco Paredes,marco.paredes1168@correo.pe,Arequipa,2024-01-01
1169,Lucía Ramos,lucía.ramos1169@correo.pe,Trujillo,2025-01-12
1170,Iván Huamán,iván.huamán1170@correo.pe,Arequipa,2024-06-27
1171,Carmen Paredes,carmen.paredes1171@correo.pe,Piura,2025-11-09
1172,Jorge Ponce,jorge.ponce1172@correo.pe,Arequipa,2024-04-30
1173,Camila Chávez,camila.chávez1173@correo.pe,Cusco,2024-01-22
1174,Iván Rojas,iván.rojas1174@correo.pe,Cusco,2024-07-05
1175,Lucía Cárdenas,lucía.cárdenas1175@correo.pe,Cusco,2026-01-10
1176,Camila Aguilar,camila.aguilar1176@correo.pe,Trujillo,2025-03-14
1177,Nadia Aguilar,nadia.aguilar1177@correo.pe,Arequipa,2024-03-19
1178,Carmen Rojas,carmen.rojas1178@correo.pe,Piura,2025-05-01
1179,Marco Espinoza,marco.espinoza1179@correo.pe,Iquitos,2026-03-02
1180,Andrés Salazar,andrés.salazar1180@correo.pe,Arequipa,2025-09-28
1181,Marco Chávez,marco.chávez1181@correo.pe,Piura,2024-07-17
1182,Ana Huamán,ana.huamán1182@correo.pe,Lima,2024-08-19
1183,Diego Huamán,diego.huamán1183@correo.pe,Cusco,2025-11-10
1184,Carmen Mendoza,carmen.mendoza1184@correo.pe,Tacna,2024-12-13
1185,Andrés Mendoza,andrés.mendoza1185@correo.pe,Iquitos,2024-11-08
1186,Valeria Flores,valeria.flores1186@correo.pe,Cusco,2025-11-28
1187,Andrés Rojas,andrés.rojas1187@correo.pe,Tacna,2025-06-08
1188,Carmen Ponce,carmen.ponce1188@correo.pe,Puno,2026-02-23
1189,Renzo Salazar,renzo.salazar1189@correo.pe,Tacna,2025-05-27
1190,Jorge Cárdenas,jorge.cárdenas1190@correo.pe,Tacna,2025-08-14
1191,Sara Castillo,sara.castillo1191@correo.pe,Arequipa,2024-07-11
1192,Sara Ponce,sara.ponce1192@correo.pe,Trujillo,2024-05-29
1193,Rosa Mendoza,rosa.mendoza1193@correo.pe,Puno,2024-05-17
1194,Renzo Espinoza,renzo.espinoza1194@correo.pe,Iquitos,2026-01-17
1195,Nadia Quispe,nadia.quispe1195@correo.pe,Puno,2025-06-25
1196,Renzo Salazar,renzo.salazar1196@correo.pe,Puno,2025-12-12
1197,Diego Paredes,diego.paredes1197@correo.pe,Tacna,2024-04-11
1198,Julio Ponce,julio.ponce1198@correo.pe,Iquitos,2026-02-15
1199,Pablo Cárdenas,pablo.cárdenas1199@correo.pe,Trujillo,2025-07-15
1200,Lucía Salazar,lucía.salazar1200@correo.pe,Tacna,2025-05-06
1201,Valeria Espinoza,valeria.espinoza1201@correo.pe,Piura,2025-06-28
1202,Julio Aguilar,julio.aguilar1202@correo.pe,Iquitos,2024-04-27
1203,Iván Paredes,iván.paredes1203@correo.pe,Lima,2025-03-18
1204,Iván Flores,iván.flores1204@correo.pe,Iquitos,2025-02-11
1205,Ana Ríos,ana.ríos1205@correo.pe,Iquitos,2024-03-23
1206,Carmen Aguilar,carmen.aguilar1206@correo.pe,Puno,2024-10-17
1207,Óscar Chávez,óscar.chávez1207@correo.pe,Trujillo,2025-11-16
1208,Diego Rojas,diego.rojas1208@correo.pe,Iquitos,2025-01-27
1209,Paola Mendoza,paola.mendoza1209@correo.pe,Puno,2024-03-11
1210,Carmen Ramos,carmen.ramos1210@correo.pe,Cusco,2025-08-22
1211,Carmen Ponce,carmen.ponce1211@correo.pe,Chiclayo,2025-10-15
1212,Diego Ponce,diego.ponce1212@correo.pe,Tacna,2025-08-09
1213,Luis Castillo,luis.castillo1213@correo.pe,Tacna,2025-10-23
1214,Jorge Mendoza,jorge.mendoza1214@correo.pe,Tacna,2025-01-10
1215,Carmen Castillo,carmen.castillo1215@correo.pe,Chiclayo,2025-08-10
1216,Carmen Ponce,carmen.ponce1216@correo.pe,Lima,2025-05-20
1217,Iván Flores,iván.flores1217@correo.pe,Chiclayo,2025-06-06
1218,Carmen Vargas,carmen.vargas1218@correo.pe,Cusco,2025-12-25
1219,Iván Flores,iván.flores1219@correo.pe,Cusco,2024-01-18
1220,Julio Quispe,julio.quispe1220@correo.pe,Arequipa,2025-09-26
1221,Óscar Aguilar,óscar.aguilar1221@correo.pe,Trujillo,2024-11-09
1222,Óscar Ponce,óscar.ponce1222@correo.pe,Cusco,2024-11-16
1223,Diego Flores,diego.flores1223@correo.pe,Tacna,2026-01-27
1224,Andrés Aguilar,andrés.aguilar1224@correo.pe,Huancayo,2025-07-11
1225,Valeria Salazar,valeria.salazar1225@correo.pe,Cusco,2025-09-01
1226,Renzo Mendoza,renzo.mendoza1226@correo.pe,Lima,2025-02-19
1227,Ana Castillo,ana.castillo1227@correo.pe,Puno,2024-06-02
1228,Ana Paredes,ana.paredes1228@correo.pe,Trujillo,2024-02-03
1229,Óscar Cárdenas,óscar.cárdenas1229@correo.pe,Cusco,2024-05-11
1230,Camila Chávez,camila.chávez1230@correo.pe,Iquitos,2024-10-03
1231,Luis Huamán,luis.huamán1231@correo.pe,Chiclayo,2024-12-23
1232,Jorge Vargas,jorge.vargas1232@correo.pe,Cusco,2025-03-31
1233,Julio Ramos,julio.ramos1233@correo.pe,Arequipa,2025-08-10
1234,Iván Flores,iván.flores1234@correo.pe,Puno,2026-01-21
1235,Andrés Ramos,andrés.ramos1235@correo.pe,Lima,2026-03-09
1236,Óscar Quispe,óscar.quispe1236@correo.pe,Trujillo,2024-10-15
1237,Camila Salazar,camila.salazar1237@correo.pe,Chiclayo,2025-01-12
1238,Andrés Flores,andrés.flores1238@correo.pe,Cusco,2024-05-26
1239,Valeria Huamán,valeria.huamán1239@correo.pe,Puno,2025-11-11
1240,Nadia Quispe,nadia.quispe1240@correo.pe,Puno,2024-06-11
1241,Luis Espinoza,luis.espinoza1241@correo.pe,Huancayo,2025-08-23
1242,Nadia Quispe,nadia.quispe1242@correo.pe,Puno,2025-02-21
1243,Carmen Huamán,carmen.huamán1243@correo.pe,Cusco,2024-09-20
1244,Valeria Flores,valeria.flores1244@correo.pe,Arequipa,2024-12-03
1245,Carmen Rojas,carmen.rojas1245@correo.pe,Iquitos,2026-01-03
1246,Elena Paredes,elena.paredes1246@correo.pe,Chiclayo,2025-05-30
1247,Renzo Huamán,renzo.huamán1247@correo.pe,Huancayo,2024-06-01
1248,Camila Ponce,camila.ponce1248@correo.pe,Tacna,2026-03-04
1249,Rosa Ríos,rosa.ríos1249@correo.pe,Cusco,2025-01-07
1250,Carmen Ríos,carmen.ríos1250@correo.pe,Cusco,2024-09-16
1251,Carmen Vargas,carmen.vargas1251@correo.pe,Huancayo,2025-12-09
1252,Nadia Espinoza,nadia.espinoza1252@correo.pe,Chiclayo,2025-09-26
1253,Julio Espinoza,julio.espinoza1253@correo.pe,Huancayo,2025-04-05
1254,Rosa Castillo,rosa.castillo1254@correo.pe,Piura,2025-03-27
1255,Andrés Rojas,andrés.rojas1255@correo.pe,Chiclayo,2025-06-15
1256,Rosa Quispe,rosa.quispe1256@correo.pe,Iquitos,2025-03-02
1257,Luis Cárdenas,luis.cárdenas1257@correo.pe,Lima,2024-10-28
1258,Paola Paredes,paola.paredes1258@correo.pe,Chiclayo,2024-07-18
1259,Andrés Ponce,andrés.ponce1259@correo.pe,Piura,2024-11-17
1260,Carmen Ríos,carmen.ríos1260@correo.pe,Cusco,2025-10-13
1261,Iván Ríos,iván.ríos1261@correo.pe,Huancayo,2024-02-17
1262,Camila Ponce,camila.ponce1262@correo.pe,Puno,2026-02-25
1263,Elena Espinoza,elena.espinoza1263@correo.pe,Tacna,2025-12-28
1264,Óscar Castillo,óscar.castillo1264@correo.pe,Huancayo,2025-10-22
1265,Jorge Ramos,jorge.ramos1265@correo.pe,Arequipa,2025-10-01
1266,Óscar Quispe,óscar.quispe1266@correo.pe,Cusco,2024-08-27
1267,Carmen Salazar,carmen.salazar1267@correo.pe,Piura,2025-03-07
1268,Iván Vargas,iván.vargas1268@correo.pe,Lima,2024-07-27
1269,Valeria Quispe,valeria.quispe1269@correo.pe,Tacna,2025-06-13
1270,Nadia Ponce,nadia.ponce1270@correo.pe,Puno,2025-08-28
1271,Andrés Mendoza,andrés.mendoza1271@correo.pe,Cusco,2024-10-20
1272,Iván Espinoza,iván.espinoza1272@correo.pe,Iquitos,2025-02-22
1273,Elena Espinoza,elena.espinoza1273@correo.pe,Tacna,2025-09-26
1274,Elena Flores,elena.flores1274@correo.pe,Lima,2026-01-28
1275,Óscar Ponce,óscar.ponce1275@correo.pe,Huancayo,2024-10-19
1276,Andrés Mendoza,andrés.mendoza1276@correo.pe,Arequipa,2024-04-23
1277,Sara Espinoza,sara.espinoza1277@correo.pe,Piura,2025-07-22
1278,Valeria Quispe,valeria.quispe1278@correo.pe,Iquitos,2024-06-28
1279,Rosa Rojas,rosa.rojas1279@correo.pe,Arequipa,2025-07-25
1280,Paola Quispe,paola.quispe1280@correo.pe,Chiclayo,2025-07-24
1281,Óscar Cárdenas,óscar.cárdenas1281@correo.pe,Lima,2025-04-24
1282,Andrés Paredes,andrés.paredes1282@correo.pe,Chiclayo,2024-11-07
1283,Pablo Flores,pablo.flores1283@correo.pe,Puno,2024-05-24
1284,Andrés Ríos,andrés.ríos1284@correo.pe,Arequipa,2025-07-06
1285,Ana Flores,ana.flores1285@correo.pe,Trujillo,2024-03-07
1286,Valeria Ponce,valeria.ponce1286@correo.pe,Huancayo,2024-02-04
1287,Lucía Huamán,lucía.huamán1287@correo.pe,Lima,2024-11-08
1288,Lucía Aguilar,lucía.aguilar1288@correo.pe,Huancayo,2024-05-28
1289,Marco Huamán,marco.huamán1289@correo.pe,Chiclayo,2026-01-03
1290,Ana Espinoza,ana.espinoza1290@correo.pe,Arequipa,2024-12-30
1291,Elena Ponce,elena.ponce1291@correo.pe,Trujillo,2025-08-27
1292,Carmen Huamán,carmen.huamán1292@correo.pe,Trujillo,2025-06-18
1293,Nadia Mendoza,nadia.mendoza1293@correo.pe,Huancayo,2024-10-23
1294,Marco Mendoza,marco.mendoza1294@correo.pe,Puno,2024-10-31
1295,Valeria Aguilar,valeria.aguilar1295@correo.pe,Lima,2025-09-17
1296,Paola Espinoza,paola.espinoza1296@correo.pe,Puno,2024-08-18
1297,Andrés Aguilar,andrés.aguilar1297@correo.pe,Iquitos,2025-12-22
1298,Camila Salazar,camila.salazar1298@correo.pe,Huancayo,2024-02-04
1299,Renzo Chávez,renzo.chávez1299@correo.pe,Arequipa,2025-10-03
1300,Diego Ramos,diego.ramos1300@correo.pe,Iquitos,2024-12-25
1301,Julio Huamán,julio.huamán1301@correo.pe,Arequipa,2024-02-28
1302,Marco Salazar,marco.salazar1302@correo.pe,Huancayo,2024-08-21
1303,Ana Vargas,ana.vargas1303@correo.pe,Puno,2025-05-14
1304,Óscar Castillo,óscar.castillo1304@correo.pe,Chiclayo,2025-08-08
1305,Marco Ramos,marco.ramos1305@correo.pe,Trujillo,2026-01-18
1306,Carmen Ponce,carmen.ponce1306@correo.pe,Huancayo,2024-03-16
1307,Carmen Aguilar,carmen.aguilar1307@correo.pe,Trujillo,2024-05-30
1308,Pablo Ramos,pablo.ramos1308@correo.pe,Arequipa,2024-05-08
1309,Valeria Castillo,valeria.castillo1309@correo.pe,Arequipa,2024-10-26
1310,Julio Rojas,julio.rojas1310@correo.pe,Huancayo,2024-11-04
1311,Diego Castillo,diego.castillo1311@correo.pe,Piura,2025-05-08
1312,Elena Vargas,elena.vargas1312@correo.pe,Chiclayo,2026-02-02
1313,Elena Flores,elena.flores1313@correo.pe,Arequipa,2024-11-12
1314,Nadia Castillo,nadia.castillo1314@correo.pe,Chiclayo,2024-07-24
1315,Carmen Ponce,carmen.ponce1315@correo.pe,Tacna,2025-07-11
1316,Lucía Quispe,lucía.quispe1316@correo.pe,Puno,2025-07-02
1317,Camila Quispe,camila.quispe1317@correo.pe,Tacna,2024-10-02
1318,Óscar Ríos,óscar.ríos1318@correo.pe,Chiclayo,2025-04-21
1319,Valeria Chávez,valeria.chávez1319@correo.pe,Arequipa,2025-12-19
1320,Diego Huamán,diego.huamán1320@correo.pe,Tacna,2025-12-16
1321,Iván Cárdenas,iván.cárdenas1321@correo.pe,Chiclayo,2025-04-22
1322,Rosa Huamán,rosa.huamán1322@correo.pe,Chiclayo,2025-06-24
1323,Luis Flores,luis.flores1323@correo.pe,Cusco,2025-02-01
1324,Renzo Ponce,renzo.ponce1324@correo.pe,Huancayo,2025-11-05
1325,Nadia Paredes,nadia.paredes1325@correo.pe,Arequipa,2026-01-21
1326,Valeria Espinoza,valeria.espinoza1326@correo.pe,Arequipa,2025-08-16
1327,Camila Huamán,camila.huamán1327@correo.pe,Cusco,2025-02-06
1328,Ana Vargas,ana.vargas1328@correo.pe,Cusco,2025-03-13
1329,Andrés Castillo,andrés.castillo1329@correo.pe,Lima,2024-12-06
1330,Diego Salazar,diego.salazar1330@correo.pe,Cusco,2024-11-03
1331,Nadia Mendoza,nadia.mendoza1331@correo.pe,Iquitos,2025-11-30
1332,Rosa Ríos,rosa.ríos1332@correo.pe,Chiclayo,2024-06-12
1333,Diego Castillo,diego.castillo1333@correo.pe,Iquitos,2025-03-16
1334,Rosa Flores,rosa.flores1334@correo.pe,Chiclayo,2025-02-04
1335,Carmen Ramos,carmen.ramos1335@correo.pe,Trujillo,2025-04-07
1336,Diego Mendoza,diego.mendoza1336@correo.pe,Lima,2025-03-31
1337,Iván Castillo,iván.castillo1337@correo.pe,Arequipa,2024-08-10
1338,Rosa Vargas,rosa.vargas1338@correo.pe,Piura,2025-12-09
1339,Iván Chávez,iván.chávez1339@correo.pe,Huancayo,2024-05-06
1340,Óscar Vargas,óscar.vargas1340@correo.pe,Trujillo,2025-05-26
1341,Iván Ramos,iván.ramos1341@correo.pe,Lima,2024-09-19
1342,Andrés Espinoza,andrés.espinoza1342@correo.pe,Huancayo,2025-12-10
1343,Diego Chávez,diego.chávez1343@correo.pe,Lima,2024-03-09
1344,Camila Mendoza,camila.mendoza1344@correo.pe,Iquitos,2024-05-23
1345,Óscar Flores,óscar.flores1345@correo.pe,Cusco,2025-07-15
1346,Elena Cárdenas,elena.cárdenas1346@correo.pe,Huancayo,2025-03-17
1347,Renzo Paredes,renzo.paredes1347@correo.pe,Tacna,2024-06-04
1348,Paola Quispe,paola.quispe1348@correo.pe,Trujillo,2024-06-20
1349,Jorge Ponce,jorge.ponce1349@correo.pe,Cusco,2025-09-11
1350,Valeria Quispe,valeria.quispe1350@correo.pe,Lima,2024-05-03
1351,Jorge Paredes,jorge.paredes1351@correo.pe,Trujillo,2025-06-13
1352,Paola Espinoza,paola.espinoza1352@correo.pe,Chiclayo,2025-09-01
1353,Óscar Cárdenas,óscar.cárdenas1353@correo.pe,Cusco,2026-01-01
1354,Ana Huamán,ana.huamán1354@correo.pe,Chiclayo,2024-03-28
1355,Rosa Huamán,rosa.huamán1355@correo.pe,Huancayo,2025-07-22
1356,Pablo Ramos,pablo.ramos1356@correo.pe,Arequipa,2025-02-28
1357,Luis Aguilar,luis.aguilar1357@correo.pe,Trujillo,2025-05-11
1358,Paola Mendoza,paola.mendoza1358@correo.pe,Arequipa,2024-03-15
1359,Rosa Espinoza,rosa.espinoza1359@correo.pe,Tacna,2024-11-05
1360,Pablo Quispe,pablo.quispe1360@correo.pe,Iquitos,2024-04-18
1361,Andrés Ramos,andrés.ramos1361@correo.pe,Huancayo,2025-08-21
1362,Pablo Aguilar,pablo.aguilar1362@correo.pe,Cusco,2024-06-12
1363,Pablo Vargas,pablo.vargas1363@correo.pe,Iquitos,2024-01-18
1364,Elena Espinoza,elena.espinoza1364@correo.pe,Trujillo,2025-09-25
1365,Renzo Rojas,renzo.rojas1365@correo.pe,Tacna,2024-11-25
1366,Valeria Mendoza,valeria.mendoza1366@correo.pe,Lima,2025-07-25
1367,Julio Chávez,julio.chávez1367@correo.pe,Puno,2024-12-27
1368,Andrés Rojas,andrés.rojas1368@correo.pe,Piura,2025-11-04
1369,Lucía Ríos,lucía.ríos1369@correo.pe,Iquitos,2024-02-07
1370,Elena Salazar,elena.salazar1370@correo.pe,Lima,2024-11-06
1371,Nadia Ponce,nadia.ponce1371@correo.pe,Piura,2025-11-30
1372,Carmen Paredes,carmen.paredes1372@correo.pe,Trujillo,2024-09-29
1373,Andrés Salazar,andrés.salazar1373@correo.pe,Lima,2025-01-31
1374,Julio Ponce,julio.ponce1374@correo.pe,Puno,2024-05-07
1375,Valeria Ríos,valeria.ríos1375@correo.pe,Trujillo,2025-11-13
1376,Diego Ponce,diego.ponce1376@correo.pe,Huancayo,2025-04-20
1377,Lucía Flores,lucía.flores1377@correo.pe,Tacna,2026-01-11
1378,Jorge Rojas,jorge.rojas1378@correo.pe,Iquitos,2025-11-15
1379,Nadia Paredes,nadia.paredes1379@correo.pe,Arequipa,2025-11-14
1380,Paola Rojas,paola.rojas1380@correo.pe,Tacna,2026-02-10
1381,Camila Aguilar,camila.aguilar1381@correo.pe,Arequipa,2026-01-09
1382,Elena Rojas,elena.rojas1382@correo.pe,Puno,2024-04-04
1383,Valeria Aguilar,valeria.aguilar1383@correo.pe,Chiclayo,2025-04-24
1384,Nadia Ramos,nadia.ramos1384@correo.pe,Chiclayo,2025-09-30
1385,Jorge Mendoza,jorge.mendoza1385@correo.pe,Trujillo,2024-02-15
1386,Rosa Aguilar,rosa.aguilar1386@correo.pe,Trujillo,2025-03-09
1387,Pablo Huamán,pablo.huamán1387@correo.pe,Chiclayo,2025-05-21
1388,Elena Ríos,elena.ríos1388@correo.pe,Chiclayo,2024-03-05
1389,Paola Mendoza,paola.mendoza1389@correo.pe,Iquitos,2024-09-29
1390,Camila Mendoza,camila.mendoza1390@correo.pe,Iquitos,2025-09-17
1391,Diego Salazar,diego.salazar1391@correo.pe,Cusco,2024-01-18
1392,Óscar Paredes,óscar.paredes1392@correo.pe,Tacna,2024-05-10
1393,Ana Salazar,ana.salazar1393@correo.pe,Huancayo,2026-02-19
1394,Óscar Salazar,óscar.salazar1394@correo.pe,Huancayo,2025-09-16
1395,Lucía Chávez,lucía.chávez1395@correo.pe,Iquitos,2025-02-18
1396,Paola Ramos,paola.ramos1396@correo.pe,Iquitos,2025-11-26
1397,Rosa Rojas,rosa.rojas1397@correo.pe,Arequipa,2025-06-11
1398,Pablo Ríos,pablo.ríos1398@correo.pe,Lima,2025-11-24
1399,Andrés Paredes,andrés.paredes1399@correo.pe,Trujillo,2025-03-01
1400,Nadia Chávez,nadia.chávez1400@correo.pe,Trujillo,2025-01-12
1401,Renzo Paredes,renzo.paredes1401@correo.pe,Arequipa,2024-04-20
1402,Marco Ríos,marco.ríos1402@correo.pe,Lima,2025-10-09
1403,Nadia Rojas,nadia.rojas1403@correo.pe,Tacna,2025-11-08
1404,Renzo Vargas,renzo.vargas1404@correo.pe,Piura,2025-12-19
1405,Luis Quispe,luis.quispe1405@correo.pe,Trujillo,2025-07-30
1406,Rosa Huamán,rosa.huamán1406@correo.pe,Arequipa,2025-12-13
1407,Renzo Cárdenas,renzo.cárdenas1407@correo.pe,Piura,2025-03-03
1408,Andrés Ramos,andrés.ramos1408@correo.pe,Tacna,2024-10-13
1409,Rosa Cárdenas,rosa.cárdenas1409@correo.pe,Piura,2025-07-31
1410,Camila Vargas,camila.vargas1410@correo.pe,Puno,2025-09-13
1411,Andrés Ramos,andrés.ramos1411@correo.pe,Trujillo,2026-01-17
1412,Nadia Huamán,nadia.huamán1412@correo.pe,Cusco,2024-10-05
1413,Elena Castillo,elena.castillo1413@correo.pe,Puno,2025-06-22
1414,Renzo Salazar,renzo.salazar1414@correo.pe,Trujillo,2024-02-16
1415,Lucía Castillo,lucía.castillo1415@correo.pe,Piura,2025-01-26
1416,Marco Chávez,marco.chávez1416@correo.pe,Cusco,2025-07-30
1417,Ana Quispe,ana.quispe1417@correo.pe,Chiclayo,2025-03-27
1418,Pablo Ponce,pablo.ponce1418@correo.pe,Trujillo,2024-05-04
1419,Luis Paredes,luis.paredes1419@correo.pe,Piura,2024-11-09
1420,Diego Vargas,diego.vargas1420@correo.pe,Tacna,2025-03-23
1421,Nadia Mendoza,nadia.mendoza1421@correo.pe,Piura,2025-04-18
1422,Luis Cárdenas,luis.cárdenas1422@correo.pe,Arequipa,2024-12-08
1423,Lucía Ramos,lucía.ramos1423@correo.pe,Piura,2025-09-22
1424,Ana Salazar,ana.salazar1424@correo.pe,Tacna,2024-01-23
1425,Rosa Espinoza,rosa.espinoza1425@correo.pe,Tacna,2025-08-20
1426,Ana Salazar,ana.salazar1426@correo.pe,Tacna,2024-07-16
1427,Jorge Mendoza,jorge.mendoza1427@correo.pe,Puno,2025-08-08
1428,Jorge Cárdenas,jorge.cárdenas1428@correo.pe,Chiclayo,2024-11-23
1429,Rosa Ramos,rosa.ramos1429@correo.pe,Piura,2024-04-08
1430,Sara Vargas,sara.vargas1430@correo.pe,Tacna,2024-01-13
1431,Renzo Castillo,renzo.castillo1431@correo.pe,Piura,2025-07-11
1432,Renzo Salazar,renzo.salazar1432@correo.pe,Huancayo,2025-06-25
1433,Camila Paredes,camila.paredes1433@correo.pe,Arequipa,2025-10-29
1434,Rosa Espinoza,rosa.espinoza1434@correo.pe,Huancayo,2024-01-24
1435,Pablo Castillo,pablo.castillo1435@correo.pe,Chiclayo,2024-10-15
1436,Iván Paredes,iván.paredes1436@correo.pe,Arequipa,2024-11-17
1437,Iván Vargas,iván.vargas1437@correo.pe,Cusco,2025-01-29
1438,Lucía Castillo,lucía.castillo1438@correo.pe,Tacna,2025-09-21
1439,Lucía Ramos,lucía.ramos1439@correo.pe,Tacna,2024-09-09
1440,Luis Ramos,luis.ramos1440@correo.pe,Chiclayo,2025-07-02
1441,Camila Mendoza,camila.mendoza1441@correo.pe,Chiclayo,2024-11-24
1442,Diego Cárdenas,diego.cárdenas1442@correo.pe,Lima,2024-03-21
1443,Sara Vargas,sara.vargas1443@correo.pe,Tacna,2024-10-14
1444,Ana Rojas,ana.rojas1444@correo.pe,Cusco,2026-01-16
1445,Diego Vargas,diego.vargas1445@correo.pe,Iquitos,2024-09-09
1446,Pablo Castillo,pablo.castillo1446@correo.pe,Huancayo,2025-06-17
1447,Paola Chávez,paola.chávez1447@correo.pe,Cusco,2025-11-24
1448,Luis Quispe,luis.quispe1448@correo.pe,Arequipa,2026-01-21
1449,Sara Castillo,sara.castillo1449@correo.pe,Piura,2025-09-06
1450,Óscar Vargas,óscar.vargas1450@correo.pe,Trujillo,2025-01-30
1451,Paola Huamán,paola.huamán1451@correo.pe,Chiclayo,2024-05-10
1452,Pablo Vargas,pablo.vargas1452@correo.pe,Lima,2026-02-04
1453,Andrés Salazar,andrés.salazar1453@correo.pe,Cusco,2026-02-14
1454,Lucía Mendoza,lucía.mendoza1454@correo.pe,Piura,2024-08-15
1455,Camila Flores,camila.flores1455@correo.pe,Iquitos,2025-06-12
1456,Camila Quispe,camila.quispe1456@correo.pe,Puno,2024-02-29
1457,Jorge Salazar,jorge.salazar1457@correo.pe,Trujillo,2025-03-27
1458,Paola Huamán,paola.huamán1458@correo.pe,Lima,2024-12-25
1459,Sara Cárdenas,sara.cárdenas1459@correo.pe,Huancayo,2025-11-16
1460,Paola Huamán,paola.huamán1460@correo.pe,Lima,2024-09-25
1461,Renzo Rojas,renzo.rojas1461@correo.pe,Arequipa,2024-08-11
1462,Julio Mendoza,julio.mendoza1462@correo.pe,Piura,2024-02-19
1463,Carmen Flores,carmen.flores1463@correo.pe,Iquitos,2025-04-15
1464,Nadia Ramos,nadia.ramos1464@correo.pe,Puno,2025-09-27
1465,Rosa Flores,rosa.flores1465@correo.pe,Huancayo,2024-11-19
1466,Luis Castillo,luis.castillo1466@correo.pe,Arequipa,2025-07-08
1467,Sara Chávez,sara.chávez1467@correo.pe,Arequipa,2024-11-07
1468,Julio Huamán,julio.huamán1468@correo.pe,Lima,2025-01-07
1469,Pablo Rojas,pablo.rojas1469@correo.pe,Trujillo,2025-10-10
1470,Rosa Flores,rosa.flores1470@correo.pe,Arequipa,2025-11-03
1471,Lucía Aguilar,lucía.aguilar1471@correo.pe,Huancayo,2025-09-13
1472,Julio Mendoza,julio.mendoza1472@correo.pe,Arequipa,2025-01-21
1473,Jorge Huamán,jorge.huamán1473@correo.pe,Piura,2024-08-08
1474,Ana Quispe,ana.quispe1474@correo.pe,Trujillo,2026-01-07
1475,Nadia Vargas,nadia.vargas1475@correo.pe,Lima,2025-08-06
1476,Diego Ramos,diego.ramos1476@correo.pe,Tacna,2025-09-13
1477,Ana Ríos,ana.ríos1477@correo.pe,Tacna,2024-12-03
1478,Elena Rojas,elena.rojas1478@correo.pe,Lima,2024-12-25
1479,Camila Huamán,camila.huamán1479@correo.pe,Trujillo,2024-04-10
1480,Marco Espinoza,marco.espinoza1480@correo.pe,Iquitos,2025-03-24
1481,Carmen Vargas,carmen.vargas1481@correo.pe,Puno,2025-12-18
1482,Óscar Aguilar,óscar.aguilar1482@correo.pe,Cusco,2025-06-05
1483,Luis Salazar,luis.salazar1483@correo.pe,Chiclayo,2026-03-01
1484,Pablo Rojas,pablo.rojas1484@correo.pe,Cusco,2025-07-10
1485,Andrés Aguilar,andrés.aguilar1485@correo.pe,Chiclayo,2024-02-28
1486,Diego Huamán,diego.huamán1486@correo.pe,Iquitos,2024-04-10
1487,Julio Ríos,julio.ríos1487@correo.pe,Trujillo,2024-02-09
1488,Paola Ramos,paola.ramos1488@correo.pe,Piura,2026-02-23
1489,Pablo Quispe,pablo.quispe1489@correo.pe,Trujillo,2025-10-12
1490,Camila Paredes,camila.paredes1490@correo.pe,Iquitos,2025-03-22
1491,Marco Vargas,marco.vargas1491@correo.pe,Lima,2026-02-02
1492,Andrés Chávez,andrés.chávez1492@correo.pe,Lima,2024-11-07
1493,Renzo Ríos,renzo.ríos1493@correo.pe,Tacna,2024-06-17
1494,Diego Espinoza,diego.espinoza1494@correo.pe,Puno,2025-04-26
1495,Elena Ríos,elena.ríos1495@correo.pe,Huancayo,2025-08-06
1496,Nadia Chávez,nadia.chávez1496@correo.pe,Chiclayo,2025-07-08
1497,Marco Aguilar,marco.aguilar1497@correo.pe,Cusco,2024-08-11
1498,Luis Aguilar,luis.aguilar1498@correo.pe,Puno,2025-10-05
1499,Carmen Flores,carmen.flores1499@correo.pe,Puno,2024-10-28
1500,Iván Ponce,iván.ponce1500@correo.pe,Piura,2024-12-24
1501,Luis Castillo,luis.castillo1501@correo.pe,Lima,2025-08-12
1502,Jorge Ramos,jorge.ramos1502@correo.pe,Lima,2025-11-07
1503,Julio Vargas,julio.vargas1503@correo.pe,Arequipa,2024-10-08
1504,Pablo Chávez,pablo.chávez1504@correo.pe,Tacna,2025-07-13
1505,Sara Ríos,sara.ríos1505@correo.pe,Lima,2025-08-21
1506,Iván Espinoza,iván.espinoza1506@correo.pe,Iquitos,2025-12-27
1507,Óscar Quispe,óscar.quispe1507@correo.pe,Tacna,2024-03-06
1508,Julio Salazar,julio.salazar1508@correo.pe,Chiclayo,2025-03-07
1509,Marco Espinoza,marco.espinoza1509@correo.pe,Cusco,2024-04-12
1510,Camila Rojas,camila.rojas1510@correo.pe,Arequipa,2026-01-28
1511,Valeria Vargas,valeria.vargas1511@correo.pe,Lima,2026-01-09
1512,Óscar Ramos,óscar.ramos1512@correo.pe,Chiclayo,2024-03-20
1513,Óscar Ramos,óscar.ramos1513@correo.pe,Arequipa,2024-04-16
1514,Paola Ríos,paola.ríos1514@correo.pe,Piura,2024-09-09
1515,Marco Castillo,marco.castillo1515@correo.pe,Trujillo,2025-09-02
1516,Diego Ríos,diego.ríos1516@correo.pe,Iquitos,2024-04-22
1517,Sara Vargas,sara.vargas1517@correo.pe,Piura,2024-05-01
1518,Julio Huamán,julio.huamán1518@correo.pe,Piura,2025-05-02
1519,Sara Espinoza,sara.espinoza1519@correo.pe,Tacna,2025-08-17
1520,Nadia Espinoza,nadia.espinoza1520@correo.pe,Cusco,2024-03-09
1521,Rosa Rojas,rosa.rojas1521@correo.pe,Trujillo,2025-11-08
1522,Iván Flores,iván.flores1522@correo.pe,Huancayo,2024-05-19
1523,Camila Huamán,camila.huamán1523@correo.pe,Trujillo,2026-02-22
1524,Camila Ramos,camila.ramos1524@correo.pe,Trujillo,2025-11-13
1525,Carmen Chávez,carmen.chávez1525@correo.pe,Huancayo,2024-07-12
1526,Jorge Aguilar,jorge.aguilar1526@correo.pe,Trujillo,2025-10-20
1527,Iván Ríos,iván.ríos1527@correo.pe,Tacna,2025-11-23
1528,Renzo Chávez,renzo.chávez1528@correo.pe,Huancayo,2025-02-04
1529,Paola Ríos,paola.ríos1529@correo.pe,Piura,2025-10-10
1530,Valeria Paredes,valeria.paredes1530@correo.pe,Cusco,2025-12-31
1531,Marco Cárdenas,marco.cárdenas1531@correo.pe,Trujillo,2025-11-23
1532,Nadia Espinoza,nadia.espinoza1532@correo.pe,Puno,2024-01-22
1533,Julio Cárdenas,julio.cárdenas1533@correo.pe,Chiclayo,2026-01-09
1534,Marco Espinoza,marco.espinoza1534@correo.pe,Lima,2025-12-29
1535,Nadia Ramos,nadia.ramos1535@correo.pe,Tacna,2024-04-11
1536,Sara Ríos,sara.ríos1536@correo.pe,Puno,2024-01-27
1537,Camila Cárdenas,camila.cárdenas1537@correo.pe,Cusco,2025-11-18
1538,Diego Cárdenas,diego.cárdenas1538@correo.pe,Arequipa,2025-12-19
1539,Sara Chávez,sara.chávez1539@correo.pe,Piura,2025-04-02
1540,Carmen Espinoza,carmen.espinoza1540@correo.pe,Chiclayo,2024-09-06
1541,Diego Quispe,diego.quispe1541@correo.pe,Lima,2025-12-18
1542,Marco Chávez,marco.chávez1542@correo.pe,Lima,2025-09-06
1543,Valeria Ramos,valeria.ramos1543@correo.pe,Arequipa,2024-07-05
1544,Renzo Vargas,renzo.vargas1544@correo.pe,Cusco,2025-06-20
1545,Paola Ramos,paola.ramos1545@correo.pe,Iquitos,2025-01-16
1546,Sara Ponce,sara.ponce1546@correo.pe,Piura,2024-06-05
1547,Elena Vargas,elena.vargas1547@correo.pe,Lima,2025-04-20
1548,Diego Rojas,diego.rojas1548@correo.pe,Tacna,2024-11-02
1549,Julio Rojas,julio.rojas1549@correo.pe,Chiclayo,2024-06-12
1550,Luis Espinoza,luis.espinoza1550@correo.pe,Arequipa,2026-02-05
1551,Nadia Cárdenas,nadia.cárdenas1551@correo.pe,Lima,2025-10-28
1552,Jorge Espinoza,jorge.espinoza1552@correo.pe,Trujillo,2024-02-21
1553,Óscar Espinoza,óscar.espinoza1553@correo.pe,Arequipa,2025-09-19
1554,Paola Salazar,paola.salazar1554@correo.pe,Trujillo,2025-04-08
1555,Paola Flores,paola.flores1555@correo.pe,Puno,2025-11-10
1556,Rosa Ponce,rosa.ponce1556@correo.pe,Piura,2024-06-19
1557,Valeria Mendoza,valeria.mendoza1557@correo.pe,Piura,2025-01-04
1558,Pablo Paredes,pablo.paredes1558@correo.pe,Piura,2024-10-17
1559,Renzo Cárdenas,renzo.cárdenas1559@correo.pe,Huancayo,2025-09-11
1560,Marco Vargas,marco.vargas1560@correo.pe,Arequipa,2024-04-22
1561,Camila Huamán,camila.huamán1561@correo.pe,Cusco,2024-01-30
1562,Diego Ríos,diego.ríos1562@correo.pe,Huancayo,2025-06-01
1563,Diego Paredes,diego.paredes1563@correo.pe,Lima,2025-12-20
1564,Valeria Mendoza,valeria.mendoza1564@correo.pe,Iquitos,2025-03-18
1565,Jorge Ramos,jorge.ramos1565@correo.pe,Puno,2025-07-09
1566,Valeria Ramos,valeria.ramos1566@correo.pe,Iquitos,2024-08-01
1567,Renzo Rojas,renzo.rojas1567@correo.pe,Chiclayo,2025-06-15
1568,Nadia Salazar,nadia.salazar1568@correo.pe,Arequipa,2025-12-05
1569,Paola Mendoza,paola.mendoza1569@correo.pe,Arequipa,2024-08-11
1570,Luis Ramos,luis.ramos1570@correo.pe,Puno,2025-06-24
1571,Andrés Quispe,andrés.quispe1571@correo.pe,Lima,2024-12-16
1572,Iván Ríos,iván.ríos1572@correo.pe,Chiclayo,2024-06-24
1573,Paola Castillo,paola.castillo1573@correo.pe,Iquitos,2024-01-17
1574,Iván Aguilar,iván.aguilar1574@correo.pe,Piura,2025-05-24
1575,Elena Vargas,elena.vargas1575@correo.pe,Tacna,2026-03-08
1576,Sara Espinoza,sara.espinoza1576@correo.pe,Lima,2024-08-22
1577,Nadia Ríos,nadia.ríos1577@correo.pe,Piura,2024-09-12
1578,Jorge Ramos,jorge.ramos1578@correo.pe,Iquitos,2025-12-26
1579,Renzo Salazar,renzo.salazar1579@correo.pe,Lima,2024-01-19
1580,Elena Rojas,elena.rojas1580@correo.pe,Chiclayo,2024-05-19
1581,Jorge Aguilar,jorge.aguilar1581@correo.pe,Chiclayo,2026-01-28
1582,Pablo Quispe,pablo.quispe1582@correo.pe,Piura,2025-09-27
1583,Marco Flores,marco.flores1583@correo.pe,Huancayo,2026-02-01
1584,Andrés Paredes,andrés.paredes1584@correo.pe,Trujillo,2026-01-29
1585,Camila Ramos,camila.ramos1585@correo.pe,Trujillo,2025-03-11
1586,Andrés Mendoza,andrés.mendoza1586@correo.pe,Piura,2024-05-26
1587,Elena Ponce,elena.ponce1587@correo.pe,Puno,2025-11-03
1588,Paola Huamán,paola.huamán1588@correo.pe,Cusco,2025-05-03
1589,Óscar Chávez,óscar.chávez1589@correo.pe,Lima,2026-01-06
1590,Julio Ponce,julio.ponce1590@correo.pe,Chiclayo,2024-09-17
1591,Elena Castillo,elena.castillo1591@correo.pe,Puno,2025-12-03
1592,Pablo Castillo,pablo.castillo1592@correo.pe,Piura,2025-09-27
1593,Renzo Castillo,renzo.castillo1593@correo.pe,Chiclayo,2024-02-05
1594,Pablo Aguilar,pablo.aguilar1594@correo.pe,Piura,2024-01-24
1595,Julio Paredes,julio.paredes1595@correo.pe,Cusco,2025-01-18
1596,Paola Aguilar,paola.aguilar1596@correo.pe,Chiclayo,2025-01-22
1597,Pablo Castillo,pablo.castillo1597@correo.pe,Chiclayo,2025-04-02
1598,Lucía Rojas,lucía.rojas1598@correo.pe,Huancayo,2025-10-13
1599,Julio Rojas,julio.rojas1599@correo.pe,Huancayo,2024-05-25
1600,Rosa Paredes,rosa.paredes1600@correo.pe,Tacna,2025-09-13
1601,Diego Huamán,diego.huamán1601@correo.pe,Cusco,2024-12-24
1602,Marco Cárdenas,marco.cárdenas1602@correo.pe,Iquitos,2024-10-05
1603,Valeria Flores,valeria.flores1603@correo.pe,Lima,2024-08-25
1604,Elena Salazar,elena.salazar1604@correo.pe,Trujillo,2025-01-06
1605,Luis Mendoza,luis.mendoza1605@correo.pe,Chiclayo,2025-02-25
1606,Marco Castillo,marco.castillo1606@correo.pe,Huancayo,2025-05-08
1607,Valeria Flores,valeria.flores1607@correo.pe,Huancayo,2025-10-12
1608,Luis Salazar,luis.salazar1608@correo.pe,Trujillo,2025-06-06
1609,Valeria Ríos,valeria.ríos1609@correo.pe,Arequipa,2025-02-15
1610,Andrés Aguilar,andrés.aguilar1610@correo.pe,Trujillo,2025-11-15
1611,Jorge Vargas,jorge.vargas1611@correo.pe,Lima,2025-03-02
1612,Valeria Vargas,valeria.vargas1612@correo.pe,Iquitos,2024-08-17
1613,Andrés Huamán,andrés.huamán1613@correo.pe,Cusco,2025-06-29
1614,Camila Quispe,camila.quispe1614@correo.pe,Puno,2026-01-20
1615,Diego Aguilar,diego.aguilar1615@correo.pe,Trujillo,2024-06-18
1616,Lucía Vargas,lucía.vargas1616@correo.pe,Piura,2024-04-10
1617,Luis Espinoza,luis.espinoza1617@correo.pe,Piura,2024-10-17
1618,Camila Castillo,camila.castillo1618@correo.pe,Lima,2024-12-06
1619,Óscar Cárdenas,óscar.cárdenas1619@correo.pe,Iquitos,2026-02-05
1620,Valeria Paredes,valeria.paredes1620@correo.pe,Cusco,2025-03-19
1621,Ana Huamán,ana.huamán1621@correo.pe,Iquitos,2026-02-06
1622,Elena Paredes,elena.paredes1622@correo.pe,Arequipa,2025-08-19
1623,Paola Mendoza,paola.mendoza1623@correo.pe,Puno,2025-01-31
1624,Óscar Huamán,óscar.huamán1624@correo.pe,Puno,2025-03-27
1625,Marco Espinoza,marco.espinoza1625@correo.pe,Tacna,2025-06-11
1626,Sara Flores,sara.flores1626@correo.pe,Arequipa,2025-06-17
1627,Rosa Salazar,rosa.salazar1627@correo.pe,Arequipa,2025-02-27
1628,Camila Mendoza,camila.mendoza1628@correo.pe,Chiclayo,2024-03-19
1629,Luis Salazar,luis.salazar1629@correo.pe,Piura,2026-01-25
1630,Paola Paredes,paola.paredes1630@correo.pe,Cusco,2025-09-13
1631,Iván Quispe,iván.quispe1631@correo.pe,Cusco,2024-05-19
1632,Andrés Quispe,andrés.quispe1632@correo.pe,Arequipa,2024-11-30
1633,Andrés Ponce,andrés.ponce1633@correo.pe,Tacna,2024-10-18
1634,Pablo Espinoza,pablo.espinoza1634@correo.pe,Trujillo,2025-11-30
1635,Diego Chávez,diego.chávez1635@correo.pe,Cusco,2024-10-16
1636,Óscar Vargas,óscar.vargas1636@correo.pe,Huancayo,2026-01-29
1637,Paola Rojas,paola.rojas1637@correo.pe,Piura,2024-01-24
1638,Andrés Mendoza,andrés.mendoza1638@correo.pe,Cusco,2026-03-06
1639,Andrés Paredes,andrés.paredes1639@correo.pe,Huancayo,2024-12-30
1640,Carmen Huamán,carmen.huamán1640@correo.pe,Trujillo,2025-01-24
1641,Renzo Huamán,renzo.huamán1641@correo.pe,Tacna,2025-02-22
1642,Diego Flores,diego.flores1642@correo.pe,Iquitos,2025-11-13
1643,Carmen Aguilar,carmen.aguilar1643@correo.pe,Lima,2025-12-02
1644,Lucía Flores,lucía.flores1644@correo.pe,Cusco,2024-07-20
1645,Jorge Ponce,jorge.ponce1645@correo.pe,Trujillo,2025-03-03
1646,Camila Ponce,camila.ponce1646@correo.pe,Arequipa,2024-04-09
1647,Iván Cárdenas,iván.cárdenas1647@correo.pe,Tacna,2024-07-01
1648,Marco Espinoza,marco.espinoza1648@correo.pe,Trujillo,2024-12-05
1649,Paola Ramos,paola.ramos1649@correo.pe,Piura,2025-05-04
1650,Pablo Flores,pablo.flores1650@correo.pe,Lima,2025-06-13
1651,Jorge Rojas,jorge.rojas1651@correo.pe,Iquitos,2024-07-06
1652,Julio Aguilar,julio.aguilar1652@correo.pe,Cusco,2025-10-26
1653,Óscar Ponce,óscar.ponce1653@correo.pe,Chiclayo,2025-03-05
1654,Pablo Castillo,pablo.castillo1654@correo.pe,Cusco,2024-08-08
1655,Nadia Ríos,nadia.ríos1655@correo.pe,Cusco,2025-07-25
1656,Paola Rojas,paola.rojas1656@correo.pe,Lima,2025-01-18
1657,Nadia Espinoza,nadia.espinoza1657@correo.pe,Iquitos,2024-04-05
1658,Elena Espinoza,elena.espinoza1658@correo.pe,Arequipa,2025-01-01
1659,Ana Aguilar,ana.aguilar1659@correo.pe,Trujillo,2025-07-09
1660,Rosa Huamán,rosa.huamán1660@correo.pe,Huancayo,2024-05-03
1661,Sara Ponce,sara.ponce1661@correo.pe,Lima,2025-12-31
1662,Jorge Mendoza,jorge.mendoza1662@correo.pe,Iquitos,2025-08-04
1663,Carmen Castillo,carmen.castillo1663@correo.pe,Cusco,2025-03-25
1664,Valeria Paredes,valeria.paredes1664@correo.pe,Tacna,2024-06-10
1665,Pablo Ramos,pablo.ramos1665@correo.pe,Tacna,2026-03-05
1666,Lucía Quispe,lucía.quispe1666@correo.pe,Piura,2024-02-05
1667,Carmen Chávez,carmen.chávez1667@correo.pe,Piura,2024-05-07
1668,Renzo Quispe,renzo.quispe1668@correo.pe,Iquitos,2024-02-04
1669,Luis Ramos,luis.ramos1669@correo.pe,Cusco,2025-12-04
1670,Andrés Mendoza,andrés.mendoza1670@correo.pe,Puno,2025-11-20
1671,Nadia Huamán,nadia.huamán1671@correo.pe,Chiclayo,2024-01-12
1672,Julio Huamán,julio.huamán1672@correo.pe,Tacna,2024-10-26
1673,Rosa Vargas,rosa.vargas1673@correo.pe,Cusco,2025-07-21
1674,Elena Ramos,elena.ramos1674@correo.pe,Trujillo,2024-11-01
1675,Iván Castillo,iván.castillo1675@correo.pe,Chiclayo,2024-09-28
1676,Paola Huamán,paola.huamán1676@correo.pe,Puno,2025-02-04
1677,Jorge Flores,jorge.flores1677@correo.pe,Lima,2024-10-02
1678,Iván Ponce,iván.ponce1678@correo.pe,Chiclayo,2025-08-18
1679,Elena Ríos,elena.ríos1679@correo.pe,Piura,2025-01-18
1680,Marco Aguilar,marco.aguilar1680@correo.pe,Piura,2025-04-11
1681,Sara Aguilar,sara.aguilar1681@correo.pe,Puno,2024-10-15
1682,Renzo Aguilar,renzo.aguilar1682@correo.pe,Chiclayo,2024-07-24
1683,Nadia Rojas,nadia.rojas1683@correo.pe,Piura,2025-02-22
1684,Marco Ramos,marco.ramos1684@correo.pe,Piura,2024-11-26
1685,Pablo Ramos,pablo.ramos1685@correo.pe,Trujillo,2026-02-16
1686,Pablo Quispe,pablo.quispe1686@correo.pe,Trujillo,2025-08-21
1687,Sara Espinoza,sara.espinoza1687@correo.pe,Arequipa,2024-03-05
1688,Renzo Salazar,renzo.salazar1688@correo.pe,Cusco,2025-06-19
1689,Ana Castillo,ana.castillo1689@correo.pe,Tacna,2025-06-05
1690,Sara Flores,sara.flores1690@correo.pe,Arequipa,2024-09-16
1691,Camila Vargas,camila.vargas1691@correo.pe,Cusco,2024-05-05
1692,Nadia Ramos,nadia.ramos1692@correo.pe,Chiclayo,2025-10-15
1693,Jorge Ponce,jorge.ponce1693@correo.pe,Cusco,2024-10-10
1694,Andrés Quispe,andrés.quispe1694@correo.pe,Puno,2024-02-21
1695,Diego Aguilar,diego.aguilar1695@correo.pe,Iquitos,2025-01-12
1696,Iván Vargas,iván.vargas1696@correo.pe,Chiclayo,2024-11-04
1697,Julio Ponce,julio.ponce1697@correo.pe,Tacna,2026-03-07
1698,Ana Salazar,ana.salazar1698@correo.pe,Trujillo,2025-01-05
1699,Diego Flores,diego.flores1699@correo.pe,Cusco,2025-01-30
1700,Paola Vargas,paola.vargas1700@correo.pe,Piura,2025-12-03
1701,Iván Chávez,iván.chávez1701@correo.pe,Chiclayo,2025-09-04
1702,Óscar Vargas,óscar.vargas1702@correo.pe,Lima,2025-07-31
1703,Luis Espinoza,luis.espinoza1703@correo.pe,Piura,2024-03-29
1704,Carmen Rojas,carmen.rojas1704@correo.pe,Huancayo,2024-08-04
1705,Pablo Ponce,pablo.ponce1705@correo.pe,Tacna,2024-07-06
1706,Óscar Chávez,óscar.chávez1706@correo.pe,Tacna,2024-11-18
1707,Paola Aguilar,paola.aguilar1707@correo.pe,Trujillo,2024-10-26
1708,Elena Mendoza,elena.mendoza1708@correo.pe,Iquitos,2025-12-07
1709,Sara Mendoza,sara.mendoza1709@correo.pe,Huancayo,2026-01-06
1710,Nadia Ponce,nadia.ponce1710@correo.pe,Piura,2025-08-01
1711,Óscar Castillo,óscar.castillo1711@correo.pe,Piura,2024-10-07
1712,Valeria Paredes,valeria.paredes1712@correo.pe,Huancayo,2026-01-05
1713,Lucía Aguilar,lucía.aguilar1713@correo.pe,Piura,2024-03-30
1714,Andrés Ramos,andrés.ramos1714@correo.pe,Iquitos,2025-05-20
1715,Rosa Huamán,rosa.huamán1715@correo.pe,Chiclayo,2024-02-22
1716,Iván Flores,iván.flores1716@correo.pe,Iquitos,2025-07-17
1717,Lucía Vargas,lucía.vargas1717@correo.pe,Tacna,2025-06-16
1718,Rosa Mendoza,rosa.mendoza1718@correo.pe,Cusco,2024-01-29
1719,Renzo Huamán,renzo.huamán1719@correo.pe,Iquitos,2024-03-26
1720,Lucía Huamán,lucía.huamán1720@correo.pe,Trujillo,2024-01-31
1721,Pablo Huamán,pablo.huamán1721@correo.pe,Puno,2024-02-04
1722,Ana Rojas,ana.rojas1722@correo.pe,Lima,2024-09-18
1723,Jorge Espinoza,jorge.espinoza1723@correo.pe,Tacna,2025-05-12
1724,Rosa Paredes,rosa.paredes1724@correo.pe,Iquitos,2024-02-26
1725,Nadia Rojas,nadia.rojas1725@correo.pe,Piura,2025-05-20
1726,Carmen Ríos,carmen.ríos1726@correo.pe,Chiclayo,2025-06-08
1727,Andrés Paredes,andrés.paredes1727@correo.pe,Huancayo,2025-04-13
1728,Lucía Ramos,lucía.ramos1728@correo.pe,Piura,2024-05-15
1729,Carmen Flores,carmen.flores1729@correo.pe,Chiclayo,2025-10-16
1730,Rosa Espinoza,rosa.espinoza1730@correo.pe,Chiclayo,2025-04-27
1731,Rosa Chávez,rosa.chávez1731@correo.pe,Piura,2025-04-18
1732,Valeria Mendoza,valeria.mendoza1732@correo.pe,Puno,2025-01-05
1733,Camila Ponce,camila.ponce1733@correo.pe,Trujillo,2024-11-03
1734,Carmen Ponce,carmen.ponce1734@correo.pe,Tacna,2026-01-17
1735,Luis Quispe,luis.quispe1735@correo.pe,Iquitos,2025-07-01
1736,Andrés Flores,andrés.flores1736@correo.pe,Cusco,2025-08-31
1737,Pablo Paredes,pablo.paredes1737@correo.pe,Trujillo,2024-04-22
1738,Julio Salazar,julio.salazar1738@correo.pe,Piura,2024-10-07
1739,Carmen Castillo,carmen.castillo1739@correo.pe,Cusco,2024-12-24
1740,Nadia Castillo,nadia.castillo1740@correo.pe,Arequipa,2024-12-11
1741,Óscar Huamán,óscar.huamán1741@correo.pe,Chiclayo,2024-12-17
1742,Elena Aguilar,elena.aguilar1742@correo.pe,Cusco,2025-07-10
1743,Luis Quispe,luis.quispe1743@correo.pe,Tacna,2024-03-23
1744,Julio Huamán,julio.huamán1744@correo.pe,Piura,2025-09-01
1745,Sara Ramos,sara.ramos1745@correo.pe,Arequipa,2025-07-16
1746,Sara Aguilar,sara.aguilar1746@correo.pe,Chiclayo,2024-03-22
1747,Elena Castillo,elena.castillo1747@correo.pe,Puno,2024-12-09
1748,Renzo Cárdenas,renzo.cárdenas1748@correo.pe,Cusco,2024-02-26
1749,Paola Ponce,paola.ponce1749@correo.pe,Tacna,2025-03-28
1750,Iván Vargas,iván.vargas1750@correo.pe,Huancayo,2025-01-03
1751,Marco Quispe,marco.quispe1751@correo.pe,Puno,2026-02-14
1752,Rosa Aguilar,rosa.aguilar1752@correo.pe,Trujillo,2025-01-16
1753,Camila Ponce,camila.ponce1753@correo.pe,Arequipa,2025-09-11
1754,Lucía Mendoza,lucía.mendoza1754@correo.pe,Chiclayo,2024-12-12
1755,Jorge Huamán,jorge.huamán1755@correo.pe,Cusco,2025-10-24
1756,Paola Flores,paola.flores1756@correo.pe,Arequipa,2025-04-28
1757,Renzo Quispe,renzo.quispe1757@correo.pe,Piura,2025-12-02
1758,Marco Castillo,marco.castillo1758@correo.pe,Piura,2025-11-11
1759,Sara Ríos,sara.ríos1759@correo.pe,Arequipa,2025-12-21
1760,Julio Espinoza,julio.espinoza1760@correo.pe,Huancayo,2024-02-23
1761,Sara Huamán,sara.huamán1761@correo.pe,Arequipa,2025-06-23
1762,Julio Cárdenas,julio.cárdenas1762@correo.pe,Chiclayo,2024-10-11
1763,Lucía Vargas,lucía.vargas1763@correo.pe,Huancayo,2025-12-17
1764,Iván Quispe,iván.quispe1764@correo.pe,Trujillo,2025-04-30
1765,Marco Chávez,marco.chávez1765@correo.pe,Iquitos,2025-11-29
1766,Iván Espinoza,iván.espinoza1766@correo.pe,Piura,2025-08-11
1767,Rosa Ramos,rosa.ramos1767@correo.pe,Arequipa,2026-02-24
1768,Óscar Flores,óscar.flores1768@correo.pe,Piura,2026-03-03
1769,Pablo Mendoza,pablo.mendoza1769@correo.pe,Piura,2025-06-05
1770,Paola Vargas,paola.vargas1770@correo.pe,Trujillo,2025-02-26
1771,Diego Huamán,diego.huamán1771@correo.pe,Lima,2025-04-30
1772,Camila Aguilar,camila.aguilar1772@correo.pe,Puno,2024-01-05
1773,Jorge Salazar,jorge.salazar1773@correo.pe,Chiclayo,2024-03-15
1774,Carmen Chávez,carmen.chávez1774@correo.pe,Cusco,2024-11-30
1775,Iván Vargas,iván.vargas1775@correo.pe,Tacna,2025-12-17
1776,Luis Vargas,luis.vargas1776@correo.pe,Lima,2025-12-29
1777,Sara Ramos,sara.ramos1777@correo.pe,Iquitos,2024-07-08
1778,Jorge Castillo,jorge.castillo1778@correo.pe,Cusco,2024-11-28
1779,Nadia Flores,nadia.flores1779@correo.pe,Piura,2025-03-20
1780,Paola Castillo,paola.castillo1780@correo.pe,Huancayo,2024-05-25
1781,Jorge Quispe,jorge.quispe1781@correo.pe,Tacna,2024-11-13
1782,Renzo Ramos,renzo.ramos1782@correo.pe,Piura,2024-04-07
1783,Ana Salazar,ana.salazar1783@correo.pe,Puno,2024-08-12
1784,Sara Castillo,sara.castillo1784@correo.pe,Piura,2024-09-01
1785,Julio Quispe,julio.quispe1785@correo.pe,Iquitos,2025-02-19
1786,Valeria Castillo,valeria.castillo1786@correo.pe,Lima,2025-07-10
1787,Carmen Ramos,carmen.ramos1787@correo.pe,Tacna,2026-03-10
1788,Carmen Vargas,carmen.vargas1788@correo.pe,Puno,2025-03-23
1789,Marco Ríos,marco.ríos1789@correo.pe,Tacna,2024-03-18
1790,Valeria Ramos,valeria.ramos1790@correo.pe,Piura,2024-06-23
1791,Óscar Salazar,óscar.salazar1791@correo.pe,Arequipa,2025-04-21
1792,Sara Ramos,sara.ramos1792@correo.pe,Tacna,2024-12-27
1793,Julio Espinoza,julio.espinoza1793@correo.pe,Tacna,2025-08-03
1794,Ana Ríos,ana.ríos1794@correo.pe,Iquitos,2024-02-14
1795,Diego Vargas,diego.vargas1795@correo.pe,Iquitos,2025-12-03
1796,Diego Vargas,diego.vargas1796@correo.pe,Arequipa,2025-04-18
1797,Pablo Paredes,pablo.paredes1797@correo.pe,Huancayo,2024-04-15
1798,Pablo Castillo,pablo.castillo1798@correo.pe,Trujillo,2025-12-19
1799,Rosa Ponce,rosa.ponce1799@correo.pe,Piura,2025-05-01
1800,Julio Espinoza,julio.espinoza1800@correo.pe,Cusco,2026-01-18
1801,Sara Ríos,sara.ríos1801@correo.pe,Iquitos,2024-08-22
1802,Nadia Mendoza,nadia.mendoza1802@correo.pe,Lima,2025-01-25
1803,Ana Ponce,ana.ponce1803@correo.pe,Tacna,2024-10-20
1804,Ana Ponce,ana.ponce1804@correo.pe,Iquitos,2024-06-22
1805,Nadia Huamán,nadia.huamán1805@correo.pe,Iquitos,2025-06-13
1806,Iván Ramos,iván.ramos1806@correo.pe,Cusco,2025-02-28
1807,Paola Quispe,paola.quispe1807@correo.pe,Arequipa,2024-09-15
1808,Rosa Ramos,rosa.ramos1808@correo.pe,Huancayo,2024-12-10
1809,Sara Paredes,sara.paredes1809@correo.pe,Puno,2024-11-15
1810,Andrés Salazar,andrés.salazar1810@correo.pe,Lima,2025-12-01
1811,Ana Ríos,ana.ríos1811@correo.pe,Iquitos,2025-12-15
1812,Carmen Castillo,carmen.castillo1812@correo.pe,Piura,2026-02-26
1813,Paola Aguilar,paola.aguilar1813@correo.pe,Chiclayo,2024-01-04
1814,Julio Huamán,julio.huamán1814@correo.pe,Cusco,2026-01-21
1815,Rosa Huamán,rosa.huamán1815@correo.pe,Huancayo,2025-11-01
1816,Óscar Cárdenas,óscar.cárdenas1816@correo.pe,Tacna,2025-01-12
1817,Ana Quispe,ana.quispe1817@correo.pe,Trujillo,2025-04-27
1818,Valeria Ramos,valeria.ramos1818@correo.pe,Lima,2025-10-14
1819,Diego Castillo,diego.castillo1819@correo.pe,Huancayo,2025-07-06
1820,Marco Salazar,marco.salazar1820@correo.pe,Trujillo,2025-09-01
1821,Sara Cárdenas,sara.cárdenas1821@correo.pe,Huancayo,2025-04-26
1822,Pablo Ponce,pablo.ponce1822@correo.pe,Arequipa,2024-11-29
1823,Sara Cárdenas,sara.cárdenas1823@correo.pe,Tacna,2025-05-02
1824,Paola Vargas,paola.vargas1824@correo.pe,Arequipa,2024-06-11
1825,Luis Espinoza,luis.espinoza1825@correo.pe,Trujillo,2024-08-30
1826,Óscar Flores,óscar.flores1826@correo.pe,Cusco,2024-02-10
1827,Camila Ríos,camila.ríos1827@correo.pe,Puno,2025-11-11
1828,Nadia Quispe,nadia.quispe1828@correo.pe,Lima,2025-09-08
1829,Elena Castillo,elena.castillo1829@correo.pe,Trujillo,2024-11-18
1830,Camila Flores,camila.flores1830@correo.pe,Cusco,2025-11-29
1831,Jorge Paredes,jorge.paredes1831@correo.pe,Tacna,2024-08-30
1832,Nadia Ponce,nadia.ponce1832@correo.pe,Huancayo,2024-12-03
1833,Ana Paredes,ana.paredes1833@correo.pe,Lima,2026-03-03
1834,Paola Cárdenas,paola.cárdenas1834@correo.pe,Trujillo,2024-06-23
1835,Elena Mendoza,elena.mendoza1835@correo.pe,Arequipa,2024-07-22
1836,Andrés Mendoza,andrés.mendoza1836@correo.pe,Tacna,2025-04-05
1837,Carmen Aguilar,carmen.aguilar1837@correo.pe,Piura,2026-01-03
1838,Ana Mendoza,ana.mendoza1838@correo.pe,Iquitos,2025-12-02
1839,Camila Aguilar,camila.aguilar1839@correo.pe,Tacna,2024-05-04
1840,Julio Paredes,julio.paredes1840@correo.pe,Cusco,2024-07-09
1841,Luis Salazar,luis.salazar1841@correo.pe,Cusco,2025-04-19
1842,Paola Cárdenas,paola.cárdenas1842@correo.pe,Puno,2025-01-21
1843,Andrés Huamán,andrés.huamán1843@correo.pe,Lima,2024-05-18
1844,Luis Rojas,luis.rojas1844@correo.pe,Iquitos,2025-04-29
1845,Carmen Flores,carmen.flores1845@correo.pe,Chiclayo,2025-05-28
1846,Diego Castillo,diego.castillo1846@correo.pe,Puno,2025-06-23
1847,Jorge Chávez,jorge.chávez1847@correo.pe,Tacna,2026-03-06
1848,Rosa Ríos,rosa.ríos1848@correo.pe,Arequipa,2025-09-27
1849,Óscar Castillo,óscar.castillo1849@correo.pe,Iquitos,2025-08-19
1850,Elena Rojas,elena.rojas1850@correo.pe,Arequipa,2025-08-02
1851,Ana Ramos,ana.ramos1851@correo.pe,Huancayo,2024-03-14
1852,Paola Rojas,paola.rojas1852@correo.pe,Lima,2026-01-04
1853,Renzo Aguilar,renzo.aguilar1853@correo.pe,Arequipa,2024-01-29
1854,Marco Aguilar,marco.aguilar1854@correo.pe,Cusco,2024-11-01
1855,Valeria Chávez,valeria.chávez1855@correo.pe,Puno,2024-07-24
1856,Luis Flores,luis.flores1856@correo.pe,Iquitos,2025-08-16
1857,Valeria Flores,valeria.flores1857@correo.pe,Lima,2025-06-26
1858,Camila Vargas,camila.vargas1858@correo.pe,Lima,2025-08-01
1859,Sara Ponce,sara.ponce1859@correo.pe,Huancayo,2025-08-01
1860,Andrés Mendoza,andrés.mendoza1860@correo.pe,Arequipa,2024-03-29
1861,Iván Aguilar,iván.aguilar1861@correo.pe,Chiclayo,2026-01-05
1862,Jorge Huamán,jorge.huamán1862@correo.pe,Cusco,2024-07-19
1863,Sara Cárdenas,sara.cárdenas1863@correo.pe,Piura,2026-03-03
1864,Carmen Ríos,carmen.ríos1864@correo.pe,Trujillo,2025-02-01
1865,Diego Rojas,diego.rojas1865@correo.pe,Piura,2025-07-10
1866,Renzo Aguilar,renzo.aguilar1866@correo.pe,Arequipa,2025-01-24
1867,Marco Espinoza,marco.espinoza1867@correo.pe,Huancayo,2025-03-31
1868,Sara Vargas,sara.vargas1868@correo.pe,Tacna,2025-06-25
1869,Sara Paredes,sara.paredes1869@correo.pe,Chiclayo,2024-03-30
1870,Carmen Rojas,carmen.rojas1870@correo.pe,Huancayo,2024-07-16
1871,Pablo Espinoza,pablo.espinoza1871@correo.pe,Piura,2024-09-13
1872,Elena Mendoza,elena.mendoza1872@correo.pe,Iquitos,2024-08-28
1873,Diego Castillo,diego.castillo1873@correo.pe,Piura,2024-06-19
1874,Óscar Salazar,óscar.salazar1874@correo.pe,Tacna,2025-08-23
1875,Andrés Huamán,andrés.huamán1875@correo.pe,Lima,2025-06-28
1876,Luis Aguilar,luis.aguilar1876@correo.pe,Piura,2026-02-25
1877,Carmen Quispe,carmen.quispe1877@correo.pe,Lima,2024-03-30
1878,Sara Ríos,sara.ríos1878@correo.pe,Trujillo,2025-11-01
1879,Iván Ríos,iván.ríos1879@correo.pe,Trujillo,2024-07-25
1880,Lucía Cárdenas,lucía.cárdenas1880@correo.pe,Tacna,2025-10-07
1881,Andrés Salazar,andrés.salazar1881@correo.pe,Lima,2024-01-30
1882,Sara Paredes,sara.paredes1882@correo.pe,Tacna,2024-09-14
1883,Paola Quispe,paola.quispe1883@correo.pe,Piura,2025-07-30
1884,Jorge Rojas,jorge.rojas1884@correo.pe,Arequipa,2025-10-23
1885,Sara Flores,sara.flores1885@correo.pe,Piura,2024-09-19
1886,Lucía Ramos,lucía.ramos1886@correo.pe,Huancayo,2025-07-23
1887,Julio Ponce,julio.ponce1887@correo.pe,Piura,2024-01-18
1888,Diego Espinoza,diego.espinoza1888@correo.pe,Piura,2025-07-31
1889,Jorge Castillo,jorge.castillo1889@correo.pe,Puno,2026-02-26
1890,Elena Aguilar,elena.aguilar1890@correo.pe,Trujillo,2025-12-15
1891,Valeria Quispe,valeria.quispe1891@correo.pe,Trujillo,2025-08-21
1892,Jorge Vargas,jorge.vargas1892@correo.pe,Piura,2024-02-07
1893,Diego Castillo,diego.castillo1893@correo.pe,Chiclayo,2025-02-20
1894,Carmen Ramos,carmen.ramos1894@correo.pe,Arequipa,2024-02-20
1895,Renzo Vargas,renzo.vargas1895@correo.pe,Arequipa,2024-08-14
1896,Carmen Rojas,carmen.rojas1896@correo.pe,Tacna,2024-01-03
1897,Elena Mendoza,elena.mendoza1897@correo.pe,Arequipa,2024-11-08
1898,Camila Aguilar,camila.aguilar1898@correo.pe,Piura,2025-12-26
1899,Jorge Espinoza,jorge.espinoza1899@correo.pe,Lima,2025-06-01
1900,Pablo Castillo,pablo.castillo1900@correo.pe,Arequipa,2024-09-14
1901,Elena Vargas,elena.vargas1901@correo.pe,Cusco,2024-02-08
1902,Camila Ríos,camila.ríos1902@correo.pe,Arequipa,2025-11-26
1903,Julio Mendoza,julio.mendoza1903@correo.pe,Cusco,2026-02-17
1904,Elena Ríos,elena.ríos1904@correo.pe,Piura,2024-01-01
1905,Diego Flores,diego.flores1905@correo.pe,Chiclayo,2026-03-09
1906,Andrés Ramos,andrés.ramos1906@correo.pe,Piura,2025-02-21
1907,Andrés Rojas,andrés.rojas1907@correo.pe,Cusco,2024-05-13
1908,Pablo Castillo,pablo.castillo1908@correo.pe,Tacna,2025-01-18
1909,Carmen Ponce,carmen.ponce1909@correo.pe,Iquitos,2025-01-06
1910,Nadia Ponce,nadia.ponce1910@correo.pe,Iquitos,2025-01-29
1911,Rosa Ríos,rosa.ríos1911@correo.pe,Lima,2025-01-04
1912,Diego Huamán,diego.huamán1912@correo.pe,Tacna,2025-05-30
1913,Óscar Castillo,óscar.castillo1913@correo.pe,Iquitos,2025-02-27
1914,Valeria Vargas,valeria.vargas1914@correo.pe,Tacna,2024-10-22
1915,Jorge Ríos,jorge.ríos1915@correo.pe,Iquitos,2024-11-15
1916,Luis Rojas,luis.rojas1916@correo.pe,Arequipa,2025-12-03
1917,Rosa Ramos,rosa.ramos1917@correo.pe,Puno,2024-08-31
1918,Luis Quispe,luis.quispe1918@correo.pe,Chiclayo,2025-11-30
1919,Paola Salazar,paola.salazar1919@correo.pe,Iquitos,2025-05-19
1920,Paola Rojas,paola.rojas1920@correo.pe,Lima,2025-01-22
1921,Valeria Mendoza,valeria.mendoza1921@correo.pe,Huancayo,2024-04-08
1922,Camila Huamán,camila.huamán1922@correo.pe,Cusco,2024-10-02
1923,Luis Quispe,luis.quispe1923@correo.pe,Tacna,2025-09-21
1924,Renzo Flores,renzo.flores1924@correo.pe,Piura,2024-03-07
1925,Sara Quispe,sara.quispe1925@correo.pe,Puno,2026-03-08
1926,Iván Castillo,iván.castillo1926@correo.pe,Chiclayo,2025-06-28
1927,Camila Flores,camila.flores1927@correo.pe,Puno,2024-09-13
1928,Camila Ramos,camila.ramos1928@correo.pe,Lima,2026-03-09
1929,Carmen Ponce,carmen.ponce1929@correo.pe,Puno,2024-05-11
1930,Julio Aguilar,julio.aguilar1930@correo.pe,Arequipa,2025-08-02
1931,Elena Paredes,elena.paredes1931@correo.pe,Iquitos,2025-06-17
1932,Luis Ponce,luis.ponce1932@correo.pe,Lima,2025-11-11
1933,Rosa Salazar,rosa.salazar1933@correo.pe,Trujillo,2026-01-23
1934,Sara Mendoza,sara.mendoza1934@correo.pe,Arequipa,2025-06-18
1935,Nadia Castillo,nadia.castillo1935@correo.pe,Tacna,2024-12-17
1936,Rosa Salazar,rosa.salazar1936@correo.pe,Tacna,2024-11-02
1937,Renzo Flores,renzo.flores1937@correo.pe,Cusco,2025-10-18
1938,Carmen Chávez,carmen.chávez1938@correo.pe,Iquitos,2025-08-09
1939,Jorge Vargas,jorge.vargas1939@correo.pe,Huancayo,2024-04-22
1940,Carmen Ramos,carmen.ramos1940@correo.pe,Trujillo,2026-01-15
1941,Iván Quispe,iván.quispe1941@correo.pe,Chiclayo,2024-12-20
1942,Elena Huamán,elena.huamán1942@correo.pe,Lima,2024-12-14
1943,Pablo Flores,pablo.flores1943@correo.pe,Piura,2026-02-14
1944,Jorge Ramos,jorge.ramos1944@correo.pe,Huancayo,2026-02-28
1945,Carmen Salazar,carmen.salazar1945@correo.pe,Tacna,2024-08-31
1946,Nadia Ramos,nadia.ramos1946@correo.pe,Chiclayo,2024-09-30
1947,Jorge Huamán,jorge.huamán1947@correo.pe,Iquitos,2025-06-21
1948,Ana Ramos,ana.ramos1948@correo.pe,Iquitos,2025-01-30
1949,Iván Ponce,iván.ponce1949@correo.pe,Puno,2024-04-26
1950,Luis Castillo,luis.castillo1950@correo.pe,Lima,2025-08-11
1951,Óscar Aguilar,óscar.aguilar1951@correo.pe,Chiclayo,2026-03-02
1952,Diego Espinoza,diego.espinoza1952@correo.pe,Lima,2024-06-30
1953,Andrés Aguilar,andrés.aguilar1953@correo.pe,Puno,2025-10-18
1954,Sara Vargas,sara.vargas1954@correo.pe,Arequipa,2025-02-16
1955,Nadia Salazar,nadia.salazar1955@correo.pe,Puno,2026-02-10
1956,Rosa Mendoza,rosa.mendoza1956@correo.pe,Trujillo,2024-02-24
1957,Lucía Rojas,lucía.rojas1957@correo.pe,Chiclayo,2024-02-01
1958,Óscar Vargas,óscar.vargas1958@correo.pe,Tacna,2025-06-13
1959,Valeria Aguilar,valeria.aguilar1959@correo.pe,Puno,2024-09-28
1960,Diego Salazar,diego.salazar1960@correo.pe,Puno,2024-08-18
1961,Paola Espinoza,paola.espinoza1961@correo.pe,Cusco,2024-08-27
1962,Paola Vargas,paola.vargas1962@correo.pe,Huancayo,2024-05-06
1963,Marco Castillo,marco.castillo1963@correo.pe,Chiclayo,2025-06-30
1964,Óscar Vargas,óscar.vargas1964@correo.pe,Chiclayo,2025-01-15
1965,Nadia Vargas,nadia.vargas1965@correo.pe,Cusco,2024-04-24
1966,Nadia Ríos,nadia.ríos1966@correo.pe,Lima,2025-07-26
1967,Diego Cárdenas,diego.cárdenas1967@correo.pe,Iquitos,2025-06-01
1968,Elena Cárdenas,elena.cárdenas1968@correo.pe,Trujillo,2024-03-16
1969,Valeria Rojas,valeria.rojas1969@correo.pe,Arequipa,2025-04-20
1970,Jorge Salazar,jorge.salazar1970@correo.pe,Arequipa,2024-04-08
1971,Rosa Castillo,rosa.castillo1971@correo.pe,Tacna,2024-01-16
1972,Valeria Castillo,valeria.castillo1972@correo.pe,Puno,2024-01-09
1973,Nadia Flores,nadia.flores1973@correo.pe,Puno,2025-05-23
1974,Iván Ramos,iván.ramos1974@correo.pe,Chiclayo,2024-04-07
1975,Rosa Paredes,rosa.paredes1975@correo.pe,Piura,2025-05-06
1976,Ana Ponce,ana.ponce1976@correo.pe,Iquitos,2025-01-05
1977,Camila Ramos,camila.ramos1977@correo.pe,Iquitos,2024-07-02
1978,Óscar Huamán,óscar.huamán1978@correo.pe,Iquitos,2025-11-12
1979,Julio Ponce,julio.ponce1979@correo.pe,Iquitos,2025-06-05
1980,Diego Salazar,diego.salazar1980@correo.pe,Lima,2025-08-17
1981,Valeria Mendoza,valeria.mendoza1981@correo.pe,Trujillo,2024-06-01
1982,Diego Mendoza,diego.mendoza1982@correo.pe,Tacna,2025-01-22
1983,Rosa Flores,rosa.flores1983@correo.pe,Chiclayo,2024-01-14
1984,Ana Aguilar,ana.aguilar1984@correo.pe,Puno,2024-07-18
1985,Sara Espinoza,sara.espinoza1985@correo.pe,Cusco,2024-01-22
1986,Jorge Ríos,jorge.ríos1986@correo.pe,Arequipa,2025-07-17
1987,Lucía Paredes,lucía.paredes1987@correo.pe,Lima,2025-11-02
1988,Andrés Ramos,andrés.ramos1988@correo.pe,Arequipa,2025-02-25
1989,Iván Espinoza,iván.espinoza1989@correo.pe,Iquitos,2025-11-07
1990,Ana Salazar,ana.salazar1990@correo.pe,Trujillo,2025-05-20
1991,Paola Cárdenas,paola.cárdenas1991@correo.pe,Tacna,2024-05-14
1992,Ana Rojas,ana.rojas1992@correo.pe,Puno,2025-11-12
1993,Rosa Aguilar,rosa.aguilar1993@correo.pe,Iquitos,2025-05-19
1994,Elena Vargas,elena.vargas1994@correo.pe,Chiclayo,2025-10-12
1995,Valeria Huamán,valeria.huamán1995@correo.pe,Cusco,2024-04-17
1996,Lucía Huamán,lucía.huamán1996@correo.pe,Cusco,2024-07-19
1997,Óscar Huamán,óscar.huamán1997@correo.pe,Puno,2024-02-27
1998,Óscar Cárdenas,óscar.cárdenas1998@correo.pe,Piura,2025-06-26
1999,Julio Salazar,julio.salazar1999@correo.pe,Lima,2024-10-28
2000,Ana Ramos,ana.ramos2000@correo.pe,Piura,2024-05-04
