id,pedido_id,producto_id,cantidad,precio_unitario
1,1544,494,3,1894.12
2,3745,41,3,3883.44
3,1318,543,4,4196.16
4,2934,720,1,2725.48
5,4532,593,4,2899.6
6,2366,463,4,2890.28
7,160,265,5,2180.0
8,4184,795,1,3821.08
9,3849,52,2,4121.72
10,3503,234,1,2729.66
11,5544,646,3,3768.27
12,3874,610,1,604.25
13,4387,616,2,2338.16
14,5189,27,1,969.82
15,3092,202,1,3409.12
16,5287,114,4,2493.23
17,4470,289,2,2545.71
18,1383,665,5,1465.07
19,1314,62,2,3142.56
20,1070,693,3,4107.28
21,3161,784,2,3594.86
22,5693,112,3,2237.06
23,4166,653,5,3714.83
24,2058,219,2,515.01
25,5075,664,5,912.48
26,4146,38,1,1702.41
27,1149,745,4,1897.6
28,2767,55,3,2899.46
29,3757,37,5,3141.04
30,5727,120,3,2460.37
31,47,686,3,1033.01
32,3380,640,4,2097.68
33,2781,445,5,2805.74
34,4782,417,1,3240.98
35,1093,798,1,1656.95
36,24,256,1,3917.52
37,4571,56,2,3807.05
38,3707,611,2,3061.97
39,746,219,2,375.44
40,379,790,4,603.7
41,2749,612,5,2186.38
42,1660,761,5,1979.83
43,4996,328,2,2422.24
44,3551,55,3,1573.94
45,5463,151,3,4081.73
46,1305,702,2,2141.34
47,107,42,2,938.13
48,2872,290,3,2415.39
49,5389,674,5,1253.68
50,3427,300,5,3373.32
51,2406,75,2,847.75
52,5781,620,2,3446.73
53,4257,264,2,3327.01
54,5384,359,2,2166.73
55,2132,705,1,4100.24
56,779,270,2,2138.11
57,5144,70,1,741.77
58,5030,274,2,3035.08
59,3054,98,1,918.34
60,3585,183,5,3518.9
61,2786,276,5,4189.28
62,1026,661,2,3495.4
63,170,459,1,758.29
64,5082,461,4,889.34
65,5951,392,1,3186.14
66,517,524,3,768.4
67,1921,206,5,2092.36
68,1474,552,1,459.93
69,3828,122,5,3228.95
70,3969,721,2,3269.37
71,1555,184,1,769.19
72,5576,75,2,1402.26
73,2587,109,1,3693.69
74,5187,785,1,523.35
75,3816,214,2,3874.73
76,455,24,3,1692.02
77,908,792,5,3889.88
78,2852,121,1,4180.87
79,4230,75,5,3086.15
80,5784,774,2,1816.45
81,5696,43,5,3111.56
82,2265,228,4,426.54
83,742,452,1,893.78
84,5936,565,4,3161.61
85,3834,146,1,1410.4
86,4439,685,4,1016.99
87,1600,194,3,2524.18
88,4350,88,3,1893.52
89,391,703,3,2862.83
90,269,449,2,740.17
91,718,729,2,2342.54
92,5888,329,5,604.46
93,3875,265,2,3383.6
94,5313,323,2,756.12
95,799,689,5,3739.48
96,2464,66,2,1634.89
97,5447,168,2,2500.85
98,985,304,1,1288.23
99,1321,178,1,627.08
100,881,68,3,3494.69
101,949,264,1,1891.61
102,3241,683,4,2660.28
103,4103,101,5,2160.44
104,5411,336,1,2282.18
105,545,528,4,1532.44
106,656,736,4,1336.22
107,976,85,1,1898.37
108,4135,414,4,1596.54
109,5840,308,1,624.99
110,5873,310,1,3746.6
111,1358,594,5,324.66
112,697,213,5,3421.88
113,4976,186,1,1641.03
114,2169,597,1,1386.22
115,245,779,4,3475.13
116,3160,164,4,300.7
117,4128,757,3,2707.56
118,4892,498,5,3607.73
119,4572,309,4,3402.55
120,4169,565,1,2108.69
121,3538,68,4,3557.18
122,2549,207,2,1918.09
123,259,607,1,1586.66
124,5919,443,4,2759.93
125,1969,120,3,1407.13
126,4522,372,4,2160.25
127,1601,179,5,885.59
128,3309,481,1,1569.01
129,1716,161,5,1864.92
130,58,773,3,3611.71
131,4551,512,1,2124.03
132,3360,713,3,3836.35
133,3778,61,5,2522.35
134,1331,109,4,2786.84
135,1916,714,2,595.82
136,3586,273,2,428.79
137,3696,278,1,190.72
138,3263,760,2,3960.42
139,5712,356,2,4043.62
140,927,184,2,2250.38
141,2839,143,3,2084.52
142,818,589,1,3550.84
143,3265,430,4,2662.89
144,1427,421,5,1154.93
145,4967,140,3,846.76
146,1972,34,1,2103.49
147,3890,63,4,3693.09
148,3207,55,2,3041.24
149,862,650,2,2186.81
150,3246,637,5,2065.27
151,5394,241,4,1440.36
152,42,672,4,1483.17
153,937,681,5,3551.57
154,5166,680,2,2367.02
155,3975,495,4,2362.75
156,545,563,5,4138.36
157,5816,570,3,3124.87
158,3743,755,3,4183.78
159,2442,247,4,3600.49
160,3210,430,4,3279.3
161,2089,334,3,1328.15
162,3577,56,5,3581.7
163,1947,33,2,2372.56
164,3139,477,4,3234.71
165,2237,750,3,225.3
166,5579,186,2,682.83
167,941,672,1,877.29
168,3851,426,1,1798.55
169,753,567,4,3922.43
170,4808,218,1,1346.23
171,3302,14,4,881.45
172,833,400,2,246.59
173,5440,264,5,2270.77
174,2412,329,4,3120.78
175,2574,103,4,3203.69
176,4549,772,3,3678.39
177,4734,770,2,166.15
178,4246,666,2,2976.81
179,4129,255,1,1882.17
180,5584,119,3,2480.89
181,4215,750,1,3988.61
182,3504,707,3,3268.47
183,5640,800,1,3043.55
184,4869,548,5,1177.11
185,2803,326,1,367.47
186,3888,365,1,3177.6
187,3013,66,5,1386.05
188,928,607,2,649.6
189,4556,107,5,1831.1
190,5979,445,2,3364.31
191,4965,309,4,3381.84
192,5425,606,3,988.47
193,4060,132,5,2166.13
194,5218,405,2,2454.2
195,3569,505,5,1771.73
196,1817,775,3,3723.57
197,904,341,4,2027.04
198,1743,194,2,128.69
199,4700,696,3,2546.91
200,2043,796,2,3868.65
201,1514,140,5,3841.78
202,5762,704,4,1580.03
203,3161,214,2,2788.2
204,2692,112,2,1840.19
205,5444,733,5,3911.32
206,3935,464,1,3945.77
207,2662,551,5,1722.45
208,1499,365,3,309.09
209,760,51,3,2382.35
210,4159,640,3,463.8
211,915,412,5,125.11
212,4989,478,2,573.06
213,3688,208,5,584.0
214,2478,473,2,3317.95
215,3492,280,2,522.82
216,660,311,5,231.28
217,1812,440,1,3792.76
218,5479,374,5,1362.92
219,2394,299,3,3457.03
220,86,347,5,2962.71
221,4822,339,3,2482.98
222,844,209,1,1850.24
223,4539,395,5,1341.06
224,3647,427,2,375.38
225,1930,398,4,3736.0
226,794,251,4,3074.79
227,2250,511,3,2891.22
228,5454,749,5,533.44
229,4939,683,3,2321.08
230,5105,668,1,1028.37
231,2248,103,4,2012.32
232,1699,728,1,370.4
233,4919,611,3,1176.52
234,1816,505,1,17.62
235,3129,526,3,3478.67
236,5002,374,5,116.65
237,493,416,5,3269.96
238,1461,659,1,373.41
239,3027,455,4,1944.75
240,2851,390,1,2217.57
241,5082,456,1,2959.41
242,4957,342,5,2409.91
243,796,299,5,3908.25
244,2529,426,3,478.98
245,3312,341,1,2454.65
246,3597,266,4,1483.48
247,4831,326,1,64.02
248,3721,151,1,3160.53
249,248,625,4,3607.52
250,920,138,2,1593.3
251,357,394,3,3561.35
252,80,60,4,3794.63
253,1270,564,3,1625.03
254,2745,428,5,3348.98
255,3045,194,5,2731.47
256,3226,391,5,342.6
257,2682,317,3,994.3
258,2293,191,1,1353.52
259,4662,328,5,1916.66
260,2724,684,5,2441.79
261,4254,11,1,2533.48
262,2409,85,3,465.35
263,2377,444,2,767.11
264,4575,353,4,797.21
265,866,429,1,2560.67
266,626,262,1,3691.17
267,1164,694,4,2516.66
268,5251,479,1,2644.83
269,524,748,2,1256.29
270,1949,439,4,1364.35
271,3376,115,4,3806.55
272,4493,389,4,3913.33
273,3466,650,3,3470.86
274,4828,433,3,2622.85
275,5753,328,2,100.3
276,1733,707,1,2763.78
277,1398,466,5,120.36
278,5558,575,3,1014.41
279,4598,670,5,2668.96
280,791,630,2,3032.07
281,1345,551,3,552.05
282,4591,529,5,1743.53
283,1696,35,2,1690.3
284,5834,112,2,3265.28
285,3304,255,1,2284.92
286,5401,4,1,982.2
287,3308,33,5,3067.61
288,767,134,4,2172.13
289,344,728,4,3184.06
290,5345,233,2,1628.91
291,283,443,2,1948.24
292,248,138,2,4127.91
293,5005,387,5,4015.72
294,1525,495,3,2883.09
295,1422,92,4,1586.93
296,3906,542,2,3975.4
297,4319,205,5,1636.11
298,3195,103,2,760.24
299,161,791,4,3909.26
300,576,709,1,1279.49
301,5870,469,4,2165.03
302,5044,113,5,636.88
303,5153,754,4,3734.88
304,2259,633,3,365.73
305,1152,68,2,3456.13
306,1472,776,1,2450.72
307,2289,87,5,480.25
308,113,86,4,3269.99
309,4476,145,5,2909.89
310,4472,84,1,482.91
311,506,23,5,4031.5
312,2628,47,2,942.23
313,5326,290,1,1262.4
314,4234,254,2,4150.64
315,5087,442,2,3636.94
316,4403,118,3,3570.41
317,1156,196,5,1272.16
318,5730,219,3,15.3
319,5857,188,4,3972.48
320,2617,131,4,2778.79
321,3904,547,2,2611.37
322,5926,784,3,2637.39
323,4517,236,5,2601.42
324,5069,443,5,2545.85
325,1725,524,4,3688.56
326,2731,250,2,3592.27
327,3204,59,1,1516.25
328,1798,570,5,2797.23
329,1879,7,3,2774.07
330,2839,315,5,2125.53
331,5759,257,1,2559.02
332,5826,162,3,3887.54
333,1523,194,3,3793.13
334,541,742,1,1132.36
335,5828,758,5,1070.33
336,3923,411,2,3185.12
337,5661,644,3,2551.96
338,5522,199,4,3278.1
339,221,97,3,3516.36
340,1194,374,2,2419.05
341,4496,418,3,2748.08
342,1222,611,3,3061.16
343,2541,568,3,3356.65
344,2160,505,4,1709.38
345,2976,378,3,848.94
346,1973,98,3,465.91
347,4855,71,1,2317.99
348,1992,4,2,1143.53
349,4215,331,2,3112.58
350,1538,736,2,1922.49
351,4146,150,2,3029.26
352,1471,101,3,164.21
353,3840,563,1,326.41
354,4111,532,5,2949.18
355,5499,472,2,3831.87
356,5680,175,3,3631.38
357,3301,657,4,3820.14
358,635,763,4,864.87
359,5909,593,5,3996.51
360,2309,782,4,4006.52
361,5293,185,4,1393.16
362,1401,591,5,1324.26
363,3052,411,1,3043.37
364,4197,629,4,1533.41
365,2451,321,2,865.72
366,4781,669,4,3604.11
367,860,152,2,1293.56
368,2038,64,2,2187.56
369,1286,178,1,2242.83
370,3294,157,3,641.9
371,3647,756,2,95.05
372,2175,504,1,3305.63
373,2062,379,2,4026.21
374,2897,357,4,1701.82
375,2394,706,5,2597.93
376,4465,728,2,3804.71
377,3815,322,4,2015.83
378,5597,719,1,766.41
379,5507,680,5,3679.15
380,666,567,1,4063.77
381,4145,303,2,2639.47
382,5123,711,1,2544.92
383,4777,466,2,1554.56
384,4980,21,4,3749.59
385,2399,113,3,2978.31
386,2513,690,2,1842.18
387,2618,628,3,3243.8
388,4058,679,3,798.44
389,2578,155,1,3805.36
390,5749,94,4,933.14
391,5762,514,1,21.7
392,201,1,4,1836.39
393,3379,245,3,1227.5
394,4871,376,4,1465.37
395,5037,616,1,1258.86
396,1382,75,5,2881.12
397,5205,178,3,4109.91
398,4335,293,1,4057.37
399,178,119,1,135.74
400,1181,197,3,3552.04
401,1074,681,2,2344.78
402,574,475,4,3148.41
403,2854,265,1,3449.21
404,3021,336,3,1853.29
405,5500,119,3,1016.91
406,3505,68,5,2188.92
407,3945,337,4,2290.78
408,3515,309,1,3785.48
409,594,672,1,2648.45
410,2348,671,5,12.57
411,5410,602,1,77.27
412,2589,12,1,3920.93
413,1019,595,1,1827.29
414,4154,583,5,2272.24
415,3985,654,5,73.91
416,3931,570,3,1047.59
417,1411,634,3,3109.23
418,2534,94,3,3181.08
419,3270,569,4,3123.2
420,1366,235,5,642.9
421,120,661,1,3878.61
422,741,417,4,947.69
423,3131,607,3,3137.31
424,3431,286,4,1092.12
425,2467,18,4,1058.43
426,5503,697,3,2998.44
427,2019,333,5,1537.75
428,4584,602,5,173.96
429,5405,214,5,3244.61
430,4898,30,3,4044.94
431,1473,551,3,876.94
432,3922,540,1,412.11
433,778,398,1,156.14
434,5847,562,3,2688.56
435,4286,791,2,92.03
436,1227,167,5,1422.29
437,1938,614,1,2988.32
438,594,572,1,2817.09
439,4207,146,1,3958.8
440,2899,593,3,3980.95
441,531,245,5,2673.71
442,3898,388,3,2971.17
443,351,154,1,4019.03
444,5910,100,1,2504.2
445,5347,707,4,3935.07
446,185,228,1,4174.57
447,1950,58,1,3218.49
448,2372,698,4,3394.56
449,5325,602,3,2446.15
450,1257,751,5,210.55
451,2191,693,3,1646.27
452,5429,95,2,3669.92
453,817,243,1,4132.81
454,1788,102,2,1787.55
455,4215,690,3,3389.4
456,3647,122,3,3409.66
457,2285,681,3,3090.54
458,4298,718,2,2882.06
459,5579,714,2,4049.3
460,1633,721,2,2358.02
461,3970,411,3,809.58
462,1636,379,1,138.48
463,4548,531,1,4080.46
464,3284,607,1,1975.37
465,5114,624,5,3652.65
466,5409,187,1,1512.4
467,4473,236,1,1594.64
468,1209,356,3,758.22
469,4287,545,1,3327.44
470,3002,440,3,1695.02
471,1316,166,3,1886.78
472,5127,680,4,1716.82
473,5179,196,5,1708.95
474,4398,422,1,670.46
475,4466,525,5,1743.59
476,3862,228,5,2798.53
477,2275,402,1,572.08
478,2463,754,3,3511.13
479,1508,527,4,3878.63
480,340,86,1,1899.4
481,153,264,2,2331.81
482,3188,518,1,1041.37
483,174,340,2,2291.89
484,4732,228,5,4009.37
485,5901,618,3,3869.58
486,1460,211,3,734.19
487,5029,346,3,3434.63
488,2864,709,1,3751.22
489,1181,456,4,3956.81
490,2328,675,1,2122.34
491,5009,212,2,1519.02
492,4916,159,3,992.15
493,627,522,4,4133.26
494,4560,375,2,901.91
495,495,88,1,3787.92
496,5803,620,4,395.95
497,3671,129,3,3760.59
498,1272,567,4,3427.51
499,808,520,5,2619.25
500,4831,229,1,3611.74
501,4053,468,4,554.02
502,4833,151,5,2073.8
503,2452,48,4,2873.05
504,4699,64,1,208.09
505,4305,484,4,253.2
506,5984,554,4,1874.48
507,3334,372,4,349.47
508,1413,203,2,1463.52
509,463,327,4,512.73
510,2727,187,4,1860.47
511,2069,287,1,4082.38
512,5048,475,4,3025.2
513,290,668,2,2037.68
514,773,593,5,1102.24
515,2178,129,3,4007.12
516,2699,468,1,472.47
517,2820,430,2,2284.6
518,3367,533,5,118.48
519,4818,589,5,1635.86
520,2115,297,2,1637.57
521,2874,4,2,3491.97
522,943,102,5,1799.79
523,344,266,5,2959.31
524,1437,624,1,3896.56
525,1813,217,5,2937.86
526,3779,135,5,1000.74
527,3614,755,4,3340.71
528,340,116,1,1876.75
529,2688,53,3,1444.6
530,2354,77,3,235.69
531,5176,336,4,2739.28
532,3065,248,2,2762.65
533,3835,7,3,3120.23
534,1822,431,1,1910.22
535,5623,280,4,127.12
536,3940,363,3,945.96
537,3479,306,4,251.7
538,478,185,1,575.99
539,3779,726,4,1236.52
540,700,728,2,3137.39
541,5128,338,1,196.41
542,357,737,2,2336.52
543,5774,752,3,2325.81
544,3823,89,4,1524.46
545,2345,612,2,1501.58
546,5508,574,1,1368.64
547,2374,472,2,3039.81
548,860,295,3,1913.35
549,947,683,5,1488.72
550,2318,664,3,2424.84
551,3927,164,5,3154.62
552,1094,722,4,3316.83
553,2717,686,3,1469.21
554,5921,672,1,162.6
555,2327,635,1,2620.86
556,2617,485,1,1289.42
557,3358,442,3,4064.66
558,2165,664,2,2749.24
559,918,666,4,2098.13
560,2818,286,2,1658.44
561,1710,645,1,257.26
562,5221,362,2,2145.7
563,2536,303,1,2336.22
564,3509,599,5,2714.41
565,4435,230,4,911.0
566,2014,245,4,927.55
567,3690,599,1,3483.17
568,2930,88,3,522.43
569,4668,188,1,810.46
570,4089,323,2,1345.9
571,475,497,1,1519.62
572,548,403,5,1413.22
573,3176,636,5,3762.2
574,3900,40,2,2051.56
575,5508,562,5,1002.06
576,3995,651,5,3733.35
577,4911,223,4,2705.69
578,2416,175,2,1879.13
579,3601,115,5,2669.14
580,3418,357,3,1779.91
581,2847,593,1,504.38
582,498,1,4,3966.06
583,5746,727,2,2183.5
584,3135,197,3,490.2
585,1367,454,5,2847.21
586,481,364,5,3316.83
587,3475,465,1,4071.42
588,2671,507,3,3389.79
589,2595,449,1,1870.55
590,5991,683,4,1381.85
591,4781,590,3,4070.55
592,5185,734,4,1952.59
593,4358,463,3,1280.6
594,1863,119,2,400.3
595,3770,3,5,3833.08
596,1584,654,2,2150.82
597,4907,44,1,4047.83
598,2421,395,5,1016.49
599,1742,758,4,1312.73
600,3543,676,3,2858.92
601,5836,18,2,2423.92
602,3766,729,3,225.41
603,4889,545,1,2427.71
604,4259,483,3,2571.93
605,1685,472,2,1324.56
606,557,557,3,3990.35
607,5395,149,3,288.46
608,935,495,4,3387.32
609,3360,673,2,283.58
610,668,606,5,2795.5
611,1257,81,3,2536.61
612,5298,233,5,2924.32
613,2866,381,4,4182.05
614,3191,412,3,977.97
615,4608,489,2,573.37
616,5700,485,3,423.0
617,2702,575,4,1384.63
618,2044,182,5,78.02
619,2371,194,3,1261.72
620,5765,75,3,1222.82
621,4373,693,4,3479.7
622,3451,797,5,3989.62
623,5421,508,2,1055.01
624,692,216,3,396.65
625,2993,649,5,3370.02
626,685,469,5,1776.24
627,3501,789,5,2836.61
628,5237,4,5,3760.6
629,4900,581,4,1404.73
630,2945,705,1,3478.04
631,2787,663,5,1302.35
632,329,279,2,2032.01
633,2012,458,1,670.27
634,4626,142,5,3608.0
635,4460,412,2,4112.17
636,5552,471,4,773.85
637,5101,465,3,3522.05
638,169,699,1,4035.84
639,5149,308,3,2809.54
640,3545,522,3,185.02
641,4924,351,2,3797.5
642,3910,710,5,989.49
643,3546,782,2,69.89
644,2371,70,2,3243.16
645,2752,41,1,1700.38
646,2110,187,4,2147.01
647,1815,413,3,1571.42
648,3971,417,3,325.23
649,2257,119,5,2804.64
650,5478,684,2,525.37
651,4881,580,3,88.4
652,1815,687,1,3545.92
653,3528,707,4,88.39
654,4967,790,1,3076.69
655,2668,84,2,3310.91
656,3753,360,5,3355.27
657,4926,511,1,3905.37
658,908,450,3,3097.57
659,5384,103,3,2293.87
660,5533,797,5,3734.73
661,2591,725,2,3127.68
662,5527,250,1,2973.95
663,5972,464,3,1489.89
664,4532,202,5,3838.76
665,3422,15,2,2061.54
666,335,20,2,2386.32
667,2172,167,5,2372.73
668,909,635,4,2152.79
669,1937,36,2,3393.47
670,3105,203,3,3128.28
671,271,212,5,1106.79
672,5224,341,1,2679.47
673,5278,683,5,2691.78
674,3005,655,4,1788.64
675,5361,483,2,1382.09
676,1645,280,5,3132.21
677,1614,354,2,798.66
678,2967,144,1,326.89
679,2077,163,3,1893.43
680,3761,748,4,23.17
681,1920,29,1,135.63
682,4541,774,3,3389.74
683,4147,494,5,783.19
684,2583,557,4,97.21
685,1743,237,1,1270.34
686,2970,689,4,2444.95
687,4962,510,1,1474.93
688,711,288,1,3659.76
689,333,62,4,1247.12
690,2078,657,2,3679.48
691,76,107,5,889.32
692,92,388,3,1252.38
693,1525,616,3,922.08
694,2618,411,5,462.01
695,77,762,4,1385.95
696,1491,762,3,871.92
697,30,355,5,940.3
698,5342,121,4,2513.45
699,3921,690,2,641.68
700,1492,320,1,3706.45
701,2788,199,3,3661.78
702,1779,526,3,2327.33
703,4798,284,1,3212.79
704,5479,450,5,3579.63
705,2258,224,4,2418.95
706,5993,614,5,892.7
707,1532,714,1,362.46
708,2198,635,3,3019.88
709,4117,669,4,3210.79
710,917,192,1,2299.19
711,4550,133,3,1606.94
712,534,93,1,4165.11
713,2360,479,2,403.73
714,94,577,1,782.17
715,3942,598,1,3550.59
716,3749,201,5,887.82
717,1444,12,4,2558.89
718,326,287,2,2835.73
719,2470,242,1,1888.95
720,5752,543,4,3135.89
721,5213,788,1,1458.92
722,140,524,1,2266.64
723,2022,379,2,1605.32
724,2059,550,5,238.0
725,885,488,1,3818.12
726,991,413,2,2089.78
727,1080,458,4,2680.69
728,1652,195,1,2221.98
729,1646,404,2,2605.55
730,3354,16,1,578.48
731,4872,69,4,111.93
732,460,459,5,3889.59
733,4960,573,2,2094.66
734,4072,464,3,2215.64
735,5142,247,2,3605.36
736,3980,350,4,2624.1
737,3740,53,3,968.74
738,2069,452,2,2556.74
739,82,203,5,1037.48
740,1254,63,5,742.38
741,3995,427,4,565.23
742,3653,184,3,4162.39
743,5891,439,2,283.27
744,4741,416,1,3256.71
745,4195,738,3,2720.85
746,3876,524,2,1122.87
747,2064,674,1,1634.82
748,4045,55,2,2852.15
749,3563,30,1,2227.03
750,2397,164,4,1642.27
751,4052,123,3,3460.35
752,3215,1,4,2877.49
753,1588,435,2,2690.19
754,2300,589,4,3809.16
755,927,551,2,931.79
756,1217,583,1,1605.47
757,2471,513,4,878.63
758,1933,234,2,3724.46
759,192,799,3,1656.97
760,253,380,2,2845.51
761,474,583,3,3410.92
762,5288,200,4,2906.15
763,297,145,4,2840.24
764,2943,57,5,1223.75
765,591,334,5,1049.0
766,841,343,1,2887.16
767,1405,352,1,1906.93
768,1920,152,4,96.14
769,420,313,3,576.95
770,3512,366,2,3462.4
771,4234,394,1,1585.86
772,2133,225,2,231.29
773,3144,81,1,2812.2
774,1305,272,2,828.91
775,2889,150,5,1654.02
776,5001,634,3,45.43
777,353,483,3,3614.18
778,2866,741,1,3314.3
779,5141,613,4,1272.63
780,4457,67,2,2848.52
781,4409,486,2,717.92
782,5799,639,2,3364.41
783,1635,23,5,3489.0
784,4037,3,5,1803.39
785,1570,63,3,1230.58
786,6,41,5,867.75
787,741,644,3,2459.87
788,5996,546,2,1407.32
789,3010,209,5,643.56
790,1577,35,4,2888.63
791,928,76,1,1115.19
792,1307,491,2,4188.15
793,3064,35,3,3397.05
794,2978,682,5,903.18
795,5344,70,1,1632.1
796,4581,737,1,131.16
797,5883,467,3,4034.12
798,1559,315,4,2409.7
799,949,95,4,2536.32
800,2403,118,3,574.57
801,3418,516,4,409.26
802,3164,330,2,67.65
803,3257,263,5,2134.42
804,5714,727,5,1474.83
805,1589,447,2,1268.64
806,1009,152,4,1007.42
807,3706,418,5,204.48
808,1939,65,3,1891.33
809,3600,312,4,1490.15
810,5331,431,1,1472.65
811,4021,127,5,823.62
812,2745,733,5,1763.28
813,2455,703,3,139.58
814,3864,350,3,3612.89
815,1686,783,5,232.37
816,4196,449,1,2871.39
817,5114,328,1,2544.63
818,2912,536,1,2394.66
819,5266,645,4,3198.09
820,4566,230,1,2168.8
821,4632,354,5,2271.06
822,871,469,1,3106.69
823,4743,575,1,3493.18
824,4554,737,3,474.47
825,1163,751,3,1457.16
826,419,503,2,396.88
827,4447,407,2,1098.59
828,649,127,1,2648.08
829,135,268,3,1430.64
830,1674,591,4,2894.34
831,3077,422,5,1125.17
832,2984,566,5,2485.64
833,4856,235,2,2138.99
834,2504,66,4,2089.96
835,5542,563,1,1943.53
836,3654,441,4,2351.45
837,1094,97,5,422.32
838,2144,678,2,1130.23
839,3333,473,4,2924.73
840,2522,679,5,1100.52
841,2822,617,4,976.23
842,4821,109,4,281.16
843,615,690,5,2042.7
844,270,477,4,1179.68
845,1729,399,1,3275.59
846,2967,559,3,654.5
847,3959,427,4,1642.65
848,2659,371,3,3277.58
849,1457,799,3,3848.08
850,2655,768,3,137.8
851,4826,571,2,641.83
852,2268,673,1,1502.65
853,2514,27,3,89.94
854,1250,758,1,54.97
855,5063,505,4,3882.02
856,2719,590,1,3957.09
857,5255,538,5,1882.28
858,3862,430,2,2991.57
859,2468,519,5,753.65
860,3162,639,1,930.81
861,3446,172,4,21.19
862,1405,147,4,4058.78
863,4524,172,5,1911.29
864,3963,119,5,1744.95
865,199,120,2,3942.9
866,4792,674,2,3791.12
867,72,88,2,4103.82
868,198,550,4,1704.37
869,5293,284,2,1103.17
870,5568,249,4,735.12
871,2969,515,5,3549.86
872,3745,600,4,1587.62
873,5049,691,3,608.19
874,2429,495,1,1682.04
875,2296,384,5,3150.05
876,4380,652,3,2742.06
877,2926,126,5,208.3
878,3897,552,1,3042.08
879,5638,81,4,1207.45
880,185,86,2,3769.97
881,3396,31,4,1735.39
882,878,557,4,2201.59
883,3893,98,4,1484.67
884,4854,691,2,3553.75
885,1581,170,4,4143.2
886,5736,213,4,3979.68
887,1161,500,1,836.87
888,1103,371,1,402.82
889,678,328,4,1654.71
890,4497,129,3,1841.03
891,2393,786,1,514.05
892,3405,229,4,1805.75
893,1957,701,1,3343.56
894,228,307,2,1517.58
895,371,555,3,3336.15
896,2967,432,2,588.23
897,1620,469,5,705.1
898,3553,344,4,1504.62
899,561,328,1,1604.36
900,2182,637,4,868.14
901,3314,299,2,3386.88
902,2135,347,2,185.65
903,1936,22,5,3412.95
904,3913,236,5,1771.47
905,5395,578,5,3057.07
906,795,743,4,1473.09
907,3276,412,1,3777.79
908,5546,279,2,2471.64
909,441,212,1,244.91
910,4717,402,5,85.22
911,4352,149,2,4047.97
912,1318,159,4,3698.84
913,1069,403,5,2090.22
914,1166,606,1,3788.28
915,333,193,4,3052.1
916,3476,703,4,430.83
917,3081,757,2,3807.9
918,2114,217,2,1967.07
919,974,187,3,752.7
920,551,671,4,994.95
921,4320,711,3,312.82
922,283,757,2,3244.3
923,5836,34,2,1887.06
924,2495,645,4,3251.41
925,2957,452,1,4177.26
926,918,126,3,678.99
927,5069,116,1,2049.91
928,940,620,5,3252.96
929,5850,32,2,3111.11
930,2780,44,4,641.46
931,3165,261,2,3604.94
932,4464,504,3,2178.84
933,3454,713,4,2103.69
934,4262,110,3,1227.77
935,5589,334,5,2985.64
936,51,788,5,1604.86
937,229,717,1,1879.25
938,3185,757,2,2093.32
939,424,517,2,1156.9
940,2822,355,1,3427.37
941,3116,49,3,3954.41
942,3891,167,4,1733.69
943,1990,363,3,4072.23
944,1618,414,5,1014.51
945,231,130,1,3780.96
946,1225,576,3,965.07
947,2820,299,5,3324.64
948,5556,478,1,1255.19
949,1189,674,2,2532.42
950,4325,211,4,2786.63
951,38,301,4,2731.73
952,3959,575,5,652.93
953,4459,43,2,1047.28
954,112,552,1,3320.23
955,2034,80,5,3342.52
956,1288,356,4,3192.2
957,3884,422,5,1854.62
958,5001,246,5,2110.64
959,2370,752,4,3522.89
960,4223,137,1,3714.24
961,522,653,2,2471.85
962,2401,443,1,4016.85
963,1721,635,1,807.56
964,3056,452,5,3230.93
965,4465,461,4,1146.3
966,5296,527,4,1373.17
967,2101,76,4,1817.48
968,3672,188,5,584.47
969,3085,184,4,1163.57
970,1566,672,5,3147.77
971,4313,620,3,165.7
972,3659,395,1,2463.07
973,3395,735,2,153.62
974,4448,135,2,2931.9
975,5506,377,5,1642.01
976,3191,465,4,1180.79
977,778,77,2,2073.62
978,480,379,1,2512.8
979,5481,248,5,312.53
980,4750,683,3,1881.26
981,3096,463,3,1777.47
982,2296,785,4,2466.79
983,1245,335,2,865.19
984,1775,464,3,2699.01
985,4797,501,3,3931.08
986,5230,188,2,2864.5
987,5342,415,5,1870.51
988,4205,287,1,1595.42
989,585,436,4,3662.31
990,894,785,4,2098.8
991,1153,75,4,972.71
992,5196,14,1,2827.94
993,2219,561,1,1064.52
994,2607,544,1,116.77
995,248,453,1,3089.82
996,5728,597,4,1268.25
997,2659,22,2,3864.26
998,5200,217,5,1585.97
999,678,69,2,2982.16
1000,2598,539,5,3583.86
1001,699,706,2,2740.14
1002,4349,419,3,3736.17
1003,3683,728,2,3455.91
1004,4797,334,5,887.79
1005,65,459,1,87.37
1006,3243,477,4,2566.95
1007,4540,167,4,3446.42
1008,2598,584,5,2976.24
1009,294,777,1,1370.66
1010,1633,134,4,2301.97
1011,4785,658,2,1343.6
1012,1527,106,2,3660.58
1013,3786,771,4,1830.27
1014,331,517,2,2808.39
1015,1440,353,1,1115.5
1016,4033,500,4,39.75
1017,3832,169,2,3808.41
1018,1167,764,3,3451.77
1019,193,256,2,894.93
1020,1375,165,2,1545.72
1021,2646,295,3,3044.7
1022,4464,122,2,3635.23
1023,656,254,3,2169.28
1024,4763,490,4,75.14
1025,2090,32,5,2342.62
1026,3512,611,1,2807.4
1027,3545,58,1,173.07
1028,2032,571,3,308.11
1029,2519,45,5,641.93
1030,2499,97,3,465.9
1031,2981,32,5,3438.57
1032,2169,774,3,2864.47
1033,474,219,3,1788.37
1034,2317,84,1,1405.3
1035,4978,160,5,2691.81
1036,4737,627,3,1100.31
1037,5322,579,4,2692.56
1038,5941,21,2,2432.27
1039,5136,94,5,1528.65
1040,3166,197,4,897.89
1041,310,652,1,775.48
1042,3952,781,1,2352.37
1043,2107,158,5,1670.81
1044,5127,15,5,1010.73
1045,4439,79,2,3647.65
1046,4721,279,1,971.22
1047,2758,790,2,3033.05
1048,2781,379,2,158.37
1049,4347,458,4,1574.6
1050,268,692,4,4119.49
1051,5076,403,1,2103.08
1052,3256,552,1,37.98
1053,3514,575,1,503.88
1054,1585,131,1,3268.76
1055,4009,481,4,3792.24
1056,5193,197,4,4117.56
1057,3427,97,2,2198.06
1058,4723,7,3,2052.96
1059,949,519,3,560.96
1060,3075,513,1,995.59
1061,1458,76,1,1000.17
1062,986,256,5,247.11
1063,4569,485,1,3670.18
1064,5611,89,5,2334.51
1065,2126,270,5,1205.81
1066,3381,683,1,2610.93
1067,4277,611,3,1722.43
1068,1740,792,4,1246.62
1069,5968,227,5,2701.04
1070,4299,269,2,3126.44
1071,141,314,3,676.94
1072,898,337,5,2331.49
1073,4789,571,5,1861.9
1074,4658,273,1,465.44
1075,1134,350,5,730.72
1076,4776,697,4,3237.41
1077,2027,769,1,2098.86
1078,418,564,5,575.47
1079,1044,183,3,2481.12
1080,3409,594,2,1243.64
1081,5710,211,4,2998.21
1082,31,505,5,1034.27
1083,4506,225,3,2344.15
1084,834,269,3,2018.13
1085,5501,678,2,443.26
1086,188,208,4,3004.34
1087,2136,483,5,3803.47
1088,773,88,5,2772.04
1089,1490,194,1,604.32
1090,4667,99,1,372.62
1091,3411,561,4,1173.41
1092,607,390,3,173.86
1093,4261,436,1,3777.08
1094,1677,451,1,2799.14
1095,5657,158,5,1495.59
1096,2975,498,3,3079.08
1097,4495,58,4,3148.14
1098,1984,471,1,2026.35
1099,4380,299,1,646.42
1100,2663,283,4,3437.76
1101,1921,292,1,1833.3
1102,1929,643,3,914.48
1103,1513,620,5,1782.08
1104,3482,570,2,442.98
1105,5243,398,5,3555.17
1106,4676,315,1,1532.29
1107,5918,542,5,358.77
1108,632,453,1,2986.68
1109,2865,329,3,2446.34
1110,216,687,1,3251.61
1111,2756,447,2,2662.4
1112,5813,214,4,2199.74
1113,2076,76,1,1653.83
1114,687,275,5,371.85
1115,909,200,5,452.59
1116,1735,20,3,778.98
1117,4119,116,4,2770.71
1118,5549,560,3,470.94
1119,218,458,3,1407.54
1120,384,171,5,2004.17
1121,2867,410,3,3008.42
1122,3201,688,4,3477.01
1123,173,45,2,2291.98
1124,2039,252,2,2811.12
1125,5970,745,3,2794.41
1126,633,84,4,1942.49
1127,868,240,2,517.42
1128,1087,189,5,4156.46
1129,5109,339,3,358.67
1130,4001,428,2,1147.74
1131,732,546,1,2903.13
1132,5477,681,2,2264.4
1133,2295,357,4,3988.38
1134,3735,705,1,451.64
1135,5030,246,3,2743.19
1136,4620,548,5,19.03
1137,4210,369,5,3128.76
1138,4303,75,2,2130.13
1139,109,741,5,101.49
1140,2969,693,3,1180.27
1141,677,218,5,1521.45
1142,1441,354,5,3837.19
1143,5741,744,3,1035.69
1144,552,602,3,3713.38
1145,2425,106,4,1625.92
1146,5272,740,2,3614.51
1147,2944,743,3,684.09
1148,3927,757,1,1613.38
1149,2046,609,5,3106.28
1150,2946,42,1,2957.32
1151,901,737,4,2079.24
1152,1699,12,1,26.93
1153,4673,797,3,224.01
1154,1006,567,5,3275.86
1155,2347,148,3,3013.07
1156,2433,174,4,3529.92
1157,4921,211,1,3105.88
1158,5097,676,5,1048.46
1159,1740,727,4,1385.13
1160,4819,612,1,2450.16
1161,1021,555,3,1429.95
1162,4659,275,4,4112.05
1163,3964,640,1,3550.24
1164,3608,508,5,2308.69
1165,1208,259,5,1182.13
1166,4879,443,4,1090.54
1167,5318,34,1,50.86
1168,3490,746,4,3205.93
1169,3609,555,5,622.15
1170,1426,505,4,1333.78
1171,2326,193,3,1149.33
1172,3482,654,5,1202.61
1173,5759,513,1,61.54
1174,4593,418,1,1481.09
1175,5994,559,2,922.06
1176,4778,631,5,1513.28
1177,4310,395,1,3162.1
1178,145,767,2,4136.07
1179,4929,791,1,2138.24
1180,4966,310,1,90.47
1181,1670,92,5,2726.13
1182,4767,734,5,350.29
1183,5048,525,2,1749.31
1184,4239,591,1,2729.6
1185,5954,583,3,3116.41
1186,3466,29,1,485.43
1187,3648,223,1,323.34
1188,740,479,5,660.51
1189,3998,410,1,2092.89
1190,122,569,2,1028.71
1191,4921,695,5,14.2
1192,486,440,3,1549.73
1193,957,104,1,2092.0
1194,3218,743,5,2582.04
1195,4553,180,4,1941.41
1196,5775,335,1,1844.69
1197,4954,556,4,16.51
1198,1183,796,5,3636.3
1199,659,652,3,205.94
1200,5528,179,1,2546.13
1201,871,468,4,4120.97
1202,1038,324,5,3320.68
1203,5232,332,2,2775.22
1204,725,662,3,1994.98
1205,640,361,4,2258.89
1206,3025,482,3,1789.67
1207,143,757,3,1232.31
1208,4490,335,4,1082.6
1209,5738,733,5,1870.64
1210,5573,446,2,3176.45
1211,2384,121,4,3418.0
1212,2661,278,3,1206.0
1213,4696,197,2,2691.13
1214,1707,492,5,827.1
1215,4423,782,4,1663.12
1216,1405,349,3,792.51
1217,642,350,3,1847.22
1218,4177,61,2,1560.55
1219,2411,618,3,1135.49
1220,3342,738,5,1813.1
1221,1608,334,4,3300.31
1222,4239,235,2,1604.02
1223,943,81,1,3762.25
1224,572,526,5,2158.5
1225,5571,415,1,3130.65
1226,2936,654,1,1209.27
1227,2007,685,5,2336.71
1228,1045,441,4,794.56
1229,2702,180,1,546.51
1230,326,146,5,1006.39
1231,4297,192,1,922.35
1232,4105,317,5,1522.13
1233,5276,209,2,3920.97
1234,3437,187,3,1194.7
1235,4811,436,5,415.23
1236,2580,713,3,2280.59
1237,1874,209,3,3207.42
1238,2708,355,3,268.83
1239,3403,685,1,55.58
1240,4911,142,4,2194.26
1241,2473,738,5,116.35
1242,404,46,5,4113.39
1243,2660,474,4,2908.08
1244,3353,384,3,3884.42
1245,2505,118,1,1637.69
1246,4392,111,2,276.24
1247,3198,177,1,1956.05
1248,1216,544,5,176.83
1249,3136,140,3,2614.95
1250,324,735,4,3505.09
1251,5820,141,5,3831.14
1252,1237,126,5,2638.86
1253,1241,173,1,2603.67
1254,5687,534,4,495.43
1255,1636,528,2,1872.83
1256,3379,582,3,3038.94
1257,312,500,3,2976.99
1258,4759,301,1,3359.53
1259,3842,59,1,364.76
1260,4051,121,3,3501.54
1261,1499,224,5,1679.57
1262,3168,24,5,863.18
1263,3714,342,1,2170.58
1264,1943,201,3,2678.87
1265,2800,699,4,2629.43
1266,3520,168,4,2572.06
1267,2750,305,1,2372.11
1268,676,683,3,3713.67
1269,898,377,1,1405.01
1270,901,16,2,3553.65
1271,1269,303,4,3767.39
1272,5028,251,4,2662.1
1273,2965,324,5,2578.48
1274,3585,255,3,68.35
1275,2516,240,2,1586.2
1276,2220,179,2,429.97
1277,1470,8,1,272.04
1278,4617,505,1,321.38
1279,2602,77,4,2606.33
1280,4704,710,3,2547.4
1281,5933,548,1,2332.61
1282,3638,366,2,53.3
1283,2524,55,5,2198.32
1284,4046,453,1,3362.47
1285,2437,708,3,3172.04
1286,3003,186,3,2353.7
1287,5386,118,1,1214.07
1288,743,629,2,1068.84
1289,3237,729,2,545.17
1290,1881,654,4,1490.53
1291,3198,40,1,1798.37
1292,5995,320,5,527.14
1293,400,179,2,3242.04
1294,765,705,5,2063.06
1295,1142,230,1,1189.01
1296,1079,408,4,2380.8
1297,4700,317,3,639.16
1298,679,208,3,3067.73
1299,1849,153,5,223.71
1300,3758,608,5,3361.83
1301,5650,504,3,2519.18
1302,1010,399,3,893.56
1303,2965,120,5,2858.37
1304,4442,393,1,3907.12
1305,1289,512,5,1919.1
1306,4114,370,3,2183.12
1307,5374,631,3,2468.25
1308,4225,109,5,248.8
1309,5965,624,4,744.42
1310,4709,250,2,3898.77
1311,5522,505,4,866.57
1312,1635,741,2,1131.23
1313,4299,688,4,2614.21
1314,3916,620,2,3333.97
1315,2407,134,4,974.93
1316,442,661,4,2245.36
1317,4034,702,1,1894.19
1318,2280,523,1,1450.13
1319,4564,778,5,1780.92
1320,5794,117,3,44.62
1321,872,703,3,3442.84
1322,3615,75,4,3717.6
1323,4913,427,2,4035.76
1324,4107,292,3,3958.5
1325,3694,39,3,1804.98
1326,2918,218,3,3009.45
1327,5515,640,2,1479.61
1328,2346,410,5,3957.87
1329,4676,718,4,60.17
1330,5200,183,2,1801.0
1331,57,313,1,2171.87
1332,4636,481,2,2740.34
1333,853,402,4,1819.75
1334,1161,586,1,2119.23
1335,4258,155,1,1076.35
1336,730,286,5,143.3
1337,3106,429,1,1703.92
1338,488,529,2,3068.32
1339,2276,225,2,896.49
1340,5355,364,3,1651.66
1341,449,766,2,3580.59
1342,93,44,2,207.17
1343,2589,548,5,346.25
1344,4174,477,4,3405.42
1345,2357,529,4,1938.72
1346,5282,597,4,2336.02
1347,5072,192,2,3385.46
1348,3982,684,5,3047.03
1349,2961,675,2,2410.75
1350,4763,358,1,3521.76
1351,5008,241,2,2779.46
1352,4169,616,3,1080.13
1353,1798,404,4,702.53
1354,246,763,3,912.49
1355,3234,672,3,456.87
1356,4519,258,4,3877.72
1357,1604,709,1,2179.71
1358,1721,308,2,2716.38
1359,2735,529,5,2377.22
1360,2922,287,4,2153.04
1361,4862,488,3,3200.16
1362,1866,198,4,1578.89
1363,3578,334,2,2132.27
1364,253,173,2,1342.54
1365,551,12,1,3651.2
1366,4790,585,3,1361.64
1367,3908,238,1,107.41
1368,5279,702,1,672.57
1369,3603,591,4,3524.29
1370,3259,351,3,361.32
1371,3011,800,3,1589.81
1372,1279,269,1,752.0
1373,264,356,4,3940.62
1374,1654,695,5,3587.71
1375,4493,335,5,2993.07
1376,570,722,4,774.11
1377,4747,644,3,3620.08
1378,5316,763,4,3050.61
1379,4627,317,2,2638.17
1380,1263,45,1,4049.38
1381,4596,750,1,3540.04
1382,1909,237,3,2449.03
1383,4785,476,4,3815.57
1384,216,792,3,4016.9
1385,2675,540,3,2494.65
1386,2313,83,1,2545.58
1387,3366,55,2,1305.82
1388,4253,53,3,307.37
1389,181,663,4,222.86
1390,5646,152,1,599.53
1391,3780,643,1,100.48
1392,1044,566,5,306.06
1393,1797,58,3,2814.89
1394,5556,772,4,3472.64
1395,2770,413,2,457.89
1396,4187,690,1,49.37
1397,5365,755,3,3712.68
1398,5584,556,3,642.72
1399,1268,270,2,1825.79
1400,3103,451,2,3694.92
1401,3773,580,5,1180.33
1402,2362,16,3,757.43
1403,3168,160,3,776.22
1404,2175,443,2,3789.77
1405,835,511,1,703.15
1406,1840,785,2,53.73
1407,2380,280,4,414.15
1408,2073,166,3,3768.88
1409,3153,196,2,3262.45
1410,5537,60,2,1232.29
1411,227,618,5,1613.97
1412,894,161,2,978.61
1413,512,499,4,621.56
1414,295,287,5,390.55
1415,507,326,4,330.33
1416,3651,116,2,2488.8
1417,4472,252,2,378.06
1418,5474,777,4,3398.27
1419,1244,16,2,3282.7
1420,977,579,5,173.88
1421,5382,465,2,2861.67
1422,1757,594,5,1894.03
1423,2461,290,1,2854.45
1424,2407,337,4,3162.54
1425,326,719,3,1600.27
1426,5015,4,3,1544.5
1427,4677,49,3,3225.42
1428,4549,68,5,1752.89
1429,196,632,3,2493.04
1430,4358,707,4,3249.93
1431,378,331,4,2097.77
1432,3249,633,2,3685.73
1433,1525,453,2,2174.36
1434,3567,771,4,182.31
1435,867,348,4,2211.96
1436,5990,410,4,3282.34
1437,2526,349,3,3114.43
1438,1878,787,1,871.19
1439,2444,592,4,4197.29
1440,3522,726,2,1332.86
1441,486,45,1,1266.85
1442,4418,594,5,3699.83
1443,4412,190,1,1137.34
1444,5756,153,4,2786.54
1445,533,113,4,1985.89
1446,5672,491,2,1916.87
1447,5846,249,5,3041.66
1448,4606,795,3,4139.08
1449,1209,289,4,1956.19
1450,237,289,4,3290.59
1451,1763,779,4,1593.1
1452,2022,750,2,3403.27
1453,3082,12,2,1751.54
1454,5693,40,4,3005.23
1455,3819,152,2,2326.21
1456,242,438,5,2489.72
1457,2689,723,1,2039.22
1458,5964,578,2,1005.01
1459,3864,285,3,594.18
1460,3778,340,4,2878.46
1461,3206,728,4,744.32
1462,3964,634,2,32.74
1463,5087,716,3,2165.8
1464,3173,365,1,1070.09
1465,3766,45,5,3031.26
1466,5602,558,4,804.29
1467,5769,68,1,2306.14
1468,1614,439,3,2882.0
1469,2780,663,3,1173.55
1470,1138,91,2,510.1
1471,5978,358,2,873.95
1472,2362,90,2,2688.22
1473,2510,684,4,369.91
1474,4252,313,2,970.18
1475,5208,439,3,3637.12
1476,1696,462,4,1036.72
1477,5590,327,4,1556.29
1478,3892,219,1,4078.83
1479,3335,147,4,1379.86
1480,4196,116,1,1280.43
1481,521,316,2,3391.93
1482,2183,587,2,1013.95
1483,2863,554,5,1779.47
1484,2333,438,5,706.07
1485,1964,763,1,40.29
1486,5427,798,2,696.5
1487,2118,302,4,3483.64
1488,5475,232,3,1528.69
1489,3814,63,2,1116.86
1490,5178,471,3,1016.76
1491,5205,113,5,2747.62
1492,2567,486,3,2024.7
1493,5043,84,5,389.48
1494,1287,544,3,332.01
1495,871,326,4,124.84
1496,3154,582,5,1289.76
1497,5914,395,2,2928.43
1498,4320,185,1,2535.61
1499,826,240,3,718.47
1500,5702,634,2,3725.57
1501,2723,494,2,3916.76
1502,1584,522,5,2716.32
1503,1866,80,2,122.21
1504,171,799,2,3134.13
1505,1800,169,2,1150.05
1506,2885,435,2,1196.44
1507,82,716,1,599.34
1508,2014,53,1,2366.72
1509,1382,134,5,3261.97
1510,3096,207,5,3927.93
1511,4976,786,5,1405.51
1512,2492,105,3,3809.19
1513,5954,709,4,594.61
1514,4307,634,2,419.58
1515,3478,339,1,1452.51
1516,3731,570,2,3538.61
1517,5877,697,5,699.49
1518,370,670,4,697.6
1519,216,164,4,1204.58
1520,2792,728,1,194.36
1521,5318,282,5,1673.74
1522,4233,549,1,1896.71
1523,46,554,1,1341.2
1524,4713,392,5,3235.25
1525,3812,669,4,1945.83
1526,2015,205,3,4176.94
1527,1417,554,5,2839.83
1528,3548,673,1,2741.97
1529,5060,663,2,1446.38
1530,46,677,1,1899.9
1531,955,259,2,3209.35
1532,3835,596,2,2969.5
1533,2707,525,2,3672.31
1534,3941,321,5,231.59
1535,338,262,5,416.86
1536,2128,490,5,884.08
1537,1488,703,3,3646.25
1538,1472,156,5,3529.75
1539,2579,266,4,3152.24
1540,3788,239,2,2040.57
1541,5035,766,1,1072.33
1542,5223,172,5,2836.05
1543,1797,419,4,4144.12
1544,1617,195,4,253.64
1545,305,301,2,2791.06
1546,2431,295,4,333.44
1547,5186,191,4,3173.58
1548,2419,702,1,4054.65
1549,3594,406,4,869.0
1550,4990,386,5,1875.24
1551,2830,30,5,2435.07
1552,476,769,4,1956.76
1553,2657,615,5,871.0
1554,256,191,2,4146.86
1555,625,102,1,3563.53
1556,491,419,3,3835.97
1557,5289,657,2,2032.07
1558,896,668,5,3867.14
1559,3922,206,1,3449.42
1560,3076,795,5,4068.95
1561,780,120,4,1808.18
1562,2735,306,4,3635.54
1563,5569,789,4,3554.45
1564,577,681,4,2228.57
1565,3014,560,3,1981.32
1566,2804,276,1,3009.53
1567,1804,48,2,3267.74
1568,3886,614,5,2570.0
1569,1895,692,1,3062.86
1570,2276,270,5,1214.89
1571,243,325,1,3492.04
1572,1675,68,4,1575.12
1573,3048,296,2,354.65
1574,1653,80,5,4004.05
1575,3234,162,5,3796.23
1576,562,203,4,2320.21
1577,404,163,4,2819.61
1578,3573,411,3,603.3
1579,1316,155,5,771.47
1580,1277,91,3,3369.78
1581,336,738,4,3116.81
1582,3914,521,2,1478.74
1583,4140,784,4,2286.36
1584,4198,386,2,4065.93
1585,1856,789,2,3848.53
1586,1306,98,2,1523.6
1587,4913,681,1,672.85
1588,4067,664,1,1469.0
1589,4663,276,4,3452.11
1590,1893,22,2,1445.6
1591,5113,142,1,2019.74
1592,5842,552,5,2289.03
1593,2344,679,4,2049.55
1594,4252,758,5,3638.29
1595,3456,186,4,270.26
1596,1471,127,3,110.79
1597,1858,563,2,1338.07
1598,4750,686,5,1603.29
1599,2323,585,1,1158.06
1600,5479,443,2,1445.55
1601,945,20,1,2806.51
1602,3604,793,4,1590.68
1603,1388,300,1,2501.41
1604,4049,434,4,1938.77
1605,1999,272,4,3086.66
1606,5063,283,5,1546.03
1607,1716,495,2,2308.06
1608,5886,388,5,2655.38
1609,2727,535,4,1991.35
1610,2933,349,4,1523.98
1611,5692,389,4,3150.2
1612,5147,452,4,989.06
1613,3755,651,2,1319.17
1614,4072,52,2,2021.31
1615,546,512,5,2570.56
1616,3452,361,1,3791.18
1617,1922,314,3,331.97
1618,5012,429,1,2163.09
1619,4855,314,2,2362.09
1620,2898,502,4,346.37
1621,1316,545,2,1181.83
1622,4324,287,4,78.31
1623,4113,133,3,2696.82
1624,4523,760,3,3135.0
1625,4476,369,3,3581.84
1626,4529,660,2,865.26
1627,1837,501,1,829.44
1628,3313,446,1,3265.16
1629,3649,363,3,316.65
1630,905,752,3,1661.61
1631,3278,152,1,20.44
1632,5017,370,4,786.56
1633,4219,15,4,429.79
1634,2554,22,2,406.67
1635,890,557,1,3941.99
1636,2726,107,3,3976.8
1637,52,224,2,64.89
1638,4001,705,2,1502.11
1639,142,638,3,539.38
1640,573,60,2,4124.26
1641,1906,494,5,732.11
1642,5825,94,2,3844.97
1643,3399,744,2,3194.06
1644,1370,653,3,69.09
1645,34,312,2,4013.78
1646,1725,245,3,3664.59
1647,605,398,2,980.64
1648,3237,236,5,526.83
1649,3263,270,3,4026.26
1650,4231,119,3,3115.41
1651,434,254,4,1753.42
1652,5368,615,1,598.54
1653,982,115,3,945.69
1654,661,596,4,1881.63
1655,1824,297,1,3195.26
1656,540,37,2,3089.24
1657,3672,470,3,466.28
1658,5217,548,4,777.26
1659,210,188,4,204.35
1660,5563,89,3,755.13
1661,3103,674,3,3317.16
1662,3471,513,4,2927.64
1663,289,721,1,772.9
1664,3625,381,1,1335.96
1665,3036,49,5,2725.54
1666,778,76,2,2158.68
1667,3840,479,3,147.29
1668,3103,504,5,3531.58
1669,2457,235,4,2787.96
1670,4660,119,4,2809.47
1671,3715,37,2,706.83
1672,3896,124,5,1054.78
1673,23,470,1,3880.3
1674,20,551,3,586.38
1675,4565,291,2,1274.41
1676,502,761,5,3489.38
1677,3353,407,3,268.62
1678,5913,542,4,1257.1
1679,564,96,3,2447.42
1680,4762,322,3,1655.73
1681,2801,639,3,4083.8
1682,3707,412,4,4157.25
1683,1757,52,3,487.28
1684,1753,101,3,1911.29
1685,281,92,5,3612.34
1686,3131,99,3,3892.08
1687,1757,61,5,1905.18
1688,1778,570,2,1151.29
1689,237,279,5,2107.77
1690,1672,401,4,3469.61
1691,5589,680,1,3712.67
1692,4778,50,1,3505.56
1693,4317,45,3,910.96
1694,54,524,2,1238.33
1695,1697,544,3,3338.14
1696,3722,105,5,3055.6
1697,1419,362,4,1261.08
1698,4930,305,5,1524.33
1699,5594,468,2,2637.53
1700,3582,437,5,2822.25
1701,5518,795,4,218.32
1702,982,87,3,2575.61
1703,4809,95,1,2438.69
1704,15,248,5,770.17
1705,515,345,3,3154.77
1706,449,635,4,2917.49
1707,2628,771,4,1887.84
1708,582,130,3,740.63
1709,5847,718,2,4155.62
1710,403,350,4,3122.05
1711,2132,597,5,704.76
1712,5096,42,4,3436.09
1713,740,349,5,1566.93
1714,2047,96,3,917.61
1715,2549,386,4,2514.57
1716,997,695,2,1852.34
1717,5139,243,3,3625.19
1718,2185,197,1,2166.43
1719,820,748,2,390.6
1720,2133,559,5,91.48
1721,5098,667,3,1249.09
1722,2424,307,4,288.45
1723,3659,155,5,2812.81
1724,395,173,5,920.32
1725,3732,97,2,1589.3
1726,5788,596,4,793.11
1727,2461,751,5,3134.61
1728,1609,591,2,2380.99
1729,5950,714,2,489.11
1730,3592,126,1,3790.07
1731,3609,671,2,534.21
1732,622,576,4,3319.07
1733,27,99,2,3630.73
1734,2251,179,2,2716.83
1735,2297,649,1,3130.8
1736,2189,163,2,2554.92
1737,3018,798,5,3893.26
1738,3232,656,4,1970.74
1739,5496,627,1,108.98
1740,4610,127,5,2367.43
1741,5187,186,1,3424.1
1742,3713,634,5,1164.84
1743,1046,530,1,4148.33
1744,962,585,1,3665.25
1745,2233,740,3,1124.88
1746,709,611,2,980.74
1747,3625,566,2,2855.45
1748,5824,687,2,987.58
1749,3973,330,4,402.01
1750,4989,180,3,1470.54
1751,4916,678,3,1176.6
1752,5892,730,4,862.54
1753,4847,92,5,639.52
1754,1070,398,1,2016.73
1755,1118,114,2,3930.1
1756,5480,395,5,4198.98
1757,120,485,4,539.76
1758,3475,747,4,2794.7
1759,5408,99,3,802.51
1760,5257,178,4,629.68
1761,2254,138,3,4059.04
1762,1709,553,4,2191.26
1763,901,628,3,1694.62
1764,963,272,2,4145.34
1765,4495,785,3,3212.41
1766,4406,523,3,1246.05
1767,1664,364,3,2186.24
1768,4268,640,3,1317.54
1769,2421,246,3,3265.36
1770,5515,598,2,203.09
1771,890,516,3,605.07
1772,3848,92,1,27.79
1773,5636,204,1,1150.56
1774,5011,3,1,1635.99
1775,4011,695,3,2484.93
1776,2211,254,5,1848.14
1777,2187,178,4,840.56
1778,2624,606,1,41.56
1779,2812,152,3,908.13
1780,3283,622,1,3796.47
1781,3389,209,3,2311.49
1782,3653,434,2,2775.29
1783,4807,271,1,148.11
1784,4850,354,5,1732.65
1785,3375,402,1,791.12
1786,4006,477,3,3686.38
1787,5563,551,2,4075.44
1788,5544,270,1,1029.61
1789,942,632,3,3598.81
1790,2797,195,5,1520.46
1791,3533,315,4,2205.3
1792,489,160,2,3327.36
1793,1711,537,2,485.88
1794,4217,603,4,780.51
1795,1803,31,3,2880.23
1796,5011,302,4,558.16
1797,4441,624,1,1608.66
1798,1885,374,3,833.77
1799,3946,214,3,270.62
1800,1382,541,1,3334.61
1801,3953,687,4,3944.59
1802,4744,72,2,2942.43
1803,4362,286,1,809.65
1804,2608,375,3,3478.96
1805,5131,335,1,1450.14
1806,2800,98,3,924.64
1807,4603,607,2,2314.58
1808,3498,290,5,1173.23
1809,5056,702,5,1911.81
1810,517,321,3,3826.76
1811,4431,782,1,3417.59
1812,426,82,2,4000.89
1813,4789,166,2,1172.48
1814,1116,688,3,359.48
1815,1938,792,2,2928.84
1816,365,476,2,866.36
1817,3043,57,2,804.01
1818,5874,516,1,34.37
1819,2256,247,1,3028.92
1820,1897,605,2,515.6
1821,3146,567,3,4142.22
1822,1774,348,1,3089.07
1823,204,780,3,3984.41
1824,2661,661,5,506.15
1825,3848,800,4,195.73
1826,3190,577,1,857.79
1827,5823,669,3,1461.33
1828,5319,496,1,236.03
1829,5964,268,1,600.41
1830,5437,438,3,2359.05
1831,5148,712,1,2254.54
1832,4146,354,5,1980.12
1833,1221,400,1,3413.6
1834,4364,602,1,3693.74
1835,113,208,2,4013.97
1836,4062,598,2,2098.43
1837,2531,405,2,3421.42
1838,1999,535,5,155.85
1839,5154,601,4,2248.34
1840,3295,721,2,91.49
1841,1144,184,5,3227.71
1842,49,435,3,3245.48
1843,587,298,2,958.23
1844,2044,639,1,1879.93
1845,4594,277,3,3540.55
1846,5789,569,1,3142.05
1847,2473,505,3,2274.17
1848,4961,747,1,2765.69
1849,1206,718,2,2878.86
1850,1483,11,1,670.32
1851,104,128,4,1025.28
1852,5793,82,3,256.06
1853,935,527,5,3127.41
1854,5849,697,5,1943.36
1855,57,726,1,719.22
1856,2920,340,4,2131.03
1857,4821,770,5,656.31
1858,4804,758,2,1686.58
1859,4326,304,2,1238.48
1860,2948,248,4,1340.75
1861,5046,508,4,2631.25
1862,3898,779,5,3289.52
1863,5613,127,4,1326.09
1864,2350,89,3,1833.6
1865,4624,713,2,3939.48
1866,2122,178,3,3455.99
1867,5660,383,5,142.74
1868,1031,512,2,2712.48
1869,319,473,4,1585.52
1870,4317,800,1,3759.44
1871,49,361,5,2651.75
1872,4245,68,3,1100.88
1873,3579,205,4,1728.82
1874,1405,354,4,4157.78
1875,5561,386,2,3025.41
1876,5244,121,5,2870.54
1877,266,729,3,2469.48
1878,1423,101,2,1674.38
1879,772,532,3,3947.71
1880,3003,781,2,2564.83
1881,4342,782,1,2741.81
1882,1969,363,4,1339.08
1883,39,712,2,3060.28
1884,256,241,2,926.18
1885,159,386,5,2664.38
1886,5153,331,5,4193.36
1887,3207,225,3,1270.05
1888,1788,376,5,4071.74
1889,3862,77,2,67.74
1890,1716,696,1,2087.73
1891,3928,410,5,3866.21
1892,4936,225,4,1309.71
1893,3616,682,5,3936.07
1894,999,722,2,3074.93
1895,5395,498,4,2941.9
1896,4742,233,3,3346.24
1897,4251,73,1,1298.11
1898,2245,795,2,412.19
1899,563,167,5,462.05
1900,3477,318,3,1002.81
1901,2876,148,1,570.87
1902,4298,697,4,1624.01
1903,4495,207,3,2197.97
1904,2406,763,5,3411.47
1905,5310,767,2,3157.77
1906,5715,627,1,4077.72
1907,2587,326,1,3127.03
1908,660,30,3,1045.79
1909,4598,265,1,1552.61
1910,2322,81,5,365.44
1911,171,661,1,1257.92
1912,3916,578,4,541.52
1913,4975,704,1,3729.35
1914,2814,116,2,1338.62
1915,4970,108,3,2143.37
1916,3298,19,4,2178.7
1917,5730,589,2,1258.1
1918,1050,242,2,2657.7
1919,3550,115,3,2866.78
1920,817,583,2,3492.75
1921,1850,774,4,4183.01
1922,2186,345,1,768.06
1923,1672,371,1,1212.85
1924,3319,29,1,3450.35
1925,838,108,2,735.1
1926,4645,679,2,2406.73
1927,1225,44,2,4189.99
1928,5097,457,5,1207.48
1929,247,222,4,2343.07
1930,2818,614,4,2164.73
1931,5250,764,2,1287.2
1932,1942,453,1,2667.15
1933,322,476,1,2626.54
1934,964,146,1,791.58
1935,2526,379,5,1601.79
1936,824,528,5,3345.38
1937,2122,439,2,1848.57
1938,2156,97,3,2252.74
1939,4954,589,4,1113.07
1940,3873,59,5,3747.87
1941,4512,783,5,1125.22
1942,868,345,3,2154.66
1943,1219,775,3,1845.76
1944,4724,578,5,1482.38
1945,1652,131,5,1603.55
1946,5341,373,1,3318.77
1947,5684,559,3,2881.84
1948,4311,245,3,2079.37
1949,3387,598,5,3416.74
1950,4853,379,2,3032.54
1951,1176,797,3,2528.6
1952,2462,123,3,3798.91
1953,991,605,2,1018.31
1954,4278,592,2,4108.15
1955,277,412,1,571.25
1956,2076,458,1,513.48
1957,4150,761,5,2852.28
1958,1141,660,5,2335.96
1959,4933,727,1,1465.68
1960,5897,64,5,3951.47
1961,684,71,1,930.8
1962,4424,718,1,2475.07
1963,106,526,2,650.39
1964,1488,402,3,1692.72
1965,5860,44,4,3183.06
1966,5019,312,4,2270.76
1967,4601,734,3,65.78
1968,3438,126,5,826.19
1969,2682,606,4,2664.8
1970,1109,322,1,2363.78
1971,560,347,5,2815.51
1972,3402,404,3,3604.84
1973,1816,328,3,2922.82
1974,1754,454,2,598.74
1975,1242,510,2,617.89
1976,4564,323,5,3008.01
1977,745,256,4,876.99
1978,574,367,2,213.09
1979,3132,515,5,2760.13
1980,1743,118,5,3496.65
1981,4758,370,4,1462.84
1982,5351,785,3,3711.14
1983,3511,109,2,3645.5
1984,5339,312,4,1590.66
1985,4440,538,3,1653.71
1986,2010,255,5,3248.31
1987,3442,434,5,1361.27
1988,4388,318,2,622.04
1989,493,521,1,3276.18
1990,101,605,2,2905.86
1991,5989,258,4,2526.84
1992,1775,535,4,3511.34
1993,2821,426,5,2953.45
1994,5428,113,2,3364.12
1995,100,792,3,4031.38
1996,5139,762,3,571.09
1997,4262,656,3,1442.83
1998,2994,706,3,2554.58
1999,3860,302,5,2506.79
2000,5628,299,5,2147.23
2001,5030,763,4,3879.65
2002,2887,392,1,2593.64
2003,810,576,5,3634.17
2004,48,724,2,1997.65
2005,5217,12,2,1589.03
2006,1980,766,1,1356.5
2007,1091,183,2,2374.85
2008,3839,607,5,2032.19
2009,3586,42,4,161.49
2010,1652,192,4,2418.99
2011,2355,701,2,2014.83
2012,2533,631,3,1443.45
2013,1048,633,4,588.08
2014,2891,54,2,4090.51
2015,4657,278,3,22.9
2016,1913,534,2,391.17
2017,4254,415,2,2575.61
2018,4611,27,5,2035.13
2019,1116,7,5,2904.49
2020,2309,285,3,2372.65
2021,5656,660,1,750.11
2022,1094,150,1,34.21
2023,5141,401,1,3986.2
2024,1965,363,2,319.89
2025,1813,694,2,1782.02
2026,2592,655,4,182.62
2027,3927,118,3,3019.56
2028,2878,791,4,1806.76
2029,2875,799,1,3597.98
2030,602,191,1,3150.27
2031,3788,35,2,838.55
2032,1854,433,1,3004.2
2033,4597,567,3,687.35
2034,2170,268,2,1919.97
2035,3684,94,3,1349.85
2036,2889,371,2,3670.89
2037,3949,222,5,1848.36
2038,1595,208,2,2779.59
2039,765,296,5,1829.06
2040,4113,391,3,1710.32
2041,4881,478,5,1792.46
2042,5574,501,5,2116.42
2043,4036,417,4,4161.53
2044,841,202,4,169.82
2045,4830,754,1,1481.69
2046,3079,448,3,4133.4
2047,4393,85,5,3966.01
2048,5328,419,1,2232.57
2049,1498,163,4,1523.85
2050,3587,787,1,1614.31
2051,4380,488,2,3639.35
2052,268,62,5,2010.7
2053,2439,681,2,3851.38
2054,4002,630,4,3470.64
2055,121,669,3,3848.86
2056,919,491,4,724.87
2057,1431,523,5,861.27
2058,3748,130,5,2814.31
2059,4393,126,3,238.01
2060,3963,240,3,766.96
2061,3753,66,2,3615.68
2062,482,580,4,2445.35
2063,1914,610,3,3901.05
2064,2834,159,2,2012.55
2065,5807,350,5,1926.67
2066,1205,641,5,3439.97
2067,847,738,5,314.21
2068,5336,147,2,1568.24
2069,2716,451,5,1425.93
2070,1154,46,2,68.4
2071,4768,790,3,4115.12
2072,4123,376,3,1459.6
2073,4456,581,5,639.85
2074,1226,287,5,3286.64
2075,4862,602,3,1642.06
2076,734,100,4,1407.44
2077,3345,243,2,848.86
2078,2948,759,5,190.31
2079,256,682,1,2833.94
2080,470,717,4,2338.64
2081,3554,709,3,2547.58
2082,4158,792,5,607.87
2083,133,556,3,1769.18
2084,3641,184,2,161.1
2085,1355,725,3,192.86
2086,5087,494,2,3285.26
2087,5072,573,4,1245.86
2088,5387,312,3,837.02
2089,3898,159,3,4167.68
2090,2403,230,2,2547.46
2091,4062,783,2,609.65
2092,4731,308,1,1624.36
2093,4025,787,5,1583.36
2094,901,559,4,1150.68
2095,3275,545,2,1063.9
2096,4001,207,4,386.07
2097,998,770,5,1223.58
2098,754,305,3,3242.79
2099,2341,485,5,1572.68
2100,5838,38,3,3680.77
2101,3227,83,3,3262.14
2102,723,487,3,282.89
2103,4507,115,4,3541.0
2104,49,434,2,4026.71
2105,1912,66,2,1946.81
2106,4406,458,2,3498.46
2107,1170,378,3,1978.49
2108,5459,359,3,2539.28
2109,1037,151,5,4093.54
2110,1441,266,3,3860.67
2111,4056,547,3,927.81
2112,428,199,4,3640.43
2113,2988,300,5,3330.1
2114,5969,315,1,658.42
2115,2285,616,2,2199.09
2116,1657,388,1,2501.34
2117,3900,723,5,67.88
2118,2323,442,4,3666.49
2119,4879,524,5,1636.28
2120,5718,775,5,518.6
2121,2069,680,3,899.88
2122,1319,34,5,3359.98
2123,791,216,2,729.94
2124,4099,671,3,2053.5
2125,5125,576,2,3303.81
2126,4716,66,2,2612.05
2127,4004,477,4,3234.95
2128,3040,732,4,840.21
2129,3765,600,5,697.81
2130,427,456,5,14.15
2131,714,396,4,2544.81
2132,2975,378,3,209.17
2133,1352,421,4,1803.44
2134,5571,12,1,958.35
2135,1688,671,4,1502.65
2136,3663,16,4,2399.2
2137,2220,111,2,4102.99
2138,1996,337,2,748.52
2139,768,767,4,360.55
2140,2729,557,2,1569.52
2141,2752,755,4,117.73
2142,4781,55,3,1801.92
2143,212,60,5,3450.1
2144,1867,204,5,3625.95
2145,3637,533,3,715.61
2146,2780,744,2,3235.34
2147,1741,626,5,1760.11
2148,3866,568,3,3688.72
2149,2451,380,3,609.3
2150,1917,332,4,518.62
2151,5382,713,5,2095.33
2152,4008,659,1,2052.58
2153,1125,396,5,1102.82
2154,2483,724,4,589.78
2155,1093,626,5,1051.95
2156,3294,652,4,1323.47
2157,2463,278,2,202.43
2158,2421,32,2,654.57
2159,3477,768,1,267.57
2160,4322,288,3,3678.21
2161,3078,205,4,4099.27
2162,2353,283,1,738.83
2163,951,150,3,741.77
2164,2821,13,1,1221.2
2165,2212,313,5,724.49
2166,4997,72,1,393.41
2167,1201,323,5,2342.31
2168,5328,79,5,3506.71
2169,4465,120,1,1673.02
2170,1584,363,2,103.31
2171,16,479,5,3129.35
2172,4421,145,2,1572.16
2173,983,613,3,3103.57
2174,2052,197,1,1300.46
2175,1266,194,5,1503.52
2176,4914,438,5,3433.62
2177,493,589,3,729.33
2178,2159,37,4,4169.1
2179,4489,686,4,2485.18
2180,2370,18,4,3296.96
2181,1867,174,5,193.92
2182,4880,546,3,3327.98
2183,1812,168,2,2956.7
2184,527,599,4,3328.66
2185,4826,666,1,2793.56
2186,1913,377,1,377.72
2187,835,249,5,664.8
2188,219,396,1,108.82
2189,1284,220,5,502.41
2190,3099,198,4,1765.03
2191,4170,274,1,2369.47
2192,3992,589,1,1872.29
2193,686,590,4,1897.36
2194,4610,39,2,4141.41
2195,316,629,4,215.81
2196,1677,333,1,404.14
2197,3666,651,4,1526.64
2198,2769,437,5,2322.62
2199,3201,447,4,2880.92
2200,1001,29,2,1319.14
2201,5926,210,1,2424.0
2202,2299,435,5,202.34
2203,366,43,1,2804.45
2204,4019,566,5,1924.11
2205,5012,230,4,3776.73
2206,2791,37,1,2727.07
2207,2527,72,2,3238.35
2208,4745,745,5,402.54
2209,297,697,5,3594.7
2210,4558,173,3,1075.49
2211,5095,677,5,3435.7
2212,1368,586,3,753.46
2213,649,426,1,2738.45
2214,957,605,1,2429.4
2215,4777,49,4,3791.4
2216,2661,725,5,188.42
2217,2449,85,2,2273.57
2218,3857,731,1,70.93
2219,3763,358,5,3250.94
2220,3777,22,5,2502.93
2221,2866,153,4,91.33
2222,1057,147,4,1738.49
2223,4378,323,2,2981.66
2224,4064,563,2,3007.77
2225,3972,166,3,1759.18
2226,3566,759,1,1319.02
2227,3594,484,3,1802.82
2228,3307,697,2,2266.07
2229,154,531,4,801.91
2230,480,680,2,4083.02
2231,3233,617,4,3876.54
2232,5794,283,5,4092.89
2233,1760,540,4,1793.52
2234,3446,86,1,2097.47
2235,3645,1,2,3885.29
2236,5681,151,5,4198.82
2237,3356,258,1,3097.6
2238,4596,655,3,3122.85
2239,662,267,5,2336.24
2240,4610,336,3,1937.75
2241,447,735,1,1362.39
2242,2984,187,3,3032.43
2243,5298,316,2,2357.37
2244,3719,131,4,4067.61
2245,3862,756,3,4158.77
2246,1100,757,2,134.81
2247,2741,253,2,1530.98
2248,2630,294,5,1517.04
2249,5561,425,2,65.78
2250,546,515,2,3329.25
2251,3855,441,2,1419.83
2252,154,533,5,2897.33
2253,1538,3,4,431.8
2254,1880,601,3,4030.46
2255,1436,175,3,2567.14
2256,1327,348,3,3834.68
2257,2950,546,3,557.95
2258,3348,785,4,3516.9
2259,2454,671,2,1538.62
2260,2946,123,4,2421.08
2261,5435,651,1,1175.26
2262,826,252,3,2387.27
2263,2480,263,5,3815.76
2264,4321,738,4,1668.92
2265,4988,632,1,1686.35
2266,3875,221,5,1127.95
2267,1816,187,2,2119.56
2268,1159,454,1,1813.92
2269,4230,658,5,1288.67
2270,5283,318,2,4173.6
2271,3009,498,2,3006.96
2272,3716,35,2,2196.26
2273,4771,609,1,1015.74
2274,1710,29,1,2431.08
2275,5206,402,1,1246.05
2276,2376,333,3,478.7
2277,1883,159,3,3644.06
2278,3879,151,5,780.64
2279,1197,314,4,3929.62
2280,3520,210,3,2528.74
2281,5960,446,1,2987.6
2282,19,504,2,544.6
2283,2737,543,5,2679.06
2284,4267,705,3,255.78
2285,1778,551,5,4173.68
2286,1975,310,4,2612.11
2287,966,350,1,42.19
2288,4271,720,4,468.79
2289,3232,293,2,370.26
2290,5756,258,2,3987.19
2291,798,65,1,366.34
2292,312,68,4,3375.25
2293,712,457,3,1699.06
2294,4572,480,3,486.56
2295,5517,783,4,3046.78
2296,4972,631,5,3166.55
2297,4584,490,3,273.67
2298,3975,246,1,3767.99
2299,4206,498,3,4030.49
2300,1218,553,3,2167.81
2301,2469,24,3,1334.44
2302,819,272,5,1699.68
2303,1930,508,5,2882.69
2304,734,187,5,3473.38
2305,5073,234,4,186.93
2306,1824,192,4,243.03
2307,2822,38,3,2903.69
2308,5890,588,2,1534.63
2309,709,481,1,494.2
2310,3,508,3,2420.08
2311,699,742,3,1107.47
2312,3058,684,1,3187.15
2313,3540,266,4,283.34
2314,3973,445,3,2611.22
2315,157,419,4,1359.47
2316,1688,501,5,4145.36
2317,4763,495,4,1648.33
2318,5594,653,3,3995.58
2319,979,490,3,951.82
2320,1589,3,5,3542.9
2321,3292,629,4,824.92
2322,1550,528,5,1223.72
2323,2263,355,3,493.54
2324,2329,249,2,3563.2
2325,4302,530,3,229.86
2326,4236,702,2,3229.2
2327,1252,699,1,3828.54
2328,1514,712,1,3746.17
2329,5910,201,5,730.06
2330,2193,491,2,1801.0
2331,1084,479,1,3278.54
2332,5268,640,1,3174.73
2333,5103,608,4,2178.22
2334,2395,567,2,112.65
2335,2525,211,5,4162.26
2336,810,669,5,4044.79
2337,4028,709,5,1263.57
2338,428,610,4,1611.47
2339,957,769,1,3696.6
2340,400,222,4,1191.12
2341,5686,371,5,1047.27
2342,1910,29,1,4126.66
2343,2143,115,3,4015.36
2344,3369,681,3,929.05
2345,2868,701,3,932.18
2346,1587,7,2,2227.05
2347,4229,711,4,2822.39
2348,4079,644,1,3685.38
2349,1504,722,4,2852.13
2350,1904,564,5,3843.69
2351,5985,151,4,2437.88
2352,439,285,4,1589.06
2353,1472,697,2,716.3
2354,1409,247,3,943.47
2355,664,521,1,2596.15
2356,3930,486,3,1654.33
2357,1703,59,2,3183.25
2358,2417,20,3,1120.67
2359,1370,227,2,340.06
2360,4832,399,5,3543.79
2361,1810,174,1,2297.44
2362,2216,629,5,1777.13
2363,4336,253,1,3360.98
2364,5005,483,1,3077.79
2365,4834,236,4,2687.53
2366,4894,788,4,1168.22
2367,5413,559,3,906.9
2368,3044,328,3,3439.63
2369,731,742,3,2023.61
2370,1555,252,3,3108.25
2371,675,738,4,1320.35
2372,2419,634,4,3037.25
2373,1665,275,2,2062.6
2374,1136,385,5,3790.68
2375,1010,366,1,218.42
2376,490,174,4,3854.41
2377,2447,732,4,2583.86
2378,4176,260,3,3602.19
2379,4842,138,3,2642.76
2380,2778,487,2,2159.17
2381,5242,635,4,1881.86
2382,2917,465,3,961.99
2383,4690,13,1,2040.57
2384,266,540,3,3078.11
2385,996,221,2,1004.29
2386,1427,727,2,438.55
2387,1594,785,2,1140.32
2388,4481,6,5,1834.46
2389,5474,503,3,3976.31
2390,1153,776,3,3911.05
2391,2010,378,1,3027.09
2392,4657,404,1,3465.2
2393,935,624,2,1849.55
2394,1764,292,3,81.81
2395,4818,518,3,151.08
2396,1865,598,1,3305.89
2397,3732,787,2,1382.5
2398,1451,182,3,941.04
2399,2295,413,5,1212.79
2400,169,25,1,3754.94
2401,2740,398,2,4043.84
2402,4561,386,3,1283.95
2403,5310,481,2,2629.41
2404,4236,246,3,390.49
2405,4312,329,5,3226.99
2406,3727,264,5,1329.72
2407,4439,181,3,3990.52
2408,1223,370,2,473.11
2409,1850,319,2,2020.83
2410,2777,583,5,4014.09
2411,1886,485,3,3569.75
2412,1532,136,3,1248.89
2413,166,773,3,600.45
2414,2250,292,5,1623.72
2415,4542,366,1,3399.78
2416,1390,560,2,716.03
2417,4894,58,4,4033.05
2418,797,20,2,3181.25
2419,3404,763,1,1194.07
2420,2985,318,4,2725.13
2421,1890,78,2,886.66
2422,3543,761,1,2206.15
2423,3592,172,2,2959.69
2424,3217,275,3,2839.31
2425,2205,338,5,1542.55
2426,4760,211,2,2660.36
2427,3834,281,3,370.13
2428,3458,707,4,49.02
2429,340,41,5,2190.97
2430,2356,294,3,826.29
2431,1106,80,4,123.01
2432,3330,305,3,2389.4
2433,5807,5,3,2257.2
2434,4049,477,1,1764.43
2435,3069,435,3,3159.55
2436,4302,38,5,1734.78
2437,5996,369,2,2494.79
2438,3540,572,3,3830.04
2439,2441,111,5,603.77
2440,2833,175,1,1635.28
2441,1438,265,5,2307.98
2442,1461,170,1,2667.2
2443,4940,471,4,3188.11
2444,707,163,2,1739.13
2445,2734,616,4,1394.46
2446,4878,622,1,939.49
2447,1167,670,3,600.79
2448,5529,503,2,3014.2
2449,3456,713,1,915.25
2450,4376,61,3,3543.82
2451,5006,642,3,2435.12
2452,4446,33,1,971.18
2453,1253,321,3,2084.63
2454,910,114,1,89.33
2455,2657,437,5,134.51
2456,3823,598,4,3070.04
2457,600,685,2,3401.08
2458,2698,187,2,1485.15
2459,2444,410,3,222.43
2460,1458,639,3,3271.09
2461,1499,46,1,820.51
2462,4132,539,3,664.88
2463,5281,40,2,3928.03
2464,3469,275,5,1369.16
2465,550,603,4,614.35
2466,3352,450,4,2773.3
2467,5333,504,4,4150.01
2468,5264,302,1,3651.53
2469,2193,583,2,907.92
2470,2849,704,5,2883.94
2471,5968,360,1,2462.06
2472,2767,282,1,1778.96
2473,852,369,3,680.71
2474,664,176,3,2874.95
2475,5968,579,5,3115.03
2476,4165,355,2,4063.98
2477,4034,305,4,2212.84
2478,4627,35,5,3098.93
2479,3799,161,5,724.01
2480,1952,498,5,1865.2
2481,3443,695,1,3186.43
2482,2300,370,4,3212.93
2483,5357,629,1,1170.87
2484,1381,592,5,274.76
2485,2590,11,4,2784.12
2486,4143,624,3,2450.11
2487,3250,36,5,2543.08
2488,2419,75,1,4038.11
2489,5774,106,3,4057.5
2490,1738,595,4,2667.15
2491,1426,496,1,3150.76
2492,2135,418,5,3855.83
2493,4836,257,3,4035.38
2494,3794,245,5,297.62
2495,2665,674,2,1697.78
2496,1622,610,5,3113.17
2497,2069,758,1,3675.45
2498,3204,540,3,558.51
2499,3557,138,5,3105.4
2500,4539,794,5,3693.13
2501,1408,354,5,3595.16
2502,567,239,4,2453.6
2503,4208,213,1,191.91
2504,65,214,4,3780.42
2505,5440,699,2,4056.33
2506,572,347,5,2454.28
2507,2447,371,2,697.42
2508,1642,741,5,3413.29
2509,3118,66,5,580.56
2510,616,91,5,446.72
2511,5204,667,1,3609.74
2512,776,410,3,270.63
2513,5227,303,3,1002.1
2514,5896,442,5,2932.4
2515,759,305,5,2908.74
2516,4356,63,4,3540.94
2517,1102,743,5,3983.84
2518,611,300,2,3098.54
2519,4370,412,1,989.0
2520,1794,45,4,3559.64
2521,4234,94,1,1985.2
2522,2177,555,2,508.21
2523,1596,462,3,2462.38
2524,2385,362,2,2552.57
2525,5931,606,1,1152.47
2526,1856,685,5,3887.98
2527,964,87,2,3174.58
2528,609,72,1,138.52
2529,4552,447,2,2656.08
2530,4230,529,5,2024.44
2531,406,73,2,496.04
2532,184,342,5,1354.93
2533,3420,133,2,4199.75
2534,672,252,2,2256.91
2535,4363,492,3,130.45
2536,8,468,4,3810.26
2537,2167,197,4,4194.6
2538,2756,115,2,2108.17
2539,3573,538,5,1399.77
2540,2933,456,1,1084.14
2541,2613,251,5,3201.14
2542,4120,476,2,2546.66
2543,4845,181,1,2305.46
2544,4927,72,2,4189.98
2545,4744,55,5,1782.07
2546,4604,114,5,2179.05
2547,2561,731,4,888.14
2548,449,703,5,2343.14
2549,1495,491,3,653.44
2550,3927,713,5,1930.02
2551,5323,149,3,3966.96
2552,1673,645,3,1950.42
2553,147,247,4,451.92
2554,1561,410,3,1192.99
2555,5696,25,4,2203.08
2556,1791,278,1,104.39
2557,783,221,5,493.52
2558,2773,310,3,3839.29
2559,5308,113,4,1132.65
2560,4049,317,3,2801.89
2561,4259,174,2,1005.41
2562,2168,315,5,534.03
2563,650,315,1,1171.09
2564,853,774,5,1377.38
2565,205,620,5,2862.95
2566,4837,256,2,1235.8
2567,733,248,5,739.29
2568,2561,537,1,1469.97
2569,2062,170,3,3676.29
2570,2191,723,4,357.1
2571,277,235,2,2632.25
2572,1463,66,3,4138.71
2573,306,257,4,2407.27
2574,2755,772,4,3081.24
2575,2912,202,3,1694.04
2576,701,192,5,2933.16
2577,2865,647,4,466.83
2578,5187,683,1,3335.57
2579,4631,267,1,893.8
2580,3950,265,2,2551.44
2581,4411,327,5,3676.11
2582,5437,483,2,3093.71
2583,5516,121,3,314.34
2584,4997,193,5,3355.21
2585,3714,722,5,2958.61
2586,707,589,2,3483.51
2587,3815,253,1,1494.56
2588,3159,80,4,1393.2
2589,1359,337,5,3218.99
2590,1851,113,1,3366.1
2591,2564,161,2,2794.34
2592,5021,296,5,3521.05
2593,3104,525,5,680.6
2594,565,200,4,907.72
2595,3812,139,5,1173.76
2596,4320,532,5,713.05
2597,899,165,3,2394.02
2598,4577,644,4,3842.37
2599,4303,732,5,2677.39
2600,834,607,2,1005.67
2601,1825,688,5,616.31
2602,5298,380,1,2105.72
2603,2091,44,4,2980.68
2604,1585,373,2,2352.94
2605,1866,677,5,1075.52
2606,563,74,5,3790.84
2607,5760,639,2,65.17
2608,2130,778,4,3012.85
2609,382,475,4,1895.21
2610,3534,464,5,3175.18
2611,2088,763,2,3077.32
2612,2010,737,5,2993.35
2613,1263,171,2,1289.95
2614,1219,585,2,300.89
2615,408,112,1,2836.84
2616,73,287,4,3040.92
2617,3732,69,2,1252.26
2618,1667,620,2,1198.68
2619,2497,88,5,2674.99
2620,802,32,4,2183.81
2621,4251,722,4,508.54
2622,5471,470,2,3609.68
2623,4759,393,5,3612.16
2624,3340,585,1,2163.32
2625,3640,233,1,3296.23
2626,1409,50,4,2958.5
2627,2223,577,5,1581.3
2628,3379,677,5,1401.22
2629,2900,463,5,3150.31
2630,5615,295,2,3054.09
2631,116,769,1,2424.13
2632,5402,488,4,3065.5
2633,1935,257,3,4164.02
2634,4381,87,2,1756.7
2635,4724,575,1,2867.11
2636,3037,352,2,2325.52
2637,834,142,3,1862.43
2638,4796,201,2,850.0
2639,4581,139,2,1981.78
2640,1481,177,3,403.99
2641,4541,182,2,3572.45
2642,221,42,3,509.35
2643,1778,306,1,2706.89
2644,985,621,2,2238.9
2645,3594,607,2,4152.46
2646,5451,173,3,791.7
2647,3890,335,2,3357.58
2648,5827,343,4,1566.9
2649,1430,424,4,3421.84
2650,2329,564,3,502.19
2651,4473,354,4,889.26
2652,148,408,3,634.42
2653,2255,427,1,1671.92
2654,4763,500,3,2338.95
2655,4934,169,1,2415.39
2656,5525,325,1,108.52
2657,4997,698,4,1497.53
2658,5868,221,5,646.07
2659,1196,777,1,539.68
2660,2839,400,5,4110.09
2661,3641,192,1,1667.95
2662,4911,298,5,1613.76
2663,945,455,5,1367.41
2664,3774,687,3,2261.97
2665,3226,272,4,1130.15
2666,5679,516,2,1083.61
2667,1761,173,2,1081.44
2668,2416,253,5,2228.54
2669,5895,416,5,945.71
2670,3629,489,1,1827.61
2671,4148,308,4,3500.12
2672,5488,771,2,362.87
2673,1831,124,5,1626.21
2674,1166,568,5,628.64
2675,4221,307,1,4154.86
2676,976,491,2,2370.76
2677,4636,547,3,3363.65
2678,3525,6,3,3331.63
2679,3966,195,1,1142.02
2680,1438,477,5,1766.99
2681,5794,374,3,1681.34
2682,4187,256,5,849.02
2683,1671,587,1,1340.69
2684,794,418,2,75.15
2685,5791,659,3,3710.05
2686,3882,668,4,2369.2
2687,5883,437,4,2656.54
2688,5691,66,5,2540.09
2689,532,698,3,3223.92
2690,3313,145,4,255.63
2691,486,175,2,3998.82
2692,1747,581,4,3309.49
2693,875,760,4,1854.94
2694,1462,608,4,3793.76
2695,436,609,3,115.32
2696,5136,266,5,2910.33
2697,1700,521,5,846.21
2698,2973,539,4,3035.68
2699,3179,631,4,29.23
2700,257,217,1,941.87
2701,607,283,4,4114.85
2702,3219,714,1,2139.49
2703,1280,400,3,3568.0
2704,1791,113,2,256.33
2705,1635,463,1,904.38
2706,2390,663,4,384.71
2707,954,653,5,1429.12
2708,188,652,5,4109.18
2709,2538,774,5,1439.95
2710,85,706,1,3847.36
2711,5196,606,5,1503.28
2712,3939,512,3,80.38
2713,607,566,3,1548.36
2714,768,552,5,2209.14
2715,2808,771,2,149.65
2716,769,285,5,1852.82
2717,3533,459,4,2350.01
2718,1806,35,3,2290.48
2719,5258,593,2,1106.14
2720,1523,41,3,2205.38
2721,5174,792,4,606.04
2722,3170,407,5,812.15
2723,4723,614,1,1544.95
2724,1190,365,1,660.02
2725,3098,175,3,776.04
2726,5277,227,5,2011.53
2727,20,378,2,1486.33
2728,2628,585,3,1602.97
2729,2045,7,5,3154.24
2730,5954,472,4,142.02
2731,1227,288,2,1239.71
2732,1336,509,3,3292.8
2733,1030,23,5,4059.3
2734,3361,130,5,4034.64
2735,3273,664,5,4040.28
2736,880,220,5,1670.46
2737,4894,74,5,2901.73
2738,4695,748,4,2839.83
2739,4891,138,4,2660.36
2740,1278,564,5,620.93
2741,4475,386,2,3718.08
2742,2810,626,3,442.36
2743,1194,762,2,516.68
2744,3314,60,2,2706.62
2745,830,490,3,3296.84
2746,2879,339,2,2901.63
2747,2270,33,3,4026.54
2748,251,414,2,708.04
2749,2752,570,2,3397.18
2750,5435,797,2,3147.22
2751,2309,651,4,1338.3
2752,3474,148,3,1173.91
2753,3004,618,2,2888.93
2754,3425,426,1,16.75
2755,5514,370,3,39.03
2756,3721,167,3,2035.38
2757,2898,446,1,830.84
2758,1728,125,2,211.49
2759,4996,290,1,3646.97
2760,3902,155,4,1206.3
2761,2239,652,2,113.54
2762,611,308,3,555.73
2763,1071,652,2,2915.95
2764,2944,474,3,1498.11
2765,3282,603,5,211.71
2766,1321,509,4,2225.13
2767,3391,725,2,3922.02
2768,375,504,2,2016.18
2769,317,592,4,897.29
2770,5852,577,3,1781.96
2771,5156,100,2,1688.36
2772,257,222,1,2115.86
2773,295,646,2,2670.46
2774,5553,491,3,3608.34
2775,1385,795,3,2388.15
2776,2752,79,3,613.17
2777,3852,209,3,3571.35
2778,5007,513,5,1591.6
2779,3870,566,4,1691.41
2780,995,8,2,2003.35
2781,3816,620,5,337.33
2782,3897,544,2,274.0
2783,2864,514,3,3457.68
2784,1761,276,4,3137.15
2785,5284,620,1,4176.84
2786,4746,99,1,58.56
2787,2720,411,5,3972.15
2788,441,160,3,1659.8
2789,4218,556,2,2222.1
2790,4842,655,1,2053.58
2791,1932,57,5,2408.17
2792,4846,331,5,737.1
2793,5617,140,4,4096.12
2794,577,794,1,1395.57
2795,3033,176,3,900.11
2796,3932,227,2,4163.97
2797,557,254,5,2078.97
2798,4066,11,1,3481.89
2799,5447,352,4,3977.94
2800,3425,552,4,2209.5
2801,1014,694,2,1084.36
2802,5339,590,4,1260.01
2803,78,8,1,2286.02
2804,4468,731,2,3826.55
2805,3125,527,2,3473.03
2806,3924,233,4,2817.71
2807,5629,359,1,1593.34
2808,3921,521,2,3446.49
2809,3282,566,4,3067.43
2810,2683,470,2,329.64
2811,4874,491,2,4151.91
2812,3290,689,5,1594.43
2813,2523,634,3,3608.03
2814,4908,16,2,3962.12
2815,5855,431,2,697.56
2816,1042,34,2,3231.01
2817,2478,237,4,972.92
2818,614,522,1,3278.14
2819,2062,112,5,3233.05
2820,5305,769,1,2293.46
2821,2366,93,1,3349.06
2822,5518,763,3,3613.74
2823,2714,500,5,1612.47
2824,861,165,3,1075.76
2825,1626,258,2,2271.6
2826,817,589,3,1257.44
2827,979,644,5,2193.22
2828,4406,422,3,1966.25
2829,3759,704,3,2550.32
2830,809,793,5,300.78
2831,1434,508,2,2807.17
2832,246,760,4,286.24
2833,5500,333,4,2157.39
2834,5724,295,3,990.22
2835,1086,388,3,4091.83
2836,4595,662,1,393.3
2837,1012,566,5,1112.59
2838,3580,797,3,1609.45
2839,428,293,3,145.24
2840,1998,756,3,3058.23
2841,3762,112,3,49.06
2842,3644,213,4,1172.54
2843,4963,346,5,3443.5
2844,5424,584,5,1738.44
2845,776,453,2,1021.71
2846,1503,600,2,2015.85
2847,3902,711,3,393.68
2848,3650,715,1,2117.58
2849,5364,52,4,732.87
2850,5217,620,3,1041.87
2851,5037,65,3,2992.53
2852,3655,638,5,2184.82
2853,326,703,3,991.77
2854,951,479,4,1938.96
2855,4179,720,4,2035.23
2856,3188,696,1,2037.47
2857,3327,323,1,3403.81
2858,4733,792,3,4096.45
2859,4853,777,5,2746.71
2860,858,765,1,1764.5
2861,1193,20,3,1706.46
2862,3912,348,4,354.82
2863,5212,455,2,1064.9
2864,4632,779,1,3393.98
2865,4700,584,5,66.29
2866,2751,114,4,1187.27
2867,5865,93,3,320.31
2868,686,391,3,2719.93
2869,5186,348,1,1815.43
2870,1748,747,4,3478.46
2871,200,275,4,830.85
2872,5123,564,2,1842.31
2873,2859,413,1,1686.82
2874,1488,45,4,1025.22
2875,3818,225,4,512.19
2876,5305,6,1,1023.54
2877,3928,315,4,3918.76
2878,4225,384,3,2486.01
2879,5620,592,1,2894.42
2880,5544,487,2,725.57
2881,3177,366,3,2635.2
2882,2330,790,5,2246.3
2883,4260,7,5,1220.84
2884,2662,420,2,2006.0
2885,2762,273,3,2407.96
2886,1810,379,3,2130.96
2887,1935,768,5,678.66
2888,5611,636,1,1892.89
2889,5320,176,4,3205.85
2890,1404,316,4,3597.55
2891,1293,760,3,4114.75
2892,439,555,3,2251.37
2893,4329,6,1,639.96
2894,2120,585,3,2614.13
2895,4584,399,1,735.82
2896,5316,765,3,1239.32
2897,878,23,2,361.72
2898,5447,691,3,2889.09
2899,5378,383,4,2367.25
2900,5777,641,4,2788.93
2901,761,360,1,4017.7
2902,3425,476,5,2053.77
2903,2517,88,5,913.47
2904,1167,151,5,4173.19
2905,5680,790,5,2223.03
2906,1210,79,5,2742.11
2907,1084,547,2,1814.66
2908,3796,257,4,998.58
2909,89,756,2,2680.98
2910,5034,794,3,1487.76
2911,5342,208,2,1767.24
2912,1191,725,1,971.64
2913,791,416,1,3577.11
2914,218,274,1,3775.74
2915,3866,661,1,3775.47
2916,2317,222,3,2884.68
2917,2142,746,2,3826.97
2918,2545,350,2,1140.82
2919,2792,520,4,50.86
2920,1476,13,3,2644.91
2921,3670,610,5,444.72
2922,5782,512,4,1074.62
2923,5489,608,3,1190.99
2924,580,542,2,91.4
2925,5127,2,1,1634.15
2926,5941,162,3,4103.71
2927,2475,165,2,2925.8
2928,5979,570,4,1104.17
2929,2855,654,2,1527.43
2930,2281,639,2,3243.39
2931,1392,683,1,106.15
2932,5621,709,3,1170.75
2933,4781,61,3,3318.79
2934,43,584,2,219.49
2935,675,525,4,2617.41
2936,3328,491,4,1245.12
2937,4854,752,4,3825.35
2938,3404,35,2,1347.46
2939,271,140,4,2225.97
2940,2584,437,4,714.37
2941,1949,206,2,193.27
2942,5695,458,3,909.16
2943,2641,458,4,4032.63
2944,5231,633,5,1953.64
2945,392,37,1,3121.79
2946,4177,259,3,1040.16
2947,2138,112,4,1450.95
2948,3421,420,3,2660.77
2949,4746,320,1,1329.06
2950,3664,32,5,3379.76
2951,4379,433,3,72.84
2952,5274,651,1,298.17
2953,4622,342,4,809.52
2954,4303,710,4,1019.61
2955,4325,386,1,1832.94
2956,1598,86,5,443.45
2957,5326,499,4,3786.66
2958,621,237,2,396.66
2959,1761,687,4,1670.08
2960,2841,73,5,3177.36
2961,4778,725,2,3044.64
2962,5847,608,2,1429.86
2963,1314,744,3,3362.52
2964,975,703,3,973.34
2965,3364,83,4,2643.86
2966,3924,158,2,403.44
2967,1633,109,4,4149.12
2968,5504,725,1,185.49
2969,1085,262,3,4084.59
2970,3982,205,5,701.27
2971,768,4,3,1424.95
2972,3780,291,2,3041.46
2973,3681,731,4,2386.1
2974,2721,781,3,1726.81
2975,81,156,3,3084.3
2976,485,71,1,2875.82
2977,2662,548,5,3896.94
2978,4396,220,1,1008.84
2979,2901,779,5,3430.52
2980,2158,20,2,982.49
2981,2006,546,5,3847.5
2982,2059,28,2,3491.27
2983,5194,479,5,3711.88
2984,5241,127,1,2930.92
2985,5710,514,3,671.81
2986,3022,709,4,51.56
2987,4621,561,4,3340.45
2988,5632,360,3,130.54
2989,472,731,3,2127.66
2990,5887,351,5,2245.81
2991,5327,299,3,1708.94
2992,1301,705,1,469.39
2993,5731,269,3,254.07
2994,2695,410,5,1526.2
2995,4883,287,4,3238.18
2996,903,721,3,2718.58
2997,1551,579,3,1737.11
2998,5290,448,1,4196.88
2999,4362,726,4,997.68
3000,1671,669,1,2424.09
3001,1200,459,4,3198.65
3002,37,553,4,1972.12
3003,3497,265,1,480.99
3004,3703,689,2,34.13
3005,4282,755,5,2313.33
3006,5516,720,2,2781.86
3007,5711,358,3,1958.72
3008,5566,525,2,2331.64
3009,1492,117,1,4113.71
3010,1597,732,2,3260.16
3011,4074,529,1,733.77
3012,4116,499,1,3746.76
3013,300,454,5,263.71
3014,3290,85,5,3993.3
3015,1516,339,3,3812.87
3016,2599,292,2,1657.47
3017,5540,455,5,687.35
3018,5843,477,5,2169.1
3019,3300,139,4,1761.5
3020,1418,193,5,1407.9
3021,518,6,3,1063.22
3022,5626,354,2,1250.04
3023,666,122,1,718.84
3024,2081,502,4,2304.76
3025,2799,31,2,3026.92
3026,4501,338,1,800.84
3027,3451,675,1,2242.91
3028,5175,311,4,438.61
3029,4825,124,5,2960.25
3030,5565,655,5,1413.86
3031,394,692,5,829.49
3032,914,133,2,3881.5
3033,3887,744,2,3097.13
3034,2042,97,5,1348.65
3035,209,741,4,2905.79
3036,347,750,3,1961.86
3037,1443,248,5,3452.79
3038,4376,84,2,456.63
3039,2161,116,5,3811.94
3040,5042,564,3,709.24
3041,2640,23,5,3068.77
3042,4912,43,5,1038.02
3043,3176,560,2,3052.48
3044,2238,68,5,3597.49
3045,2573,640,2,3810.95
3046,3361,14,5,2657.24
3047,3096,690,3,2644.21
3048,4515,238,1,530.54
3049,1053,675,3,1311.27
3050,5525,487,3,3614.01
3051,654,772,4,1650.18
3052,4469,467,2,2363.25
3053,903,759,1,2733.34
3054,3707,270,1,1588.61
3055,4059,602,4,1695.09
3056,3346,217,3,1552.12
3057,3465,545,2,182.34
3058,90,445,5,1070.05
3059,2072,307,5,943.19
3060,4945,337,4,1580.04
3061,4886,390,2,2960.0
3062,5502,135,3,3526.52
3063,4499,660,4,2198.84
3064,5908,797,3,258.97
3065,4878,441,2,2884.75
3066,629,531,3,3988.8
3067,4435,758,5,2848.9
3068,472,313,2,165.14
3069,3467,90,3,2707.54
3070,5525,448,2,72.64
3071,3770,404,1,3517.26
3072,2647,747,5,640.28
3073,2454,127,1,2326.61
3074,3574,431,2,3510.29
3075,3900,413,5,738.5
3076,198,210,5,654.64
3077,3670,194,4,2417.36
3078,272,344,2,3158.69
3079,5159,103,5,1892.49
3080,4230,428,5,619.72
3081,527,481,3,1832.35
3082,1567,591,3,2708.56
3083,2202,409,1,2314.37
3084,2042,578,4,2066.78
3085,3727,768,2,3634.22
3086,2809,540,5,4014.86
3087,1792,229,3,433.71
3088,2559,623,3,834.52
3089,466,179,2,2438.86
3090,4787,394,3,1402.41
3091,2492,356,5,1973.53
3092,2984,83,3,422.06
3093,1839,132,3,253.08
3094,395,67,3,120.17
3095,3975,527,4,1450.8
3096,5179,541,1,1694.07
3097,3352,161,3,3155.18
3098,4591,107,2,4149.97
3099,4005,139,2,3253.38
3100,229,1,4,1670.42
3101,2691,352,4,629.03
3102,2297,191,1,373.67
3103,4806,168,4,1442.91
3104,3040,311,3,3405.02
3105,421,178,1,1953.39
3106,5674,718,4,1609.69
3107,1714,778,3,2379.24
3108,1092,7,3,213.73
3109,5402,17,5,2666.02
3110,5566,215,4,3588.75
3111,46,584,4,3015.6
3112,4575,603,4,1124.72
3113,3105,427,4,950.06
3114,3987,32,4,440.05
3115,4624,38,1,2513.69
3116,2278,589,3,1098.09
3117,5874,572,5,1997.0
3118,5692,764,1,1144.16
3119,3678,260,2,1951.56
3120,3339,743,3,349.87
3121,1175,448,1,682.25
3122,4992,340,4,2833.6
3123,1348,261,2,3204.15
3124,1072,480,4,39.29
3125,3231,262,5,3394.59
3126,1971,308,1,808.43
3127,2831,302,4,993.27
3128,4101,318,5,3033.72
3129,4780,120,2,1101.31
3130,4058,93,4,1448.96
3131,4565,451,1,4171.24
3132,4150,203,3,1725.23
3133,5843,35,5,2177.32
3134,161,200,5,3086.66
3135,1220,3,5,3976.28
3136,2802,11,4,2537.42
3137,19,29,3,3212.5
3138,2049,490,3,2222.36
3139,4795,512,2,97.36
3140,1539,19,4,1685.19
3141,2182,596,4,3249.78
3142,5825,119,2,590.29
3143,2238,399,4,1556.28
3144,5443,218,5,4080.9
3145,4647,242,2,4087.9
3146,3559,431,1,4137.27
3147,147,466,4,1640.94
3148,1328,797,2,1112.66
3149,5657,39,2,1814.26
3150,560,200,3,1847.94
3151,2423,55,3,614.78
3152,4032,198,5,1356.76
3153,907,207,3,1726.35
3154,2546,172,5,4156.45
3155,958,102,5,1046.79
3156,5311,436,2,2275.31
3157,2978,247,3,2447.88
3158,1821,239,2,1102.26
3159,3312,103,1,844.87
3160,2219,327,1,1137.08
3161,3146,165,2,256.85
3162,3085,135,4,2780.36
3163,1778,20,3,981.97
3164,5545,631,1,1743.87
3165,58,699,4,2942.25
3166,1373,764,2,4146.44
3167,3566,525,5,4034.95
3168,154,99,2,2868.0
3169,5191,432,3,597.08
3170,1712,44,1,1519.28
3171,4327,3,2,1376.83
3172,229,673,1,2352.35
3173,2922,300,1,3170.02
3174,1997,606,3,2064.86
3175,3454,723,5,4167.64
3176,228,734,1,2047.04
3177,2191,573,1,3510.85
3178,5170,550,1,1876.97
3179,5167,447,5,1126.7
3180,794,651,4,1882.89
3181,1564,760,2,1291.07
3182,5863,472,4,930.13
3183,4301,385,1,303.22
3184,1935,784,5,2232.03
3185,1042,687,5,1212.48
3186,3032,453,1,975.42
3187,2032,39,3,2883.67
3188,4120,715,1,4124.87
3189,5414,132,5,956.52
3190,3765,70,4,1337.94
3191,3652,413,1,133.63
3192,2562,578,2,3351.88
3193,2555,197,1,3924.82
3194,2430,660,5,413.15
3195,374,791,2,279.1
3196,4088,723,3,1363.89
3197,2012,341,3,3604.05
3198,1947,524,4,1307.39
3199,5710,725,2,3068.77
3200,3817,394,5,125.38
3201,1389,541,4,2696.03
3202,3678,138,3,4050.9
3203,3783,716,1,2955.94
3204,4081,494,3,1040.32
3205,4011,65,1,1677.41
3206,949,192,2,3703.43
3207,1632,400,1,1349.58
3208,3415,79,3,1100.41
3209,975,126,2,2110.5
3210,1209,164,3,2714.8
3211,5220,561,1,2366.42
3212,5978,564,1,1027.57
3213,5357,407,2,2548.99
3214,1683,788,4,3057.96
3215,1445,707,3,3665.27
3216,2852,718,5,2995.94
3217,5362,99,2,2838.31
3218,2801,758,2,717.19
3219,2208,41,1,1076.69
3220,5036,72,4,1476.27
3221,5788,540,5,683.84
3222,279,167,2,4184.45
3223,2286,495,1,1258.53
3224,1418,296,1,3334.33
3225,1243,684,5,3816.49
3226,3731,280,3,2672.57
3227,2493,484,4,2371.07
3228,1430,40,1,2109.72
3229,3990,188,2,2887.25
3230,2395,16,4,1289.04
3231,2055,214,3,1297.03
3232,88,348,5,1022.96
3233,4081,323,4,2072.58
3234,2500,727,3,3340.87
3235,2309,447,2,2798.57
3236,2977,800,1,61.03
3237,3291,398,2,3577.14
3238,3578,143,1,1167.19
3239,1344,241,2,2227.42
3240,553,425,4,3577.89
3241,4270,658,5,3293.72
3242,4698,401,2,4036.28
3243,1882,439,4,717.45
3244,3213,290,2,3391.93
3245,1273,412,1,1300.7
3246,5451,499,4,523.42
3247,5657,716,2,1711.07
3248,5602,165,3,960.15
3249,2006,255,4,3011.53
3250,926,212,2,3113.15
3251,5742,48,5,3198.92
3252,3136,247,1,1728.35
3253,3270,800,5,3713.13
3254,506,338,3,1514.12
3255,4478,52,5,2625.33
3256,5184,663,3,239.12
3257,2583,349,5,1666.08
3258,3235,740,1,3446.2
3259,1859,321,2,1941.87
3260,4968,351,5,2475.88
3261,416,529,5,2265.4
3262,870,771,5,1859.69
3263,3181,21,4,3735.56
3264,1494,526,5,3976.0
3265,5224,278,3,2096.88
3266,481,719,4,30.55
3267,3234,693,3,1382.28
3268,3615,744,3,3118.78
3269,5836,3,2,454.53
3270,208,796,1,1082.54
3271,1874,446,4,3639.7
3272,1686,304,1,1318.1
3273,835,165,3,4038.7
3274,2136,516,3,776.51
3275,2772,88,2,1347.73
3276,2998,460,4,3557.15
3277,2774,638,3,1441.81
3278,2002,251,1,3726.6
3279,591,20,2,3628.01
3280,4927,575,3,1131.63
3281,1066,114,4,1008.62
3282,2304,371,2,2911.6
3283,3142,699,5,1950.39
3284,5614,191,4,1776.16
3285,4384,349,4,1002.51
3286,981,443,2,3392.33
3287,2146,192,5,535.31
3288,4344,580,3,4080.91
3289,641,119,1,3539.95
3290,5898,532,3,896.3
3291,5905,671,5,309.06
3292,2518,159,3,1710.07
3293,4626,261,4,4072.87
3294,4389,56,4,1705.11
3295,430,29,1,3534.06
3296,1565,539,5,3675.65
3297,1990,690,1,2739.92
3298,3045,741,5,4022.25
3299,769,444,5,2577.86
3300,4127,712,3,3905.96
3301,5005,651,4,728.58
3302,1222,333,5,1762.56
3303,1157,106,3,3621.21
3304,3229,606,4,3464.11
3305,1986,19,5,556.56
3306,4430,79,3,2473.99
3307,588,567,1,3906.18
3308,4438,135,2,2317.76
3309,975,236,5,652.26
3310,815,18,2,250.14
3311,523,798,5,1863.82
3312,3871,65,4,2919.16
3313,5607,557,4,1778.25
3314,5968,239,4,1686.61
3315,5450,336,1,609.91
3316,4670,430,3,2945.2
3317,1544,9,2,1952.77
3318,4139,74,3,3733.02
3319,5886,240,2,3260.43
3320,3856,642,3,3606.87
3321,595,764,4,2134.82
3322,1063,165,5,1524.29
3323,4580,197,2,3227.52
3324,5229,461,2,1232.44
3325,2935,521,5,1989.34
3326,2911,624,1,3130.09
3327,5890,205,1,4037.68
3328,1327,78,2,419.62
3329,671,617,5,2579.63
3330,303,355,3,3549.42
3331,5297,94,3,385.47
3332,2680,609,4,3535.41
3333,1803,101,2,1371.02
3334,2366,476,5,3444.35
3335,748,81,1,3517.88
3336,498,796,2,1052.28
3337,772,549,3,3060.29
3338,3990,152,2,1678.7
3339,803,643,1,3185.27
3340,1672,247,2,516.55
3341,2236,308,3,1468.79
3342,4500,797,4,912.0
3343,4132,316,5,2889.47
3344,2363,692,1,1902.67
3345,687,734,2,2622.5
3346,5941,167,3,480.95
3347,1041,142,1,121.89
3348,5802,658,4,1874.46
3349,4612,199,5,15.12
3350,2477,79,1,2673.06
3351,1258,105,5,3263.29
3352,4007,477,2,2551.77
3353,2921,475,3,3680.82
3354,3671,222,2,3529.28
3355,3539,332,1,1731.4
3356,2222,229,3,1540.54
3357,2402,745,4,1676.07
3358,795,366,3,3022.27
3359,5637,699,2,1553.38
3360,5503,398,2,2889.03
3361,2592,344,1,2179.07
3362,5704,111,1,1146.27
3363,972,352,2,244.28
3364,655,735,2,2030.06
3365,2437,585,2,2300.43
3366,4725,705,1,2385.76
3367,2583,219,1,4171.78
3368,1827,655,5,1027.51
3369,5075,333,2,53.31
3370,18,56,3,3927.77
3371,3573,631,3,1375.14
3372,3087,667,4,2413.76
3373,1437,220,3,2722.44
3374,554,43,4,3348.78
3375,1740,468,2,1962.52
3376,1625,221,3,1711.42
3377,395,628,1,1671.21
3378,4936,326,1,2841.32
3379,1818,646,5,2730.75
3380,5431,37,1,237.53
3381,3932,149,4,1322.25
3382,4023,579,4,2593.55
3383,3723,292,4,3988.12
3384,184,52,1,3842.13
3385,5522,275,1,2300.97
3386,2768,774,4,2592.06
3387,1367,445,5,1836.26
3388,4952,420,1,2376.72
3389,4298,141,3,3884.88
3390,1248,283,2,427.45
3391,2420,113,3,2576.15
3392,3777,42,4,1148.81
3393,5015,236,1,1540.7
3394,5253,675,2,1556.71
3395,5128,241,5,4154.17
3396,5980,436,3,2822.86
3397,960,166,5,686.51
3398,1969,382,3,3558.65
3399,2777,435,5,1789.45
3400,1833,19,4,4045.3
3401,1699,665,3,3286.35
3402,5479,542,3,3277.9
3403,493,106,5,609.8
3404,3356,478,4,1683.71
3405,4327,644,5,3712.37
3406,2175,18,1,1571.27
3407,4230,557,5,265.67
3408,5355,684,5,1605.92
3409,2320,5,5,2841.23
3410,5757,658,5,1967.79
3411,1520,382,3,1009.96
3412,806,419,4,1178.13
3413,5691,199,5,3892.14
3414,2480,691,3,2793.63
3415,1393,30,5,2359.07
3416,5413,142,3,652.88
3417,3536,38,4,2101.1
3418,176,68,5,1344.81
3419,896,396,5,1265.87
3420,4162,260,4,3939.6
3421,717,125,4,14.04
3422,5871,742,5,3939.11
3423,5299,505,3,4062.0
3424,5987,590,4,99.75
3425,5706,69,1,2665.1
3426,2370,130,5,2880.37
3427,1197,73,2,3977.62
3428,4432,38,2,2809.65
3429,694,46,1,2738.96
3430,5714,463,3,2956.46
3431,4836,234,2,1292.01
3432,5217,690,5,3713.33
3433,4298,74,4,1490.29
3434,3302,83,1,2202.91
3435,2164,707,2,275.5
3436,5132,752,1,1079.62
3437,520,38,3,4053.81
3438,2190,683,1,3816.88
3439,5015,498,2,1072.05
3440,1975,767,1,237.04
3441,1513,767,5,2558.26
3442,5454,197,1,3348.11
3443,2169,602,3,3993.58
3444,3087,521,3,2522.32
3445,405,593,1,911.33
3446,1073,324,1,1724.03
3447,1526,546,1,929.92
3448,1603,289,2,1762.31
3449,3796,656,5,4075.72
3450,2994,232,1,2650.09
3451,3913,575,3,1052.71
3452,5225,241,4,3115.58
3453,229,52,4,1431.62
3454,1463,102,1,3299.74
3455,4380,564,4,1988.83
3456,1887,551,5,4027.14
3457,2328,632,2,2205.0
3458,4697,585,3,1677.49
3459,1694,258,4,169.41
3460,2653,517,4,3628.98
3461,3416,643,2,1606.13
3462,1486,116,2,3278.59
3463,1455,493,2,1429.24
3464,5647,708,1,2974.86
3465,2074,306,4,2865.03
3466,781,625,2,2118.49
3467,3365,770,4,2398.53
3468,4862,149,2,2729.62
3469,4550,679,4,2113.75
3470,5716,568,2,2401.97
3471,4042,131,2,949.45
3472,2816,613,3,3112.68
3473,1250,191,3,2132.28
3474,585,726,2,2495.54
3475,4698,554,5,491.29
3476,2259,384,3,2363.0
3477,4191,295,2,1427.45
3478,5633,796,1,3748.0
3479,2121,544,1,2098.96
3480,2211,222,5,851.63
3481,3779,758,2,3094.86
3482,4976,666,2,2569.01
3483,118,108,5,766.47
3484,5847,658,2,2693.74
3485,5182,601,4,2946.54
3486,2074,481,5,1948.43
3487,316,582,2,3417.78
3488,4955,608,5,4199.12
3489,3265,697,2,1245.44
3490,2771,93,5,4018.36
3491,3036,37,2,4028.53
3492,2290,544,5,1559.8
3493,5966,140,5,424.39
3494,3695,637,1,2260.9
3495,1982,153,1,1429.48
3496,696,383,4,3084.05
3497,2712,750,3,3383.88
3498,5766,170,2,2731.9
3499,323,99,2,2239.71
3500,2391,668,3,1918.78
3501,1943,238,5,2234.06
3502,4097,309,5,3766.34
3503,1207,242,4,3833.22
3504,1585,419,5,4151.81
3505,1897,739,5,2090.36
3506,76,742,3,213.74
3507,4808,354,5,276.23
3508,296,645,4,1606.34
3509,2066,648,1,3991.71
3510,808,665,3,2542.42
3511,5368,86,1,2050.86
3512,204,623,3,3040.56
3513,5013,88,2,1917.4
3514,3484,583,3,3216.3
3515,1469,108,4,2173.1
3516,2743,484,3,3282.93
3517,4596,131,3,3368.78
3518,1087,296,4,2086.26
3519,3647,480,1,941.51
3520,184,198,1,3296.03
3521,2374,574,5,1400.49
3522,2928,785,5,2018.12
3523,4959,159,4,753.78
3524,4022,800,3,3349.95
3525,5607,243,3,3674.31
3526,1461,640,5,4172.16
3527,5121,434,2,720.52
3528,5675,128,1,198.78
3529,3692,555,1,2868.39
3530,1700,576,3,1239.47
3531,1536,690,4,684.62
3532,5749,454,2,3371.36
3533,1112,509,1,3839.9
3534,3206,656,1,3697.14
3535,3629,71,1,2781.86
3536,2891,460,1,2148.86
3537,2199,622,4,1459.75
3538,5601,624,5,1505.46
3539,5270,624,4,1037.7
3540,4556,548,5,2678.04
3541,819,44,1,2066.08
3542,1493,780,3,1601.47
3543,1684,411,5,739.13
3544,1345,617,2,277.52
3545,4467,373,5,1736.74
3546,5092,37,2,891.35
3547,2777,136,4,3690.06
3548,2689,483,1,887.47
3549,4870,407,1,2375.71
3550,3956,365,2,132.31
3551,5246,469,2,3218.98
3552,1274,531,1,303.53
3553,2832,284,3,2980.21
3554,3868,21,1,3981.21
3555,5337,450,3,4116.86
3556,4296,491,5,2942.55
3557,56,469,5,1272.01
3558,1794,239,5,4140.63
3559,5764,53,5,1012.43
3560,5659,210,4,3314.0
3561,1209,209,3,3692.97
3562,4574,117,5,3381.99
3563,1703,320,2,3101.8
3564,5123,264,5,2060.57
3565,2890,666,3,2955.69
3566,5137,396,3,4181.78
3567,548,154,2,1141.78
3568,4035,510,1,3569.46
3569,5585,365,1,3283.85
3570,365,768,4,1624.19
3571,289,1,4,3490.45
3572,2988,346,3,649.89
3573,4018,77,2,3807.35
3574,2176,648,3,690.86
3575,3119,133,2,1964.89
3576,2185,461,3,2026.5
3577,2348,164,3,3197.44
3578,5344,526,1,2711.9
3579,52,491,4,1176.9
3580,3251,16,5,942.55
3581,2872,351,2,535.84
3582,3487,484,2,2545.81
3583,4546,788,1,3864.11
3584,3112,451,5,2366.67
3585,3748,22,3,1781.68
3586,1124,422,4,3611.27
3587,3946,244,5,729.62
3588,539,637,5,2430.5
3589,5787,604,1,4038.99
3590,3544,514,1,3317.05
3591,997,736,4,1367.25
3592,3460,500,2,3098.49
3593,4453,646,1,2985.31
3594,4692,167,2,1640.93
3595,1419,607,2,1756.61
3596,4610,750,3,1003.69
3597,501,290,1,3249.59
3598,3739,727,4,1103.26
3599,4231,187,4,3574.18
3600,3165,77,5,3321.4
3601,4604,597,2,1251.87
3602,4433,107,5,2870.75
3603,2523,104,2,3863.07
3604,2590,441,5,3525.27
3605,261,68,5,3682.23
3606,4793,687,3,3456.8
3607,2381,376,5,1907.92
3608,189,479,5,3802.06
3609,3869,70,2,946.03
3610,2852,496,4,2477.65
3611,762,215,1,1754.01
3612,5515,418,5,2300.05
3613,5617,531,3,626.75
3614,5697,614,5,1148.86
3615,2448,316,3,1721.37
3616,1087,749,1,691.21
3617,881,562,4,763.8
3618,5526,225,1,2580.78
3619,2415,487,3,2316.56
3620,2163,12,4,69.14
3621,5883,270,1,2622.09
3622,4149,13,5,2186.13
3623,1726,683,5,954.18
3624,3925,285,1,2189.06
3625,2923,164,4,585.85
3626,5839,354,4,2114.46
3627,4256,344,4,672.78
3628,3899,671,4,1403.63
3629,3496,229,4,3706.8
3630,5951,63,2,2122.61
3631,4801,419,5,3596.52
3632,1603,405,2,2224.85
3633,441,776,2,963.81
3634,3905,480,4,1756.48
3635,441,244,1,1639.5
3636,714,623,2,855.14
3637,5936,64,3,1697.67
3638,3640,684,1,1159.96
3639,3135,263,2,728.59
3640,3874,118,4,883.7
3641,53,238,2,3022.23
3642,694,673,1,1770.12
3643,5688,315,2,2080.86
3644,4886,21,4,1239.34
3645,3027,395,1,2379.48
3646,5841,1,4,167.71
3647,4211,271,1,1346.85
3648,3792,552,1,2844.16
3649,3396,528,4,1657.3
3650,2629,775,1,362.0
3651,5583,371,1,740.8
3652,954,517,3,448.68
3653,144,562,4,2603.39
3654,3520,697,5,2865.43
3655,2000,447,5,1589.14
3656,2528,549,2,1668.17
3657,5266,616,4,551.41
3658,3723,369,5,3568.75
3659,756,386,2,1869.44
3660,402,590,1,1094.58
3661,2771,371,4,3961.42
3662,2080,574,1,2581.16
3663,1854,583,4,4118.37
3664,2589,374,1,1858.94
3665,4584,533,5,2999.07
3666,401,511,3,3547.53
3667,4527,234,1,2943.25
3668,2720,215,4,173.35
3669,313,540,3,3380.36
3670,3293,770,5,774.65
3671,939,291,3,3056.45
3672,5728,488,4,2240.39
3673,3116,404,2,762.1
3674,2486,52,4,3701.0
3675,4696,713,5,199.04
3676,4786,747,3,60.55
3677,268,140,3,740.52
3678,919,542,3,3628.36
3679,3879,350,2,2978.93
3680,4335,580,3,1294.37
3681,5501,714,2,3611.02
3682,5328,10,4,368.26
3683,1968,503,1,3353.14
3684,4718,223,5,765.09
3685,2439,430,1,4132.37
3686,127,312,2,1097.54
3687,1604,165,3,2294.55
3688,4789,716,2,1504.56
3689,885,457,3,2818.2
3690,4293,506,5,2750.04
3691,2087,766,1,900.72
3692,3231,327,4,714.76
3693,5000,199,2,3591.6
3694,801,209,5,2007.73
3695,3402,218,1,1704.32
3696,2409,651,3,1769.29
3697,5277,790,2,2532.91
3698,762,472,5,1319.25
3699,737,551,2,3213.99
3700,1641,192,5,983.5
3701,5498,773,5,1304.44
3702,2196,75,3,1799.79
3703,5793,343,5,3105.72
3704,1027,627,3,3883.97
3705,1591,170,4,2241.98
3706,4805,405,3,1954.84
3707,4778,94,5,1894.14
3708,3653,509,2,2103.11
3709,1374,583,5,2548.28
3710,3010,23,3,1078.48
3711,4354,458,4,610.1
3712,5136,284,1,2189.65
3713,4640,553,1,553.06
3714,520,662,5,1119.84
3715,3310,240,4,3277.0
3716,4359,554,2,1769.68
3717,5786,443,3,4186.57
3718,4082,692,2,3764.75
3719,2773,618,2,2954.91
3720,128,165,5,2868.35
3721,4759,567,1,2198.88
3722,4834,662,5,2946.43
3723,897,328,5,3927.44
3724,2035,479,1,2375.85
3725,116,695,4,980.9
3726,1724,696,5,928.6
3727,1011,760,3,1930.24
3728,959,594,1,3202.08
3729,5534,117,5,2537.65
3730,3642,317,4,397.0
3731,775,230,4,328.5
3732,3299,673,4,2719.15
3733,1938,679,1,4069.99
3734,1914,511,5,99.68
3735,2275,507,4,595.59
3736,1586,383,1,2768.59
3737,3348,184,5,2326.74
3738,5453,90,5,2545.91
3739,3390,185,5,3330.64
3740,3010,584,2,2939.15
3741,5791,454,1,4015.06
3742,4320,222,3,2240.88
3743,4271,530,2,4031.38
3744,310,411,2,500.42
3745,1048,605,1,249.02
3746,5294,170,4,3182.58
3747,690,215,1,759.18
3748,5372,124,3,1950.02
3749,4599,534,1,2219.58
3750,1932,131,2,1904.33
3751,488,258,3,3446.21
3752,4351,235,5,840.47
3753,5591,271,4,2592.42
3754,5139,321,5,2279.89
3755,2574,660,1,1093.19
3756,1680,578,4,3706.98
3757,3916,421,5,2019.57
3758,611,521,4,3400.61
3759,1769,331,4,618.26
3760,2697,326,1,3462.93
3761,2754,86,2,1537.04
3762,643,674,3,3446.41
3763,4528,418,1,3508.93
3764,1616,368,3,3860.08
3765,2578,381,5,2784.05
3766,4260,27,1,350.76
3767,4393,397,4,2065.36
3768,2151,478,2,3092.42
3769,1796,95,5,46.61
3770,3483,79,2,1558.7
3771,1932,583,5,1069.57
3772,3601,100,5,1278.09
3773,2019,797,2,3060.2
3774,3822,349,1,3582.96
3775,2677,659,1,3495.89
3776,5384,552,5,467.75
3777,2072,305,4,1735.21
3778,3206,183,2,2058.9
3779,3407,290,4,3046.0
3780,3481,625,2,3981.8
3781,891,516,5,3642.11
3782,3048,36,3,2988.03
3783,625,488,1,1738.17
3784,558,176,4,1603.05
3785,5385,664,2,175.88
3786,2682,39,1,722.64
3787,1607,534,2,2173.51
3788,4117,648,5,501.77
3789,3458,635,3,2850.33
3790,5480,254,1,3722.98
3791,27,175,2,3335.65
3792,3640,588,3,429.01
3793,4593,116,2,2835.98
3794,5498,138,3,126.87
3795,2622,414,2,1768.51
3796,5997,294,4,1410.7
3797,2210,550,2,3370.03
3798,2744,476,5,3332.9
3799,1354,149,3,1183.21
3800,4277,291,1,1115.99
3801,2811,553,2,2687.01
3802,1427,562,5,4025.01
3803,4087,478,4,1501.09
3804,552,129,4,3537.42
3805,2944,353,2,3932.81
3806,4980,255,3,2329.68
3807,5989,278,1,1073.47
3808,4960,773,5,82.87
3809,4017,172,1,3106.13
3810,2022,180,5,3966.86
3811,5453,529,1,1945.83
3812,4544,300,5,3768.89
3813,4372,461,2,230.36
3814,1576,428,1,972.32
3815,2408,524,2,2368.87
3816,5443,784,1,1364.0
3817,628,419,3,598.13
3818,334,342,5,1074.25
3819,2406,138,4,559.35
3820,262,393,3,3329.16
3821,3350,655,5,2401.45
3822,1773,402,2,2537.37
3823,518,401,3,401.06
3824,875,61,3,3091.36
3825,310,456,4,498.9
3826,1991,237,1,1972.67
3827,598,678,5,2459.93
3828,3336,786,3,380.82
3829,4206,513,1,323.35
3830,370,509,5,3106.85
3831,2871,237,5,3360.51
3832,1366,682,1,2789.09
3833,2895,653,5,3862.48
3834,3311,3,1,497.86
3835,5125,50,4,2272.48
3836,3396,185,4,4050.53
3837,1234,58,5,2947.18
3838,89,151,4,1840.21
3839,4563,117,3,1685.19
3840,3142,299,4,3734.29
3841,4477,374,5,1950.7
3842,2237,635,5,3597.38
3843,5724,41,4,3723.36
3844,4241,620,5,967.09
3845,297,385,3,1976.05
3846,2914,605,5,4135.04
3847,1635,635,4,290.77
3848,661,645,4,3029.31
3849,4613,135,4,1282.61
3850,1425,288,3,2506.57
3851,2684,103,3,1676.77
3852,136,419,5,584.84
3853,2026,22,2,1950.16
3854,5445,458,3,3101.87
3855,5711,586,4,1408.98
3856,2452,454,1,884.96
3857,2202,343,4,898.98
3858,1066,714,1,1909.79
3859,2118,227,3,3763.6
3860,380,742,5,2880.45
3861,207,638,1,1011.35
3862,4457,268,4,1888.54
3863,3522,384,5,1404.73
3864,718,377,1,104.82
3865,1220,487,5,3631.2
3866,4709,610,5,3706.16
3867,386,460,2,872.39
3868,4216,132,1,813.94
3869,1584,511,4,2545.23
3870,2329,543,1,2810.36
3871,2110,621,3,1789.65
3872,3509,201,2,649.69
3873,4586,407,2,4170.4
3874,5351,40,4,1130.49
3875,1234,560,4,3971.49
3876,5123,387,1,896.71
3877,4428,547,5,3226.22
3878,4014,213,2,859.02
3879,2033,55,4,2510.49
3880,2834,297,4,2683.45
3881,3866,434,4,2372.35
3882,5546,254,3,1383.91
3883,5278,577,1,4179.46
3884,1451,140,2,2378.72
3885,4373,176,4,1777.6
3886,297,524,5,2809.33
3887,454,324,5,1949.24
3888,611,524,5,1567.87
3889,2318,793,4,1985.56
3890,330,740,2,2133.03
3891,5384,440,2,3082.58
3892,3826,121,3,2641.28
3893,19,493,1,2596.76
3894,3516,742,3,2211.98
3895,2757,68,1,1521.53
3896,623,583,4,2501.48
3897,3634,276,5,1243.65
3898,2231,567,3,3557.05
3899,4978,306,2,2401.69
3900,322,54,4,3194.72
3901,1331,653,3,3858.27
3902,5738,187,1,252.92
3903,2564,731,4,140.69
3904,5243,178,3,177.86
3905,1812,53,1,3899.66
3906,4766,759,4,3940.06
3907,1063,54,2,3115.92
3908,5424,673,1,1098.58
3909,5178,275,4,2465.6
3910,1425,766,5,1267.44
3911,3574,189,2,2972.38
3912,3453,327,2,1296.64
3913,2565,706,3,3048.46
3914,5393,223,3,1157.9
3915,4630,58,3,1357.51
3916,3506,749,2,3204.6
3917,1816,459,3,143.21
3918,4632,378,5,168.4
3919,762,354,3,3381.24
3920,5489,45,5,1748.5
3921,19,765,4,4071.8
3922,9,572,2,1727.26
3923,3677,517,5,916.55
3924,2601,194,1,37.85
3925,721,606,1,1475.76
3926,821,89,3,1923.96
3927,3002,243,5,4059.99
3928,899,708,4,360.62
3929,5003,101,5,754.35
3930,1011,627,1,1928.93
3931,1033,772,3,3422.66
3932,3405,181,3,3458.59
3933,2442,46,5,1103.24
3934,1215,318,3,2482.82
3935,848,580,4,2620.17
3936,1861,427,2,2378.28
3937,488,254,3,1919.04
3938,227,533,3,801.82
3939,4844,532,2,350.1
3940,3059,82,5,1494.31
3941,4517,99,5,3182.02
3942,5698,293,3,2801.11
3943,2192,140,2,3991.87
3944,4790,395,2,3651.79
3945,2401,75,1,3700.23
3946,286,147,5,3233.26
3947,2340,473,5,2669.33
3948,1752,360,3,4019.0
3949,1223,623,5,2302.98
3950,3555,293,2,2484.23
3951,1496,412,5,3230.14
3952,635,428,1,622.31
3953,2985,652,2,2871.48
3954,574,711,2,773.39
3955,1838,358,2,1230.06
3956,2712,59,5,2545.57
3957,1046,556,2,294.95
3958,1296,259,1,3277.77
3959,1275,440,5,442.12
3960,1117,139,2,2650.07
3961,1375,542,2,713.01
3962,5480,544,5,1936.74
3963,1342,715,3,505.28
3964,3147,350,4,840.16
3965,2199,407,5,3538.26
3966,4956,416,5,3009.91
3967,1176,484,1,2059.43
3968,5254,357,1,1064.08
3969,4992,22,5,742.85
3970,3492,558,5,1904.15
3971,5985,415,5,625.79
3972,4154,508,4,1825.8
3973,5502,259,4,432.89
3974,4065,68,5,250.33
3975,124,493,1,3230.55
3976,2302,788,1,662.29
3977,2948,139,3,545.7
3978,3307,2,2,853.32
3979,5815,762,1,2703.93
3980,642,481,4,353.73
3981,4855,357,4,3150.92
3982,5821,553,1,3919.02
3983,2962,747,5,3204.41
3984,3054,369,2,412.93
3985,678,62,2,2256.04
3986,2928,360,3,2280.91
3987,4586,800,2,3223.98
3988,896,132,2,1191.62
3989,1480,576,2,818.1
3990,5208,517,1,2854.9
3991,1082,755,4,2802.46
3992,5192,15,2,2012.53
3993,637,587,3,2801.84
3994,2227,545,3,1116.24
3995,17,137,4,3906.13
3996,1475,361,4,649.69
3997,2768,385,4,3237.49
3998,3576,526,2,3544.82
3999,3060,319,2,3468.87
4000,2399,17,3,3101.69
4001,1699,115,2,856.1
4002,5491,297,5,2215.27
4003,1034,22,4,822.97
4004,2144,654,4,2007.73
4005,1401,537,2,446.89
4006,956,767,2,3226.0
4007,679,615,2,2461.72
4008,4146,602,5,2996.97
4009,2486,771,3,1217.94
4010,5719,10,2,2934.04
4011,2621,100,2,1357.32
4012,2953,392,5,1923.35
4013,4595,697,4,4128.97
4014,1938,159,3,1597.71
4015,3076,19,5,3418.51
4016,1486,559,3,1661.47
4017,3464,446,1,345.18
4018,4356,586,1,1400.43
4019,152,597,1,2734.12
4020,5155,403,5,2527.48
4021,302,774,2,3980.67
4022,1978,550,5,2298.01
4023,5782,476,5,3700.43
4024,2039,687,2,3081.53
4025,1394,282,4,2093.06
4026,2625,299,3,3804.93
4027,202,286,4,1436.76
4028,274,133,3,865.45
4029,5038,544,5,2973.16
4030,731,410,1,1920.35
4031,1682,62,3,116.33
4032,391,103,1,2830.28
4033,4687,430,4,1295.53
4034,4207,324,4,2354.52
4035,3891,455,2,2503.31
4036,2743,257,2,1748.16
4037,3518,602,5,3878.97
4038,308,728,1,3982.59
4039,3728,239,5,2534.59
4040,5851,263,5,2115.2
4041,4651,44,5,3398.38
4042,1698,582,2,116.41
4043,2841,91,5,2547.84
4044,5129,243,2,2557.97
4045,4059,143,4,4034.81
4046,850,464,3,1319.77
4047,4794,692,1,1385.36
4048,2115,461,2,2058.08
4049,1969,700,5,3631.38
4050,981,321,5,2602.71
4051,5303,402,1,2336.17
4052,5077,353,2,3566.35
4053,2226,229,4,398.53
4054,4731,90,2,1618.67
4055,3866,172,1,2631.12
4056,4549,236,1,3672.44
4057,5143,621,3,2993.03
4058,656,613,4,1802.75
4059,4478,500,3,341.03
4060,4787,678,1,734.59
4061,4561,590,4,3072.91
4062,5216,194,3,258.5
4063,628,225,2,748.91
4064,5015,606,5,648.53
4065,5639,180,5,826.39
4066,1769,182,4,1446.63
4067,1950,198,1,1786.09
4068,2722,158,4,2536.73
4069,3267,470,2,3545.49
4070,431,400,1,324.19
4071,3659,331,1,4129.62
4072,5454,777,4,3572.52
4073,393,243,3,847.41
4074,2363,492,2,3428.64
4075,2206,771,3,32.77
4076,3635,511,2,3380.9
4077,2315,500,1,3789.67
4078,2550,602,1,3762.98
4079,1912,395,2,1349.22
4080,5851,584,1,3168.07
4081,248,787,1,1246.15
4082,4047,275,2,1492.9
4083,4171,782,4,2285.65
4084,3550,141,3,484.07
4085,728,559,2,501.61
4086,890,574,4,2144.32
4087,2258,548,5,162.05
4088,1617,681,5,1084.31
4089,4598,105,4,2451.62
4090,4250,323,5,3399.88
4091,5742,259,2,1841.75
4092,572,141,4,2942.27
4093,1124,35,2,1870.18
4094,3079,115,4,3698.03
4095,4276,310,1,1496.65
4096,4425,798,3,846.87
4097,1979,438,1,106.93
4098,637,290,5,83.05
4099,1834,528,1,338.65
4100,3843,414,3,241.58
4101,4961,263,2,3955.9
4102,1669,20,4,2090.34
4103,1337,247,5,3980.78
4104,5673,637,5,2302.26
4105,3036,674,3,2808.1
4106,1285,743,3,2585.71
4107,5105,15,5,1628.99
4108,2738,278,2,2320.54
4109,468,778,4,605.93
4110,4588,117,1,1049.04
4111,935,237,3,3439.47
4112,2102,548,3,761.42
4113,5331,733,1,1434.22
4114,5252,404,2,2332.41
4115,1919,107,5,1165.22
4116,366,557,4,517.87
4117,4048,144,5,3926.45
4118,4250,524,1,2824.1
4119,3616,207,2,2198.07
4120,187,153,4,1536.81
4121,4102,682,1,737.01
4122,848,666,2,3627.71
4123,3775,435,3,3663.57
4124,3693,667,5,996.68
4125,1083,13,4,862.14
4126,1641,761,2,2809.84
4127,5867,185,5,2638.01
4128,1565,94,3,4014.69
4129,4651,104,2,2888.48
4130,2843,449,1,2062.64
4131,5185,177,4,1139.08
4132,1739,330,1,1609.6
4133,1232,668,5,1833.0
4134,3275,308,2,1727.62
4135,3314,42,1,1277.34
4136,1844,111,2,3750.39
4137,636,109,2,3482.27
4138,4258,101,5,772.52
4139,5459,114,1,964.57
4140,4694,266,1,2483.28
4141,1408,190,3,1281.0
4142,2640,250,1,3930.33
4143,5834,144,3,2664.78
4144,3606,117,4,4107.23
4145,1010,530,2,3384.36
4146,3482,678,4,2355.19
4147,5246,315,5,3638.05
4148,4357,515,2,925.97
4149,4445,468,1,2833.41
4150,2730,68,4,2322.35
4151,3037,745,5,3345.52
4152,3003,2,5,2488.46
4153,4695,107,3,668.44
4154,193,654,2,781.66
4155,4408,104,1,363.33
4156,4413,445,3,145.49
4157,2475,300,4,2657.12
4158,4097,628,3,674.58
4159,5809,794,1,3548.66
4160,5577,771,2,2991.26
4161,3996,718,1,2597.5
4162,2326,280,4,67.9
4163,3179,799,5,751.08
4164,3305,514,2,4067.09
4165,5749,108,4,3652.53
4166,5470,155,3,3470.75
4167,5497,141,5,3499.66
4168,4053,164,5,343.26
4169,4378,26,4,685.72
4170,2905,425,4,1848.81
4171,605,53,4,170.42
4172,255,612,5,873.17
4173,5533,674,2,1687.57
4174,3583,172,3,2945.82
4175,5953,530,2,744.75
4176,1628,3,2,3447.58
4177,3019,131,5,2558.15
4178,2046,6,4,2896.78
4179,2737,450,2,2592.94
4180,2331,700,2,2453.73
4181,2387,224,4,1532.03
4182,5347,217,4,4031.82
4183,5996,535,4,4083.53
4184,926,533,5,2244.31
4185,266,99,4,2675.07
4186,1895,207,3,2068.87
4187,4373,655,3,1241.85
4188,5075,470,5,2622.89
4189,5739,753,3,2802.76
4190,1286,157,5,2085.04
4191,5079,299,5,2082.34
4192,2706,613,2,3256.04
4193,4300,632,3,1940.06
4194,4040,624,1,315.5
4195,5144,65,1,860.76
4196,4347,29,1,1991.14
4197,4244,493,1,2917.53
4198,4056,571,5,1111.51
4199,3511,136,4,360.32
4200,3900,311,4,1422.08
4201,2729,54,3,300.96
4202,2423,80,1,2875.36
4203,5459,195,1,2266.77
4204,3212,736,3,159.33
4205,1236,169,3,1858.53
4206,4812,65,2,1729.97
4207,3970,302,3,3465.18
4208,614,541,5,3428.88
4209,3430,287,5,2992.25
4210,229,351,4,3265.36
4211,2221,547,4,49.29
4212,3853,461,5,3354.69
4213,1978,662,2,4071.67
4214,1256,495,2,2673.83
4215,1759,279,2,4072.18
4216,5780,248,3,3094.3
4217,3723,379,1,3780.94
4218,916,521,1,2339.63
4219,5291,721,2,1931.5
4220,2262,298,2,637.74
4221,5630,645,1,3499.49
4222,3454,10,4,3444.8
4223,4967,555,1,2787.39
4224,146,618,2,2522.25
4225,554,525,2,39.25
4226,1748,388,5,3759.32
4227,2178,26,5,4181.88
4228,51,137,4,1084.69
4229,1985,530,4,3413.52
4230,4819,89,2,4197.0
4231,5837,686,3,2272.61
4232,1943,195,4,2512.02
4233,5156,475,2,98.7
4234,16,162,1,346.7
4235,1985,772,3,306.79
4236,5333,618,2,4101.44
4237,17,245,1,717.19
4238,4901,355,2,3598.61
4239,4481,511,2,4186.25
4240,3172,397,3,1388.37
4241,1039,703,3,2102.73
4242,3592,531,1,1507.63
4243,2309,582,1,1705.14
4244,4868,675,4,577.78
4245,4766,667,4,2218.57
4246,4027,453,5,3200.66
4247,5181,705,2,1852.23
4248,475,588,5,4016.92
4249,5988,393,4,1354.22
4250,4531,104,5,3189.59
4251,3608,68,1,3149.79
4252,1079,156,2,1937.78
4253,4913,423,3,3629.66
4254,3831,641,4,3045.11
4255,1231,357,1,3215.89
4256,928,746,1,1680.23
4257,849,536,1,515.31
4258,1339,588,2,3084.09
4259,2157,35,4,1811.99
4260,1904,40,3,611.29
4261,1614,685,2,2145.14
4262,4459,361,5,1409.79
4263,3567,529,4,3430.63
4264,1262,573,5,2917.62
4265,1714,261,1,3544.42
4266,3467,200,1,1791.26
4267,1309,465,5,1457.44
4268,3555,745,1,3590.2
4269,3952,283,4,851.89
4270,5594,310,4,2652.31
4271,3455,522,4,2819.78
4272,4537,512,2,1320.59
4273,912,11,4,3978.99
4274,719,720,4,480.87
4275,2741,235,4,4196.82
4276,1335,37,2,3953.75
4277,3822,299,1,128.61
4278,3126,543,4,2342.02
4279,5280,791,5,3783.19
4280,4974,121,2,2851.71
4281,5369,265,5,3584.68
4282,2605,272,5,2381.78
4283,2472,798,3,1060.75
4284,2683,355,3,3206.09
4285,5288,432,5,3545.42
4286,2171,104,3,571.03
4287,1245,257,2,1375.42
4288,1884,606,3,3135.48
4289,2492,102,1,3970.95
4290,481,327,1,817.83
4291,3807,31,2,351.27
4292,682,546,3,119.27
4293,4315,528,5,63.1
4294,1916,499,1,1233.74
4295,2869,572,4,700.77
4296,3188,751,4,311.83
4297,2672,65,1,3007.79
4298,1981,202,4,3462.19
4299,2299,729,4,3304.63
4300,3835,782,5,3107.72
4301,3957,161,3,1251.92
4302,776,396,1,2880.0
4303,5438,773,5,2522.8
4304,4759,85,4,2418.33
4305,3133,405,3,2082.26
4306,4355,225,2,1255.33
4307,1638,36,5,1848.05
4308,1815,339,3,233.75
4309,5664,774,5,916.9
4310,3295,157,1,1851.0
4311,3905,794,4,1904.93
4312,2790,590,3,3512.06
4313,1476,241,1,3616.92
4314,2989,130,5,3013.9
4315,730,159,4,715.44
4316,4319,373,1,1424.43
4317,2073,355,2,2133.31
4318,1955,561,4,3406.14
4319,3187,716,3,1027.12
4320,5511,259,1,2664.03
4321,3859,37,1,766.17
4322,1429,406,3,1168.93
4323,4807,315,3,2378.96
4324,892,180,2,472.06
4325,1158,248,4,3762.78
4326,4823,479,5,676.92
4327,4319,342,4,2717.99
4328,3302,361,5,4138.77
4329,1363,465,4,770.13
4330,5597,712,2,1382.51
4331,3218,665,2,4133.27
4332,4728,424,3,597.29
4333,3637,609,1,3285.64
4334,1517,796,4,2461.48
4335,4803,209,5,891.2
4336,1188,201,1,2008.89
4337,1256,708,3,1670.2
4338,2615,365,3,3710.29
4339,4988,320,5,2971.24
4340,1745,717,3,757.62
4341,5624,351,4,447.14
4342,3968,555,1,930.16
4343,440,585,1,316.26
4344,1860,747,1,2109.11
4345,368,283,2,3600.15
4346,4875,569,5,4031.47
4347,5113,645,3,1259.0
4348,4515,692,5,569.75
4349,21,521,2,3442.14
4350,849,94,5,2373.62
4351,3252,276,1,2761.62
4352,5444,484,2,517.32
4353,4599,43,3,4050.83
4354,4850,677,4,3662.53
4355,2167,385,4,1851.17
4356,2202,661,1,3057.13
4357,621,119,3,1635.36
4358,4329,796,5,2064.13
4359,1139,299,2,2025.28
4360,2698,742,1,1403.86
4361,3931,417,1,3125.84
4362,207,301,5,380.2
4363,3274,524,1,2824.09
4364,4411,786,4,2401.5
4365,4467,311,2,2125.32
4366,4063,125,5,3691.77
4367,5596,373,4,394.22
4368,72,69,5,1892.76
4369,2758,320,1,4193.1
4370,1482,56,2,2266.05
4371,2159,422,5,1465.45
4372,325,683,5,3196.92
4373,2888,426,1,2034.04
4374,3483,38,5,2158.48
4375,3149,145,3,2668.45
4376,3240,194,3,1923.86
4377,112,83,1,1740.95
4378,2031,605,5,3225.42
4379,1376,25,1,1931.2
4380,3051,348,3,3885.89
4381,5478,160,2,1004.53
4382,3539,316,5,3494.47
4383,1699,757,5,724.78
4384,5142,114,4,1599.59
4385,284,39,2,2601.92
4386,1216,360,2,2100.9
4387,5441,687,2,3585.05
4388,4131,743,5,2344.29
4389,4614,304,4,3520.76
4390,3579,3,3,154.18
4391,3582,572,5,729.83
4392,2996,592,4,3859.48
4393,1574,682,1,1197.21
4394,4452,583,4,1959.42
4395,3645,184,1,4060.73
4396,2111,83,3,2594.21
4397,4321,428,5,1741.41
4398,2998,174,2,1893.01
4399,2019,488,3,1046.81
4400,5106,591,1,268.65
4401,896,67,1,103.12
4402,1394,627,5,41.9
4403,2607,342,2,1027.34
4404,5949,35,1,3618.09
4405,4562,337,5,1642.18
4406,4921,643,5,1266.7
4407,1606,472,2,2911.31
4408,1386,168,2,1397.36
4409,1678,312,5,3850.57
4410,5136,513,4,3883.5
4411,413,627,2,2760.31
4412,4990,168,2,245.56
4413,2857,111,1,3531.7
4414,784,166,5,2118.02
4415,5017,744,3,127.6
4416,4851,588,1,1013.9
4417,3195,187,1,587.16
4418,5776,49,5,1217.56
4419,4357,233,2,1083.83
4420,5174,193,2,3475.88
4421,83,798,3,2920.23
4422,965,363,5,3281.26
4423,2639,428,1,428.7
4424,4943,64,1,3019.87
4425,2045,141,3,1057.59
4426,106,187,1,58.96
4427,4804,313,4,1233.92
4428,1742,697,2,919.22
4429,2035,746,1,4081.28
4430,1756,658,2,3754.02
4431,5992,689,4,1988.62
4432,4099,730,1,1847.98
4433,1273,257,1,1548.47
4434,3059,172,5,2932.38
4435,5095,421,1,3129.92
4436,4156,235,3,1709.99
4437,2393,221,5,901.42
4438,222,799,5,1199.19
4439,3123,351,2,3253.47
4440,1224,473,1,3608.5
4441,1428,416,3,3782.43
4442,3018,283,1,1488.7
4443,2235,614,5,2480.08
4444,4053,667,2,583.81
4445,1380,162,3,2525.52
4446,1066,543,1,1296.38
4447,1982,591,1,1976.3
4448,4131,795,3,100.97
4449,5848,460,3,307.86
4450,649,487,5,320.1
4451,4722,179,1,1212.09
4452,469,164,2,3004.43
4453,141,709,2,3549.04
4454,1785,350,4,808.31
4455,2650,117,3,1585.04
4456,2707,216,4,2702.15
4457,5716,627,2,3766.34
4458,470,431,2,40.43
4459,4596,324,1,3906.92
4460,935,782,2,991.68
4461,4657,60,2,2687.68
4462,4234,455,5,3692.81
4463,1978,745,4,302.93
4464,639,657,1,3468.59
4465,4047,180,1,1378.45
4466,1467,340,2,2358.31
4467,5444,68,2,24.91
4468,1167,298,3,3267.41
4469,4909,348,1,1917.39
4470,3691,198,1,1329.28
4471,5339,546,4,1183.0
4472,5260,264,5,615.62
4473,1178,744,2,261.45
4474,2253,471,1,1583.54
4475,3762,139,1,1721.88
4476,5917,44,2,103.34
4477,2596,366,1,1657.27
4478,3801,733,3,24.06
4479,1665,330,1,3896.47
4480,1251,381,3,3551.08
4481,612,647,2,3613.22
4482,4782,191,1,3416.99
4483,1472,38,2,456.25
4484,3221,387,5,930.75
4485,1731,265,3,1797.33
4486,5214,740,5,2211.28
4487,3988,701,1,1751.75
4488,4783,680,4,2311.56
4489,3308,771,5,2893.17
4490,3037,313,1,1067.71
4491,5291,784,2,1943.66
4492,1594,615,3,2059.39
4493,4517,762,3,41.01
4494,4982,123,5,2976.73
4495,1073,683,1,1315.43
4496,5584,534,1,3997.36
4497,4600,798,1,3100.85
4498,3412,378,5,2887.44
4499,4530,761,5,1884.14
4500,1781,559,2,2558.06
4501,1024,800,4,3398.37
4502,4549,377,3,1200.3
4503,623,162,4,1170.79
4504,3070,638,5,902.56
4505,1101,469,3,243.44
4506,5093,480,4,3912.51
4507,675,425,3,586.06
4508,5915,762,1,2126.31
4509,5489,522,5,3832.22
4510,1696,502,5,109.49
4511,748,332,3,33.67
4512,617,94,2,2102.47
4513,3870,83,1,3112.07
4514,4093,230,1,750.53
4515,4165,53,2,3166.42
4516,5843,721,5,1370.5
4517,1929,422,1,108.48
4518,2468,459,4,2941.69
4519,2415,95,1,1051.92
4520,5467,329,3,181.44
4521,4675,15,5,3074.27
4522,3402,578,1,1931.63
4523,3647,576,2,2601.62
4524,1607,471,4,744.51
4525,1694,37,5,1304.89
4526,5501,303,3,2497.78
4527,845,782,1,2061.18
4528,3307,454,2,1347.54
4529,2194,421,4,2617.19
4530,5710,1,1,552.25
4531,5080,630,1,1802.99
4532,3599,633,4,2342.2
4533,1613,421,2,122.98
4534,1597,373,1,2917.5
4535,1825,118,3,1370.4
4536,5931,125,4,137.37
4537,5749,671,1,3257.15
4538,3096,786,4,2346.71
4539,5489,346,2,1753.52
4540,4448,350,5,764.69
4541,4388,794,4,1366.47
4542,3818,719,1,3336.18
4543,2188,525,1,358.68
4544,3959,276,4,630.9
4545,4844,91,4,3941.01
4546,3141,355,2,1394.31
4547,1063,290,2,1019.64
4548,289,529,4,3859.83
4549,3406,178,1,1275.23
4550,655,755,4,3575.06
4551,2534,145,4,1800.77
4552,5890,371,3,638.42
4553,5187,471,2,2949.07
4554,1126,735,2,2277.62
4555,5961,26,1,88.18
4556,156,634,2,2603.2
4557,1638,767,5,721.96
4558,1751,600,5,2751.27
4559,5233,635,2,936.6
4560,2109,288,1,3415.22
4561,3819,385,3,1381.6
4562,2972,331,2,3403.22
4563,2353,697,1,2322.53
4564,4420,633,3,2935.11
4565,743,217,2,3168.18
4566,4565,165,3,857.48
4567,1898,138,4,2601.89
4568,2919,420,4,727.69
4569,1382,275,4,718.47
4570,175,278,3,2567.12
4571,5223,642,1,3390.61
4572,4597,661,3,3722.68
4573,4708,8,3,2517.33
4574,586,308,1,3551.48
4575,1727,123,3,3149.53
4576,385,129,5,3512.6
4577,2925,210,5,3416.65
4578,5002,256,4,3290.06
4579,3788,576,5,2794.49
4580,3026,380,3,2502.7
4581,2265,666,3,1779.75
4582,2499,392,4,571.57
4583,3538,317,2,2753.73
4584,4479,507,4,1530.18
4585,2797,637,3,1358.68
4586,835,204,5,3804.76
4587,314,89,5,2144.09
4588,4621,99,4,2005.29
4589,5547,99,4,4199.08
4590,5205,100,1,2867.06
4591,2506,329,4,2294.02
4592,852,144,5,4036.49
4593,4137,489,4,3860.24
4594,4109,24,1,3568.17
4595,4696,259,1,3102.37
4596,5043,339,1,3189.01
4597,4840,166,3,2983.14
4598,1094,694,2,3773.79
4599,1084,772,2,2809.45
4600,1611,526,1,3551.3
4601,2897,48,2,3452.16
4602,4483,298,4,2974.53
4603,3424,271,2,836.96
4604,4574,459,2,2833.67
4605,4170,328,5,2295.85
4606,4919,57,3,22.99
4607,4044,74,5,2632.43
4608,4745,364,2,501.35
4609,5189,703,5,2412.47
4610,508,394,3,2364.66
4611,5325,679,4,3318.3
4612,487,381,2,3095.18
4613,3364,171,1,1828.46
4614,1455,14,2,230.86
4615,1453,585,4,756.7
4616,5111,83,2,1323.58
4617,3411,313,3,3887.81
4618,3619,240,4,4192.96
4619,2541,288,1,1844.18
4620,3003,80,5,3261.79
4621,2662,682,1,271.87
4622,65,411,4,2470.64
4623,5704,518,1,119.22
4624,353,151,2,3844.79
4625,1554,209,5,3413.49
4626,1223,410,3,911.58
4627,3620,708,1,1274.35
4628,5186,601,5,1304.97
4629,3191,717,1,2346.58
4630,5481,449,5,1786.69
4631,4435,775,4,192.76
4632,1423,43,2,2976.73
4633,3689,686,1,737.45
4634,1905,556,2,982.36
4635,1776,690,4,657.53
4636,362,740,1,1939.81
4637,5160,184,1,2536.57
4638,1095,603,5,3060.03
4639,2623,569,4,541.77
4640,1055,57,5,3658.24
4641,1605,403,5,2458.01
4642,5227,720,5,2089.15
4643,1197,644,5,3601.68
4644,3448,386,2,2799.94
4645,4367,746,3,2725.67
4646,2255,75,1,1801.27
4647,4296,388,3,2228.02
4648,244,716,1,1291.33
4649,4164,521,3,1396.8
4650,2432,227,2,3115.78
4651,4467,742,5,2907.7
4652,4016,326,4,1768.98
4653,1304,647,1,3598.53
4654,1728,800,1,1363.67
4655,3033,480,3,1587.5
4656,3656,320,3,189.39
4657,1267,411,4,2855.81
4658,2841,388,5,245.37
4659,5458,419,5,2950.99
4660,562,728,3,940.79
4661,3216,740,4,4140.27
4662,5403,301,5,235.68
4663,416,193,4,3056.51
4664,798,96,3,2000.9
4665,4080,373,2,124.22
4666,3731,115,5,679.33
4667,3700,694,5,2365.18
4668,4343,625,2,4059.3
4669,3492,737,1,3246.48
4670,527,639,5,1867.2
4671,3776,760,5,608.67
4672,4657,543,2,3518.1
4673,4715,743,1,1032.59
4674,3895,652,5,4160.89
4675,5870,485,1,3461.37
4676,2434,214,3,2586.76
4677,5462,765,1,2445.23
4678,1292,718,2,2341.99
4679,759,775,3,3650.06
4680,313,372,3,1561.77
4681,1943,51,1,881.98
4682,562,548,3,1863.44
4683,5989,181,5,984.76
4684,2528,303,5,2892.91
4685,3583,163,5,4020.77
4686,452,616,2,1406.97
4687,4489,692,3,731.3
4688,801,219,1,2695.48
4689,947,320,4,1121.68
4690,4197,290,1,4019.0
4691,4794,267,2,3750.24
4692,5585,468,5,2050.88
4693,1691,247,2,2635.8
4694,269,510,2,2082.61
4695,2228,719,3,784.08
4696,4354,675,1,1565.83
4697,2003,519,2,2661.9
4698,1171,58,3,1224.0
4699,4334,99,4,344.58
4700,5661,544,2,3662.38
4701,348,771,4,3581.28
4702,4157,404,2,677.36
4703,1394,238,5,3484.99
4704,1669,776,5,2517.42
4705,2266,798,4,126.17
4706,3993,438,3,1738.41
4707,1255,641,1,2683.66
4708,687,27,3,613.18
4709,254,606,5,2529.3
4710,768,572,4,464.36
4711,815,179,3,3019.32
4712,270,567,1,1117.79
4713,3218,687,4,2844.4
4714,4150,204,5,978.58
4715,366,159,5,4039.06
4716,4481,280,5,1888.51
4717,2960,789,5,277.62
4718,3172,701,1,439.68
4719,1935,549,4,858.96
4720,900,185,5,351.85
4721,3769,316,4,3004.41
4722,1664,558,4,2684.48
4723,835,564,4,2259.81
4724,3753,760,3,3882.78
4725,5190,165,3,3843.81
4726,74,702,1,3731.44
4727,4001,313,2,1880.42
4728,991,653,3,621.99
4729,5898,347,4,3897.46
4730,5272,508,5,3612.67
4731,4451,87,3,1045.92
4732,1904,252,2,955.55
4733,384,339,5,4089.15
4734,1986,791,5,2511.11
4735,4364,770,2,2669.46
4736,690,675,4,4150.06
4737,191,785,4,4021.14
4738,1550,645,4,2237.8
4739,3924,38,4,3459.71
4740,3302,381,3,3357.59
4741,347,205,1,3592.98
4742,1923,132,2,195.3
4743,92,625,1,1948.81
4744,3754,66,3,997.46
4745,5974,35,2,2250.81
4746,5898,302,4,1609.24
4747,2,775,3,1002.28
4748,5285,374,5,1933.82
4749,2481,769,2,2485.63
4750,1312,334,4,2214.7
4751,4831,249,3,83.32
4752,184,625,1,951.73
4753,4973,203,3,990.13
4754,495,166,3,1315.33
4755,3557,492,1,1066.09
4756,3294,283,1,1301.63
4757,2723,480,1,2517.93
4758,2200,160,2,3352.55
4759,2956,63,3,135.73
4760,2664,771,4,2538.72
4761,943,695,4,1680.41
4762,954,786,1,84.72
4763,5482,706,2,1341.34
4764,4165,750,1,3005.43
4765,1857,201,2,1436.47
4766,3519,340,3,1134.44
4767,5711,535,1,2943.95
4768,2163,3,4,3225.96
4769,5197,471,2,1899.67
4770,1128,291,2,4110.8
4771,5200,449,4,111.3
4772,3725,236,4,571.63
4773,3502,713,3,159.47
4774,4532,350,1,2680.09
4775,2408,283,3,452.46
4776,1422,508,2,2198.38
4777,3350,243,4,2514.42
4778,4775,310,5,1397.18
4779,2516,673,4,3400.64
4780,80,152,5,18.55
4781,1708,118,2,151.36
4782,4336,162,4,1730.68
4783,3698,212,5,4190.3
4784,127,639,3,2474.18
4785,882,343,5,727.12
4786,394,708,5,3706.99
4787,4743,580,4,2821.69
4788,4915,128,5,1248.17
4789,5091,517,3,2192.62
4790,743,216,3,3884.16
4791,1108,593,1,1837.42
4792,6,507,4,1625.44
4793,4653,286,3,4020.6
4794,4400,399,5,1946.99
4795,5365,239,3,1826.32
4796,4512,183,5,2860.79
4797,5702,548,1,354.99
4798,2336,701,3,2838.78
4799,4216,19,1,968.56
4800,1245,184,3,2122.07
4801,4668,797,3,1208.05
4802,5143,298,5,3294.73
4803,2959,261,2,1723.96
4804,2994,19,2,685.64
4805,51,291,4,546.77
4806,5809,461,5,1540.15
4807,3910,265,4,327.14
4808,2597,157,4,2550.64
4809,4155,661,2,2990.36
4810,319,114,4,4145.87
4811,2939,422,2,1874.14
4812,1313,391,5,1818.86
4813,502,357,2,4167.39
4814,3356,589,2,1502.76
4815,561,80,5,1718.03
4816,5995,571,5,2183.2
4817,236,235,1,2045.46
4818,2570,486,4,4028.93
4819,3851,74,3,2493.42
4820,2534,366,1,1811.51
4821,5110,19,5,2912.3
4822,1542,139,3,3421.98
4823,692,611,3,4132.41
4824,828,480,2,2896.39
4825,5972,187,1,2544.66
4826,3537,95,5,2416.4
4827,4626,583,1,1207.79
4828,1824,58,1,1440.86
4829,2941,746,3,2426.77
4830,5297,735,4,2063.17
4831,5563,634,5,605.94
4832,5258,327,1,1127.08
4833,992,316,2,3400.88
4834,667,348,2,907.96
4835,2892,118,4,2129.92
4836,3402,577,3,1082.47
4837,3127,579,2,2698.04
4838,4932,144,5,971.24
4839,1191,324,3,2341.74
4840,5109,672,5,4025.02
4841,2402,332,5,522.58
4842,4530,508,3,2226.21
4843,390,471,3,1599.72
4844,1065,24,3,746.29
4845,5283,633,4,3132.43
4846,5517,380,3,1907.96
4847,4024,478,1,1818.17
4848,3952,233,2,3317.5
4849,4655,774,5,2743.08
4850,1992,205,1,2595.34
4851,5159,359,3,531.59
4852,704,694,2,3419.69
4853,2144,387,1,890.57
4854,5601,477,2,2657.03
4855,449,85,1,834.37
4856,2836,291,4,2769.64
4857,934,456,4,846.28
4858,917,370,3,4096.84
4859,1639,447,2,2649.56
4860,2732,417,5,1430.3
4861,2278,178,2,2053.73
4862,3620,517,1,2586.12
4863,1223,20,4,771.4
4864,1664,493,5,2283.51
4865,3175,510,1,4001.47
4866,137,781,5,2815.42
4867,601,160,2,971.23
4868,4628,589,1,1164.79
4869,4211,429,4,2397.04
4870,178,91,3,3873.58
4871,3057,781,1,3191.41
4872,3874,217,2,1963.88
4873,5267,555,3,1152.61
4874,126,686,5,2628.65
4875,2526,343,5,3991.58
4876,677,491,3,3282.79
4877,5993,380,5,316.36
4878,3225,656,1,335.99
4879,4134,54,3,3863.42
4880,5479,287,5,909.84
4881,3982,150,5,3100.88
4882,4368,133,2,785.38
4883,2861,699,5,171.6
4884,2106,672,3,2326.13
4885,1353,12,1,2182.85
4886,1318,763,2,4082.64
4887,1625,661,3,2973.66
4888,5638,300,3,3652.07
4889,2998,729,3,2061.7
4890,4238,559,2,2990.23
4891,1699,53,1,803.41
4892,4843,423,4,1344.84
4893,4166,382,2,973.73
4894,2096,465,1,783.9
4895,5451,798,2,2830.53
4896,2796,230,5,38.97
4897,4388,162,1,649.72
4898,46,39,4,1168.5
4899,1165,738,4,1417.74
4900,2549,420,4,1232.68
4901,1876,511,5,3684.08
4902,737,752,2,1015.97
4903,3946,751,4,2710.19
4904,590,582,4,1345.51
4905,263,773,1,1950.54
4906,4258,100,3,1164.54
4907,3737,343,3,2217.09
4908,1117,65,5,3792.15
4909,120,225,5,42.92
4910,1806,452,3,112.73
4911,5757,146,4,3087.51
4912,3280,241,5,758.11
4913,791,727,2,3096.29
4914,1909,236,5,408.16
4915,3551,387,3,3491.67
4916,731,595,1,4054.59
4917,2430,431,1,872.81
4918,4733,713,2,2626.64
4919,2889,31,5,840.16
4920,237,444,5,1570.08
4921,3785,117,1,4009.3
4922,1223,4,5,3132.95
4923,89,277,3,3586.96
4924,665,361,2,1269.21
4925,3904,504,4,1406.97
4926,368,523,4,1457.94
4927,4038,329,5,1033.95
4928,5144,683,1,2091.41
4929,3655,731,4,1837.58
4930,3341,168,1,1679.65
4931,4604,456,1,2207.17
4932,2278,476,2,3365.51
4933,2066,511,2,389.81
4934,4243,68,3,1324.42
4935,5416,629,1,2926.97
4936,4287,778,3,894.91
4937,1122,229,4,1832.83
4938,5573,455,5,290.92
4939,4810,374,4,4055.0
4940,5250,645,1,1848.26
4941,1725,753,5,3900.44
4942,1465,227,3,4141.99
4943,4766,770,4,2046.89
4944,4770,328,5,649.38
4945,1585,457,1,3602.09
4946,1009,623,4,323.5
4947,5388,624,4,3102.32
4948,3541,618,4,2228.42
4949,3358,762,5,1400.41
4950,5062,189,1,2919.23
4951,5410,25,1,1713.37
4952,2877,592,4,4109.48
4953,5749,127,3,3915.46
4954,1172,326,3,1422.68
4955,1883,762,3,4176.05
4956,5087,600,2,3139.93
4957,2153,212,3,735.96
4958,5620,296,5,3395.17
4959,2240,684,3,2034.61
4960,4475,338,3,3576.64
4961,2332,750,4,2808.4
4962,4053,273,3,1961.44
4963,5860,489,4,1753.74
4964,3274,552,2,2052.98
4965,5938,570,2,2603.86
4966,3785,486,2,2937.27
4967,1610,677,2,1507.83
4968,2451,364,1,3828.32
4969,2578,460,5,2507.92
4970,3070,197,1,16.07
4971,1274,45,2,2835.16
4972,4170,151,4,2394.47
4973,495,422,4,891.12
4974,3963,264,5,26.02
4975,2220,18,4,2083.05
4976,22,46,3,1808.72
4977,3121,786,1,3223.14
4978,2869,377,4,3986.84
4979,2451,281,4,2581.28
4980,2796,565,2,1562.39
4981,1768,475,4,3498.67
4982,5014,796,4,2039.85
4983,3299,767,3,588.08
4984,2183,647,1,841.27
4985,1807,755,4,1633.37
4986,3844,313,5,4016.62
4987,3176,462,1,2592.08
4988,2781,376,1,2309.86
4989,3057,219,3,1462.42
4990,3760,712,5,2135.35
4991,3485,616,4,2662.39
4992,2955,109,1,2744.07
4993,4657,181,5,187.35
4994,3729,61,2,3399.22
4995,1977,746,4,459.16
4996,5465,227,2,2112.68
4997,3974,177,3,318.38
4998,3,583,5,742.23
4999,1846,716,3,3112.29
5000,1277,133,2,3242.32
5001,4258,644,1,718.98
5002,2554,339,5,1111.94
5003,4751,692,1,3645.62
5004,491,277,2,4164.06
5005,2412,362,5,3868.37
5006,2360,122,3,3562.46
5007,2218,796,5,3801.29
5008,4799,53,2,2488.59
5009,1562,783,3,1135.67
5010,813,283,2,876.41
5011,2984,527,5,3661.59
5012,2899,573,5,2021.13
5013,2950,725,2,2618.28
5014,1175,325,5,914.6
5015,4949,673,1,1856.43
5016,3876,750,1,2311.46
5017,460,685,2,780.25
5018,520,134,4,3477.38
5019,1489,743,1,2818.69
5020,5064,532,2,3665.55
5021,1138,550,5,858.37
5022,2459,173,2,2115.67
5023,4585,99,3,1501.31
5024,2920,80,4,4146.42
5025,4989,553,5,1500.31
5026,3202,403,5,1958.43
5027,4841,416,5,2831.96
5028,1719,109,5,1803.76
5029,3221,13,1,4131.53
5030,5258,154,4,2587.47
5031,3845,129,2,1550.57
5032,1471,345,3,517.98
5033,4817,399,1,2300.24
5034,3574,345,4,2770.81
5035,4663,230,1,3135.97
5036,1938,687,1,1137.94
5037,4347,303,4,2377.52
5038,2091,601,3,3375.34
5039,2381,726,5,1432.23
5040,189,108,1,2468.38
5041,5263,425,5,3888.87
5042,544,347,4,1900.34
5043,4728,106,1,3335.79
5044,1699,661,5,660.78
5045,2458,47,3,381.02
5046,3181,346,1,1336.54
5047,1718,652,3,3980.42
5048,1483,172,3,1691.85
5049,4601,617,5,20.79
5050,3169,169,2,1672.22
5051,5683,618,3,4055.14
5052,3280,683,2,3906.89
5053,53,430,5,1002.23
5054,3487,508,1,2833.42
5055,1153,656,2,3327.69
5056,5048,303,4,3143.26
5057,1302,590,5,329.28
5058,1548,638,5,913.63
5059,465,77,3,3608.46
5060,4669,746,4,886.35
5061,431,134,5,563.1
5062,3079,556,4,3172.24
5063,3736,218,5,2182.1
5064,974,671,2,1596.51
5065,3386,170,4,1125.77
5066,3540,100,3,3000.91
5067,3757,575,4,2613.9
5068,4222,384,4,2334.42
5069,474,204,3,935.64
5070,876,28,5,1470.67
5071,1693,693,4,3638.84
5072,2410,655,4,2092.59
5073,1321,502,1,480.69
5074,1197,66,4,169.73
5075,5776,479,4,2742.83
5076,1036,25,4,136.25
5077,710,102,5,840.69
5078,3613,600,1,3041.95
5079,5595,267,4,3316.86
5080,546,619,3,1508.12
5081,2828,627,3,1506.86
5082,2908,771,4,2563.36
5083,2107,296,1,858.98
5084,2962,729,5,2225.41
5085,3708,268,2,1805.93
5086,863,256,1,2250.09
5087,2734,134,1,1237.07
5088,4489,470,5,1839.37
5089,5863,566,4,1005.33
5090,5859,236,2,1505.98
5091,3334,527,1,2126.58
5092,1757,206,4,2862.52
5093,3541,61,4,245.17
5094,4803,98,2,1482.9
5095,5685,380,1,3174.11
5096,3062,601,2,992.96
5097,3680,613,4,2235.46
5098,3386,61,3,3138.93
5099,996,177,2,2153.24
5100,3309,108,2,1411.6
5101,4555,702,3,2086.11
5102,5014,290,4,580.53
5103,5074,494,5,4181.91
5104,4687,120,3,285.38
5105,156,141,3,776.29
5106,5926,147,3,106.28
5107,3721,661,3,1883.69
5108,2598,559,5,2126.84
5109,3307,129,1,43.25
5110,3219,319,4,2124.33
5111,4405,129,3,4005.28
5112,4644,240,1,2965.02
5113,4538,462,5,636.05
5114,5708,243,2,3376.09
5115,2802,481,4,1504.02
5116,708,94,2,3930.18
5117,4135,139,5,3696.93
5118,933,374,5,3240.46
5119,94,586,4,1237.64
5120,4547,364,3,1171.13
5121,2464,244,4,3104.9
5122,699,694,3,2612.92
5123,5064,503,2,1326.27
5124,2518,536,1,1029.96
5125,908,299,4,1841.73
5126,1311,153,3,2882.87
5127,2778,48,3,1483.08
5128,4280,177,3,2456.66
5129,5923,643,4,3239.01
5130,2959,539,1,3272.05
5131,45,52,5,3662.66
5132,5166,728,5,798.73
5133,2356,324,5,3523.31
5134,4296,228,1,3502.36
5135,4298,762,3,1013.91
5136,1886,688,5,1121.9
5137,2899,800,3,1463.86
5138,4154,163,3,2909.77
5139,355,175,1,3437.86
5140,1046,248,5,259.88
5141,5526,662,1,3902.06
5142,4712,747,4,1570.55
5143,3561,509,3,475.05
5144,4373,231,4,600.2
5145,5723,507,3,622.28
5146,223,89,5,3329.39
5147,904,236,5,2889.52
5148,4733,606,5,2480.41
5149,2066,380,5,2524.06
5150,916,392,3,1388.48
5151,4288,707,3,1358.13
5152,5691,714,4,786.81
5153,2232,366,2,3153.36
5154,4824,491,5,3307.55
5155,1428,354,2,3314.9
5156,14,679,2,3980.6
5157,5042,774,2,495.31
5158,2442,279,2,72.79
5159,2960,466,5,725.39
5160,2378,411,4,3902.07
5161,73,236,4,248.38
5162,1229,117,5,2318.26
5163,5033,512,1,1276.88
5164,2306,536,4,1986.6
5165,1715,181,4,2344.18
5166,4436,461,5,2174.72
5167,1702,271,2,799.75
5168,9,576,2,675.29
5169,2874,370,5,3804.88
5170,1236,538,3,737.34
5171,4946,800,5,2118.52
5172,2560,711,3,2571.25
5173,1333,308,1,642.31
5174,1428,117,1,1775.85
5175,4168,120,5,1140.46
5176,5667,609,5,4116.86
5177,64,430,2,2918.2
5178,4967,612,1,1398.86
5179,4896,221,2,2416.04
5180,3827,758,4,1988.29
5181,3326,155,3,3108.44
5182,5374,153,4,2218.58
5183,5190,789,4,3932.85
5184,5463,652,1,2622.31
5185,4623,174,1,2317.95
5186,2635,72,1,694.11
5187,1384,484,2,3938.93
5188,5006,669,5,1598.52
5189,3284,63,1,207.69
5190,1142,696,5,3768.38
5191,1131,220,2,1393.89
5192,2229,549,3,2340.11
5193,1635,170,1,3859.25
5194,4412,726,3,79.98
5195,472,405,2,2269.74
5196,1442,539,1,4110.22
5197,3905,406,4,3048.42
5198,4342,477,2,3727.2
5199,2154,545,1,3143.98
5200,5125,274,4,3707.97
5201,1724,718,3,470.1
5202,2480,194,3,560.5
5203,976,695,4,2711.45
5204,2361,173,4,1631.0
5205,2080,426,5,802.84
5206,4113,394,4,2909.6
5207,235,329,1,199.02
5208,4010,231,5,3369.6
5209,1461,760,5,2220.38
5210,2065,557,2,1907.2
5211,2077,444,4,3666.49
5212,4472,14,3,3757.24
5213,3630,253,2,2076.33
5214,3172,253,1,1639.41
5215,642,231,4,3833.61
5216,4624,270,1,2904.49
5217,230,84,4,1858.88
5218,2035,368,3,2710.18
5219,147,214,5,3716.33
5220,713,680,3,3971.39
5221,4342,317,1,3552.39
5222,2010,39,5,61.66
5223,1139,438,4,851.28
5224,4049,321,3,3205.06
5225,5757,558,3,2384.07
5226,168,710,2,3084.23
5227,3996,130,3,494.74
5228,1619,711,4,712.44
5229,3920,526,2,3967.77
5230,1398,599,5,4174.94
5231,5457,646,5,540.02
5232,193,69,1,1896.74
5233,3432,453,2,3422.79
5234,3008,403,1,1476.76
5235,4901,453,2,338.76
5236,5825,87,5,334.0
5237,2040,514,2,3646.75
5238,3545,451,3,1530.25
5239,3016,615,5,3715.41
5240,235,3,2,1031.13
5241,1010,176,4,108.72
5242,304,316,1,1575.4
5243,1300,218,4,2831.48
5244,70,441,5,496.23
5245,2852,647,5,3347.41
5246,1166,389,3,512.96
5247,1511,751,2,3615.09
5248,5119,278,1,16.77
5249,1208,450,3,953.78
5250,5659,580,2,3412.08
5251,2133,798,2,3031.69
5252,4009,74,3,451.38
5253,3439,499,5,3257.8
5254,1023,172,5,1141.37
5255,2645,398,1,1691.62
5256,2665,338,3,2711.36
5257,5276,89,4,1413.14
5258,1824,352,1,1106.92
5259,3000,775,3,3384.83
5260,1706,326,4,1679.0
5261,2291,292,4,3516.49
5262,1078,455,5,3273.05
5263,2575,425,4,1896.73
5264,3479,9,1,965.13
5265,4615,31,1,1368.35
5266,4084,198,3,2107.33
5267,5915,446,4,1014.37
5268,5517,470,1,2387.22
5269,3552,131,5,162.14
5270,2781,388,4,3168.67
5271,1916,597,1,2783.49
5272,3348,39,1,3369.42
5273,5583,7,3,4048.79
5274,2432,416,2,799.67
5275,5643,347,1,3875.2
5276,4151,292,1,3992.44
5277,531,306,5,570.93
5278,4494,552,1,1913.04
5279,5766,413,3,4067.46
5280,5999,750,5,1511.79
5281,3140,768,4,3312.88
5282,4370,209,3,1726.3
5283,4573,772,2,2687.27
5284,1532,579,3,634.18
5285,5981,541,5,722.25
5286,5244,240,4,1940.93
5287,1282,800,3,54.79
5288,1077,517,4,1007.27
5289,4798,542,3,1387.31
5290,4882,240,5,548.85
5291,5672,773,2,573.91
5292,2130,152,5,2417.8
5293,3712,657,5,3535.53
5294,5959,257,3,1659.15
5295,4518,26,5,496.81
5296,1930,425,2,736.05
5297,1069,745,4,3742.24
5298,4827,41,4,1714.74
5299,181,542,5,910.39
5300,488,326,2,1752.66
5301,409,161,1,3007.12
5302,4053,732,5,4197.23
5303,1931,679,1,3509.53
5304,5345,355,3,2956.92
5305,2218,354,5,1544.11
5306,2408,88,3,1715.86
5307,1173,439,4,770.29
5308,3543,166,2,1115.55
5309,4835,181,3,2321.18
5310,929,282,4,909.67
5311,4447,485,2,2525.79
5312,608,738,4,746.88
5313,5077,102,3,3286.16
5314,530,196,2,732.76
5315,1410,515,5,2292.29
5316,4166,676,5,456.01
5317,81,230,4,3685.28
5318,4724,629,2,1760.83
5319,4146,91,3,204.86
5320,5531,593,2,2065.85
5321,5513,223,1,2031.48
5322,5893,175,1,905.49
5323,1054,735,3,2713.18
5324,2869,726,1,156.33
5325,1200,128,5,3493.5
5326,3163,703,3,2749.49
5327,4186,88,2,1356.48
5328,2020,753,3,3429.91
5329,1342,448,5,2465.34
5330,5204,153,2,2273.66
5331,2423,98,2,375.36
5332,3672,256,2,3549.12
5333,784,33,5,907.58
5334,1150,340,4,2971.73
5335,58,310,2,2139.48
5336,2403,253,1,2647.22
5337,4044,715,3,3718.19
5338,285,303,5,2151.09
5339,1004,571,2,3421.43
5340,1321,245,2,474.66
5341,1103,399,5,2347.75
5342,1305,20,5,2675.09
5343,1466,506,3,3146.47
5344,5108,467,3,2922.22
5345,1245,69,3,79.89
5346,5866,730,2,409.37
5347,1901,264,5,1642.7
5348,875,738,3,840.35
5349,2706,371,4,3013.67
5350,2079,35,1,3554.77
5351,5591,687,5,3161.12
5352,4762,198,1,3454.24
5353,1786,533,2,1161.51
5354,5617,578,5,3087.24
5355,3091,109,1,2417.12
5356,1484,227,5,2749.73
5357,4246,295,5,1506.6
5358,3999,499,3,1327.54
5359,256,2,4,2320.67
5360,114,550,3,2544.14
5361,4305,291,4,2820.58
5362,2723,50,5,939.91
5363,2681,152,2,3448.64
5364,125,621,2,3624.25
5365,2209,318,3,3851.61
5366,4851,22,2,608.59
5367,3322,508,1,389.99
5368,5781,495,1,3216.53
5369,1460,451,3,4160.61
5370,4857,739,4,2877.89
5371,390,547,2,2696.49
5372,3492,432,3,2240.74
5373,4909,493,2,655.18
5374,4601,770,3,47.97
5375,966,184,1,3084.75
5376,235,168,4,2980.98
5377,4083,88,3,1331.68
5378,1101,43,4,3449.58
5379,23,354,2,2617.06
5380,5091,474,3,418.73
5381,5795,694,5,325.09
5382,5068,670,4,2748.32
5383,4346,400,3,3591.02
5384,128,19,1,2357.91
5385,1920,574,3,1147.57
5386,1045,708,4,2397.47
5387,528,548,3,3566.6
5388,4387,183,1,4178.47
5389,5340,68,5,2858.0
5390,529,29,2,3477.52
5391,443,38,4,1432.72
5392,2559,200,1,2563.4
5393,2349,539,2,3496.37
5394,3277,206,1,3537.71
5395,1728,497,5,2168.89
5396,516,715,1,3477.7
5397,5055,425,5,2543.57
5398,4274,33,3,85.94
5399,4591,260,2,4124.26
5400,2079,393,5,2880.15
5401,1344,776,1,2453.85
5402,2373,475,3,2306.87
5403,1705,476,4,1635.81
5404,595,584,5,170.29
5405,2129,556,2,2823.69
5406,3550,84,4,467.02
5407,154,490,4,1132.31
5408,4950,551,3,2555.02
5409,2829,562,4,3875.0
5410,4713,55,4,1325.74
5411,3436,10,1,4140.11
5412,3323,251,3,3209.65
5413,3310,315,1,2429.1
5414,5061,387,1,2422.72
5415,3813,543,2,1804.38
5416,4754,334,2,3115.67
5417,4655,736,5,1151.2
5418,1672,505,3,3762.25
5419,5213,285,5,1588.45
5420,3645,612,1,442.52
5421,3688,497,1,2146.95
5422,3042,345,2,299.71
5423,5191,14,4,2128.11
5424,2606,559,2,3834.62
5425,733,798,4,3917.71
5426,2808,101,3,2093.16
5427,2435,628,4,3472.03
5428,2918,508,5,3267.68
5429,986,397,2,1617.23
5430,5248,589,1,471.44
5431,2515,592,4,373.22
5432,2111,781,4,4140.47
5433,1120,573,5,1594.81
5434,1675,18,3,440.52
5435,1203,424,3,3603.38
5436,1686,572,1,3416.42
5437,4570,219,1,313.32
5438,5575,306,1,2599.54
5439,696,438,3,3848.68
5440,5536,535,2,1797.19
5441,4141,744,1,779.54
5442,5004,719,1,3382.62
5443,2954,726,4,2184.68
5444,3091,653,1,3438.07
5445,4894,270,5,2902.8
5446,5624,272,3,26.7
5447,625,219,4,4173.39
5448,1576,216,3,2572.01
5449,1381,209,3,1661.98
5450,4593,500,3,1882.35
5451,5901,141,4,4174.55
5452,5001,284,5,75.96
5453,241,477,2,2418.51
5454,2061,365,2,624.53
5455,5043,180,1,1473.28
5456,601,734,5,2585.88
5457,4713,791,4,2405.41
5458,22,590,4,2198.99
5459,2773,507,4,1692.59
5460,1467,423,2,3254.99
5461,5648,561,4,1396.41
5462,5277,771,2,2120.85
5463,5951,495,5,1709.93
5464,3124,38,3,2163.95
5465,3625,98,3,3239.95
5466,668,268,5,2974.7
5467,707,226,5,3607.18
5468,2044,146,2,2255.92
5469,1274,176,2,134.6
5470,5012,193,1,1716.01
5471,530,628,5,4024.28
5472,3040,151,4,1363.81
5473,4286,340,4,1495.83
5474,2410,59,4,1438.37
5475,5244,407,4,1014.06
5476,2557,340,4,554.27
5477,4356,317,5,423.62
5478,4325,137,5,2688.56
5479,3943,225,2,667.42
5480,3662,293,2,1833.87
5481,3106,428,2,3310.59
5482,1141,462,1,2809.28
5483,4166,298,4,3914.02
5484,5298,249,1,416.49
5485,2927,23,4,3045.79
5486,1248,65,3,1524.06
5487,1191,38,4,3211.8
5488,5784,606,1,369.83
5489,1204,337,1,2746.4
5490,5263,278,5,3661.63
5491,3471,615,1,1527.57
5492,5152,23,2,647.25
5493,2776,312,3,739.8
5494,5480,228,4,2947.66
5495,1629,223,3,1722.5
5496,965,467,3,1557.88
5497,3325,343,2,2554.13
5498,1284,82,1,2916.45
5499,587,660,4,3938.6
5500,1531,582,5,3709.29
5501,1381,453,5,3297.11
5502,3394,316,1,3881.29
5503,1765,46,5,1386.16
5504,2451,314,3,3731.25
5505,2343,719,3,631.85
5506,491,664,1,4092.92
5507,1632,27,4,3279.87
5508,3893,730,5,3190.31
5509,5546,668,2,2090.77
5510,1197,73,4,3330.6
5511,4755,574,4,2784.52
5512,938,454,5,984.01
5513,3124,723,5,3842.33
5514,568,105,2,905.39
5515,3715,256,3,3604.57
5516,3435,565,1,2045.08
5517,3269,289,2,407.28
5518,4942,681,4,3964.69
5519,1727,202,1,110.82
5520,3993,97,2,1324.04
5521,4477,420,1,928.48
5522,5330,408,3,1534.1
5523,2245,608,4,3167.38
5524,2165,620,1,3725.06
5525,1110,626,4,271.73
5526,1031,202,1,3585.99
5527,3582,45,4,208.5
5528,4629,51,3,1097.12
5529,4182,22,5,1441.83
5530,2004,350,3,1112.33
5531,1379,50,2,2575.94
5532,763,261,2,3066.42
5533,4506,465,5,999.76
5534,1284,438,5,2048.01
5535,2177,693,3,2169.95
5536,5502,577,4,3665.85
5537,2515,155,2,3692.78
5538,855,522,1,4192.02
5539,3765,581,3,2344.14
5540,2847,299,1,314.68
5541,2298,309,1,3625.97
5542,5417,455,3,3458.71
5543,521,75,1,1984.08
5544,491,385,1,1907.8
5545,3664,788,3,2513.12
5546,2380,209,1,3770.3
5547,1309,784,1,3685.11
5548,4323,787,5,3659.64
5549,393,589,4,2258.95
5550,4659,616,5,2210.23
5551,150,675,3,1339.17
5552,2868,501,3,954.87
5553,4745,495,5,2131.55
5554,4714,288,2,3282.67
5555,5601,57,2,1106.38
5556,960,349,1,3014.65
5557,1815,732,2,1268.93
5558,5115,55,4,65.28
5559,543,675,4,1708.37
5560,5957,605,5,2616.08
5561,1952,681,1,2053.41
5562,108,73,1,2028.11
5563,2261,105,2,2799.96
5564,4816,557,2,2675.3
5565,1021,631,1,3694.22
5566,3414,264,1,1526.79
5567,3755,229,5,3657.05
5568,138,779,4,198.82
5569,3334,360,2,2692.12
5570,5840,639,4,3443.35
5571,2361,572,3,2167.08
5572,817,52,4,3632.79
5573,3027,252,2,2307.01
5574,746,27,5,1336.69
5575,380,478,5,744.33
5576,4053,197,4,1722.23
5577,2061,176,3,417.38
5578,4166,395,1,202.46
5579,4780,343,3,3203.75
5580,2595,273,1,3849.66
5581,3906,60,2,2975.61
5582,820,322,2,690.43
5583,1128,355,2,2616.44
5584,3980,664,4,1079.36
5585,295,563,5,614.29
5586,5700,667,5,3355.16
5587,1852,16,5,1544.58
5588,3848,305,3,3827.73
5589,4065,581,3,599.22
5590,1624,507,2,3925.27
5591,5607,396,4,4168.91
5592,4157,662,1,2173.09
5593,1807,8,2,438.6
5594,4971,775,2,527.68
5595,544,567,2,827.36
5596,4834,222,4,626.8
5597,4153,373,1,298.19
5598,3287,428,1,3107.58
5599,4470,182,4,2734.29
5600,1750,491,3,1524.42
5601,2455,237,4,253.63
5602,3419,213,1,3189.09
5603,2562,638,1,1029.68
5604,1932,223,3,3906.43
5605,2167,454,5,1294.83
5606,2791,471,5,2973.82
5607,5773,610,1,2025.55
5608,4637,546,2,4000.55
5609,4441,527,1,66.53
5610,4270,289,1,1926.38
5611,5933,39,2,3398.7
5612,3361,373,4,3629.78
5613,3090,226,4,3307.31
5614,2535,319,5,1523.59
5615,3608,20,2,2166.52
5616,4403,695,2,2640.05
5617,664,181,3,3796.06
5618,2762,588,2,1552.74
5619,2870,417,3,733.12
5620,5835,481,3,2115.85
5621,815,670,1,800.94
5622,2120,717,1,3915.44
5623,4454,19,4,3434.33
5624,3642,704,1,1186.02
5625,5802,661,3,1196.08
5626,612,738,4,3993.46
5627,556,800,1,1818.76
5628,5679,52,5,2178.05
5629,177,714,1,2752.3
5630,5178,635,5,1571.73
5631,236,217,2,340.13
5632,554,732,5,1036.38
5633,4162,209,3,2843.34
5634,1542,307,2,2905.45
5635,2157,549,5,2069.79
5636,131,165,3,182.8
5637,4409,206,2,2512.09
5638,707,739,5,3178.38
5639,4417,633,2,2445.04
5640,2673,289,4,3744.11
5641,2102,681,5,4196.14
5642,5938,315,2,239.77
5643,3509,405,2,3697.42
5644,1284,646,1,3548.45
5645,1077,216,1,110.92
5646,2220,355,5,1245.19
5647,3571,32,2,2027.15
5648,2547,357,2,1584.12
5649,917,333,4,338.37
5650,1060,693,4,465.58
5651,2878,366,1,79.49
5652,2905,388,5,1302.4
5653,656,794,3,2570.48
5654,5135,135,5,4164.8
5655,1014,367,5,2444.54
5656,2816,506,2,2576.91
5657,1900,353,2,3580.77
5658,4304,338,3,1573.44
5659,3042,360,5,2121.4
5660,581,536,2,3015.86
5661,3229,290,1,3479.75
5662,4686,156,4,3171.45
5663,2970,623,4,4035.42
5664,1524,95,1,2028.79
5665,3799,199,4,3829.28
5666,902,334,3,3666.8
5667,3058,502,4,2761.53
5668,1946,405,3,3470.88
5669,4493,350,3,3515.94
5670,5353,159,4,2499.39
5671,2874,595,3,1733.93
5672,5768,793,1,2500.63
5673,4749,546,4,2167.9
5674,5187,493,1,1103.91
5675,5215,695,3,1014.11
5676,2574,625,3,801.97
5677,4655,740,5,2084.1
5678,2810,792,5,69.7
5679,4026,368,4,3284.92
5680,3620,795,3,3136.21
5681,241,727,2,3434.14
5682,470,27,1,2616.97
5683,5780,771,2,620.55
5684,728,795,2,3962.8
5685,5647,19,3,510.17
5686,2988,217,3,1155.89
5687,3581,37,3,594.04
5688,4310,292,1,509.93
5689,420,589,1,1192.39
5690,3029,268,4,699.36
5691,956,370,5,3756.59
5692,3470,728,1,1103.31
5693,1512,308,4,3287.02
5694,1543,706,4,3059.38
5695,1611,392,4,2690.16
5696,907,480,5,2337.93
5697,2962,654,1,2421.53
5698,1749,705,4,915.56
5699,1090,344,2,2941.41
5700,5191,526,1,312.72
5701,3088,493,5,500.84
5702,4802,170,2,1621.59
5703,3570,31,1,518.22
5704,5104,104,3,615.34
5705,5697,678,1,2693.71
5706,3368,360,2,4185.59
5707,364,640,5,3250.47
5708,1768,13,5,402.84
5709,1695,348,2,3597.02
5710,909,343,1,2911.54
5711,5651,613,4,1582.16
5712,1374,719,3,3424.72
5713,5138,468,5,1690.81
5714,4767,643,4,3329.31
5715,4154,139,4,3998.31
5716,1844,224,5,3056.71
5717,908,369,5,1528.53
5718,2020,551,5,3872.17
5719,5217,341,4,1657.79
5720,444,561,4,1615.97
5721,5835,226,3,311.0
5722,4012,436,2,1363.66
5723,1290,332,2,2827.02
5724,3726,244,1,1894.83
5725,2432,102,2,2112.55
5726,2631,411,5,642.11
5727,4767,630,2,1485.94
5728,1600,362,4,690.09
5729,3946,764,5,2392.66
5730,5500,735,4,1017.4
5731,3556,2,4,579.84
5732,3801,349,4,2037.57
5733,812,415,2,959.39
5734,3051,49,2,1808.98
5735,217,213,1,2929.6
5736,4777,82,1,567.21
5737,5185,422,1,1749.68
5738,20,74,3,3899.76
5739,3914,462,1,2365.1
5740,1235,716,5,3870.76
5741,1075,647,2,1493.38
5742,2364,541,4,2720.53
5743,1196,280,3,3653.13
5744,4032,255,2,23.33
5745,5107,297,5,3337.36
5746,4816,188,2,1451.52
5747,930,76,5,1525.67
5748,981,176,4,3577.39
5749,4369,496,4,450.59
5750,5290,203,3,1875.25
5751,2971,85,3,1915.57
5752,5332,734,3,1532.81
5753,2063,366,4,1017.11
5754,942,323,3,3250.31
5755,2379,68,5,962.1
5756,1544,19,5,3273.29
5757,3700,135,5,1047.13
5758,640,599,1,3292.66
5759,5338,295,3,1774.87
5760,3370,292,3,3607.12
5761,3374,109,4,511.23
5762,465,427,1,2525.43
5763,4385,376,3,1761.06
5764,4457,77,4,1932.48
5765,2191,580,2,2454.24
5766,5863,84,3,3924.09
5767,194,691,1,2212.73
5768,2868,283,1,3973.89
5769,481,490,5,2414.39
5770,3684,774,4,1356.66
5771,2839,224,1,1416.63
5772,2823,428,2,4150.02
5773,1650,28,4,2785.14
5774,2706,11,3,962.6
5775,4311,361,1,1615.99
5776,4876,367,4,2059.42
5777,4310,92,2,692.31
5778,1181,6,2,3878.86
5779,5900,656,1,2105.14
5780,4642,167,2,1593.35
5781,1057,123,2,3347.41
5782,1963,312,3,3987.91
5783,680,731,3,3212.28
5784,3389,386,2,3258.28
5785,1487,567,2,2874.93
5786,1936,520,1,1255.4
5787,4421,124,5,1393.96
5788,2678,411,4,839.58
5789,2828,547,1,2391.74
5790,1163,10,2,1626.14
5791,2916,326,4,4054.87
5792,3906,39,5,867.18
5793,1358,652,2,3152.39
5794,3945,81,5,1868.71
5795,2075,685,2,1111.37
5796,4514,599,3,3570.28
5797,878,560,2,2273.68
5798,4435,740,2,804.14
5799,4718,364,4,1897.24
5800,2452,723,4,1817.77
5801,2827,292,1,89.63
5802,2496,365,3,2369.43
5803,2128,207,4,1029.07
5804,3101,701,3,746.03
5805,5967,458,1,1268.08
5806,5016,417,1,1783.98
5807,207,185,5,1054.77
5808,5455,421,5,1738.32
5809,4061,665,3,2671.61
5810,5138,280,1,767.41
5811,2121,592,5,66.16
5812,5567,338,4,3514.84
5813,1183,382,3,3810.18
5814,4910,543,3,1104.67
5815,5410,353,4,1383.37
5816,3044,8,4,2272.7
5817,970,119,4,3332.63
5818,5458,419,2,2763.27
5819,5,204,4,961.2
5820,123,662,1,787.25
5821,797,45,5,3354.2
5822,5417,273,1,2469.4
5823,4568,717,2,2283.79
5824,2061,610,4,1361.62
5825,5742,380,5,3925.84
5826,4212,73,2,1553.09
5827,4031,35,5,1998.43
5828,2250,485,1,1554.75
5829,574,374,5,78.96
5830,1219,155,3,364.32
5831,4315,22,2,624.15
5832,5636,146,2,2339.71
5833,443,681,1,1306.91
5834,3341,525,3,2058.74
5835,1689,567,4,1102.06
5836,1710,485,2,2096.81
5837,1874,52,2,998.32
5838,61,731,1,3050.38
5839,2878,200,2,1035.47
5840,2324,436,4,1969.68
5841,2916,134,2,1328.68
5842,2701,379,4,2986.82
5843,1668,278,3,3447.59
5844,2045,91,4,1884.93
5845,5924,380,1,3515.53
5846,5915,18,4,1476.12
5847,1111,708,2,2387.28
5848,1037,485,3,4098.15
5849,3414,215,2,1866.07
5850,5392,640,2,1633.55
5851,5301,466,5,2113.72
5852,3978,766,4,1109.68
5853,1185,748,1,2931.99
5854,5182,646,1,3462.67
5855,3817,112,2,3557.23
5856,1218,730,5,1637.62
5857,430,216,4,1755.35
5858,3418,664,5,3866.01
5859,5119,610,1,3675.67
5860,3122,540,1,321.1
5861,1477,795,5,3677.21
5862,2899,647,5,2583.03
5863,5297,671,2,4016.56
5864,2215,551,5,1460.29
5865,3535,279,4,768.05
5866,4248,613,5,1859.2
5867,434,404,1,2817.96
5868,3661,22,3,1996.33
5869,3254,135,4,2933.25
5870,4276,12,4,2048.72
5871,5471,348,2,3040.83
5872,4489,744,4,2925.54
5873,2226,794,2,2360.16
5874,5679,65,5,53.45
5875,4677,369,5,174.99
5876,1493,607,2,3522.45
5877,5376,231,3,3874.83
5878,3836,190,4,1959.2
5879,1729,42,3,687.08
5880,4474,621,5,2685.84
5881,4095,40,3,1510.41
5882,138,262,3,3064.51
5883,3224,175,1,1775.83
5884,4054,320,2,3670.87
5885,3817,93,1,2425.52
5886,1349,536,2,1059.93
5887,2855,580,4,1933.21
5888,4137,537,3,233.38
5889,1826,19,2,2011.53
5890,3958,317,5,445.43
5891,1519,563,3,2251.38
5892,2720,321,4,3835.38
5893,3630,335,5,1722.28
5894,1242,59,1,4013.37
5895,3127,265,5,2326.91
5896,5163,26,5,2058.81
5897,4242,770,5,248.02
5898,2602,409,2,2195.67
5899,2668,132,4,1216.36
5900,4437,740,2,2782.73
5901,2742,154,5,3881.57
5902,3852,241,5,501.85
5903,421,409,1,892.12
5904,3292,477,3,3130.39
5905,1600,290,1,2407.47
5906,5573,561,5,1945.99
5907,1075,235,2,1682.59
5908,3733,10,2,2355.57
5909,947,425,5,2133.38
5910,1108,161,5,907.62
5911,3112,251,3,1714.93
5912,4582,212,3,3088.79
5913,3788,107,4,1952.01
5914,4014,158,4,511.7
5915,3196,552,5,702.44
5916,3617,585,2,3583.0
5917,210,739,4,3675.29
5918,2584,636,4,4114.01
5919,4552,340,2,2540.77
5920,5581,417,2,224.6
5921,1074,457,4,1306.08
5922,5443,571,5,1545.37
5923,2068,649,1,1184.31
5924,5160,361,1,638.58
5925,4328,442,3,510.04
5926,654,648,5,2872.14
5927,1709,86,5,3187.59
5928,190,434,3,2091.14
5929,3653,413,5,2189.94
5930,603,797,5,782.2
5931,2063,160,3,781.73
5932,1342,389,4,3920.55
5933,4045,139,2,2170.75
5934,5879,760,5,246.85
5935,1698,124,1,655.29
5936,1360,589,4,1301.61
5937,5804,500,3,1613.97
5938,4082,475,1,2828.47
5939,4946,24,4,44.6
5940,5904,425,5,761.67
5941,4337,31,3,399.3
5942,4422,612,4,2781.85
5943,2457,703,2,3129.21
5944,1882,383,2,958.38
5945,3918,273,2,75.66
5946,5417,118,2,3483.69
5947,2426,742,3,3348.67
5948,1300,333,3,380.65
5949,4474,746,2,2387.95
5950,2138,51,3,1742.18
5951,1821,788,2,1806.97
5952,1707,591,4,747.8
5953,64,33,3,3312.79
5954,2600,356,3,2794.52
5955,5602,587,4,2059.3
5956,5197,303,2,825.07
5957,4367,157,5,2484.77
5958,2384,134,5,2714.52
5959,2144,150,3,1741.9
5960,5205,310,3,1368.55
5961,3225,559,1,2987.84
5962,2558,74,4,1373.63
5963,4407,701,5,2864.2
5964,4040,165,4,3225.39
5965,856,62,4,54.62
5966,22,360,2,4182.89
5967,740,254,5,2508.12
5968,634,429,3,3048.51
5969,3772,578,5,881.15
5970,5783,654,4,4052.75
5971,920,369,2,2774.83
5972,4993,439,3,1746.74
5973,4526,658,3,1082.6
5974,5317,640,3,389.25
5975,2065,677,1,930.65
5976,296,2,2,1955.02
5977,2899,293,2,139.0
5978,3332,122,3,1045.0
5979,3018,261,4,1193.94
5980,2209,515,5,2146.57
5981,3178,300,5,1491.98
5982,645,311,4,791.32
5983,4376,368,2,3389.21
5984,3857,104,1,2112.77
5985,2499,603,3,3497.22
5986,5154,630,1,2141.58
5987,3008,560,3,3989.58
5988,2042,352,5,838.14
5989,2981,230,1,1859.42
5990,577,768,4,3249.88
5991,3759,86,1,1946.82
5992,395,372,2,20.64
5993,4280,701,1,1500.18
5994,1932,475,1,2251.03
5995,4989,675,4,2205.37
5996,2252,36,3,448.46
5997,5411,464,1,4147.09
5998,301,575,2,119.9
5999,3027,738,5,176.11
6000,5844,599,2,3927.71
6001,1947,638,3,1330.76
6002,2422,168,3,2744.34
6003,210,314,3,3285.95
6004,5767,286,2,1987.98
6005,2354,664,2,1549.74
6006,3707,82,4,695.51
6007,4266,687,5,2080.13
6008,2691,525,5,3969.38
6009,4940,719,1,1826.41
6010,3306,782,1,1229.12
6011,3513,350,5,2963.74
6012,657,216,1,1818.75
6013,879,626,3,3431.93
6014,5896,479,1,3595.63
6015,2797,165,2,1660.0
6016,804,456,4,3611.46
6017,3393,500,4,96.91
6018,3386,798,5,4173.8
6019,5520,786,3,3080.46
6020,1340,751,5,1852.86
6021,3769,66,3,3315.58
6022,4576,166,3,3490.63
6023,1969,78,5,206.7
6024,541,211,1,2489.29
6025,4087,167,1,223.34
6026,2837,680,3,2803.12
6027,1634,105,3,3019.11
6028,776,148,5,3728.37
6029,5804,460,5,210.35
6030,203,393,4,62.32
6031,3468,300,2,2522.64
6032,4017,403,3,1642.54
6033,15,737,1,510.58
6034,5831,200,5,2992.06
6035,3790,256,2,1608.97
6036,1969,183,2,3041.93
6037,3212,201,1,2774.81
6038,4853,57,1,1403.27
6039,3200,204,1,284.62
6040,4495,110,2,2211.11
6041,3640,157,2,1414.34
6042,568,13,3,1235.13
6043,4764,150,4,1187.33
6044,505,294,5,848.13
6045,4091,250,2,2069.73
6046,3971,244,5,2005.26
6047,2259,439,1,4103.66
6048,3230,371,2,22.76
6049,3026,391,3,2091.08
6050,3875,401,4,1687.54
6051,5576,61,3,630.95
6052,1205,421,5,1621.75
6053,4988,483,2,2156.36
6054,3649,721,2,1225.65
6055,356,471,4,3706.99
6056,2513,87,3,1812.83
6057,4386,749,2,818.72
6058,3685,509,2,913.87
6059,2726,285,5,2602.73
6060,5915,598,5,864.38
6061,1077,276,5,3482.45
6062,2644,602,4,3226.82
6063,3820,109,4,1984.31
6064,4219,213,4,1073.67
6065,5936,795,2,25.0
6066,4841,113,3,910.47
6067,2446,80,2,485.1
6068,2680,490,2,3475.36
6069,1439,5,1,279.89
6070,5766,434,2,1696.41
6071,1951,641,3,1371.11
6072,4136,207,5,3017.09
6073,3512,770,1,942.87
6074,3719,788,5,3748.24
6075,2633,459,2,858.68
6076,3545,314,1,3170.76
6077,4031,710,5,1556.73
6078,919,238,4,965.68
6079,2543,434,2,3342.27
6080,3432,360,4,2460.25
6081,4989,745,4,3381.98
6082,4252,151,3,1320.99
6083,1986,722,4,3530.88
6084,1472,699,2,613.73
6085,4376,360,5,2552.06
6086,1427,204,2,2421.61
6087,3643,236,4,3783.99
6088,569,432,4,1216.75
6089,3886,763,5,527.21
6090,2018,798,2,628.72
6091,4064,595,2,2106.96
6092,2115,493,3,3781.04
6093,912,365,4,2759.89
6094,485,147,5,2692.15
6095,2582,373,2,825.36
6096,3703,157,2,1592.47
6097,3302,342,4,2111.97
6098,514,761,4,2166.65
6099,5417,480,3,1827.52
6100,2515,118,4,2777.3
6101,4460,50,1,535.47
6102,2807,730,4,2596.43
6103,486,298,5,1699.47
6104,4228,537,5,3335.4
6105,220,625,2,1221.67
6106,4495,208,3,42.39
6107,4299,496,5,3401.46
6108,5949,635,4,2306.45
6109,5659,439,5,660.2
6110,784,754,2,2443.69
6111,4028,205,4,958.24
6112,4593,414,1,2429.56
6113,1028,393,4,95.18
6114,4872,665,2,287.13
6115,3447,81,5,1549.0
6116,3775,155,3,4046.42
6117,788,74,1,3880.33
6118,108,766,2,1914.61
6119,5810,702,4,1584.54
6120,740,747,4,182.61
6121,4136,624,2,3714.24
6122,2659,75,4,2385.49
6123,2726,270,1,3117.37
6124,4009,93,4,746.95
6125,3045,560,4,3666.87
6126,1263,747,1,2963.99
6127,3486,323,2,3003.61
6128,5774,732,4,3079.13
6129,2314,747,3,583.45
6130,5335,591,1,664.15
6131,4506,49,5,1563.81
6132,1901,793,5,3311.86
6133,4597,154,3,623.14
6134,1364,246,3,3945.47
6135,2033,587,5,760.25
6136,4140,362,2,3103.91
6137,2580,275,3,4132.97
6138,3847,391,1,675.91
6139,929,376,2,2997.94
6140,3330,696,1,2316.32
6141,923,786,4,3717.0
6142,4630,373,3,1642.46
6143,2409,241,4,670.49
6144,3596,201,1,4028.23
6145,3226,158,3,1289.54
6146,798,304,2,164.39
6147,5732,19,1,1601.81
6148,617,417,4,2384.75
6149,2511,185,5,1627.64
6150,129,557,1,2869.52
6151,763,353,3,182.82
6152,5024,27,5,1779.52
6153,4936,618,5,1885.85
6154,1858,67,3,630.87
6155,4992,350,3,2381.45
6156,4476,253,3,1910.7
6157,5004,125,4,3289.12
6158,4143,284,3,2298.39
6159,3616,400,2,2946.39
6160,3029,453,5,937.96
6161,250,530,1,3490.17
6162,4168,246,4,3539.82
6163,311,240,5,3360.83
6164,5383,222,2,4109.32
6165,812,633,2,3347.03
6166,4613,214,5,1337.36
6167,4265,604,4,346.19
6168,597,749,5,1872.25
6169,4457,333,2,927.01
6170,3499,739,1,2036.25
6171,2520,342,4,724.81
6172,1447,664,3,1418.12
6173,2751,507,3,1936.74
6174,1273,225,3,3294.85
6175,1282,471,3,2659.6
6176,2278,542,4,128.32
6177,2072,461,3,85.15
6178,4707,381,2,3334.53
6179,5137,431,2,1530.85
6180,920,215,4,2898.07
6181,2503,302,5,2295.22
6182,4592,230,2,3425.41
6183,1269,255,5,2025.69
6184,16,271,1,3247.27
6185,4829,518,2,1000.14
6186,1733,222,2,439.32
6187,4304,688,1,1279.71
6188,3884,240,3,3178.95
6189,3910,744,1,4112.01
6190,4712,648,2,3917.79
6191,4541,457,5,784.4
6192,955,782,5,3317.66
6193,805,92,3,653.65
6194,863,136,4,3878.74
6195,375,78,4,452.01
6196,1578,330,4,246.32
6197,838,418,2,2756.53
6198,5621,46,1,3753.1
6199,1352,505,5,367.11
6200,3765,145,3,1674.93
6201,1114,395,3,217.16
6202,4402,603,3,4090.55
6203,4848,377,2,3608.5
6204,4906,160,5,2946.08
6205,2177,295,2,2878.21
6206,5548,315,5,661.63
6207,2073,629,5,1106.57
6208,4247,728,5,2945.59
6209,1580,790,1,1492.39
6210,5576,799,5,1737.11
6211,751,147,5,1245.83
6212,1089,53,1,3203.58
6213,4368,80,4,2944.27
6214,1777,305,5,2436.49
6215,1903,501,2,2554.74
6216,2520,272,3,736.55
6217,1388,324,2,2731.2
6218,1464,627,2,1869.14
6219,4804,762,1,2202.96
6220,5935,263,2,1852.23
6221,5679,112,5,408.09
6222,5300,4,5,2479.1
6223,3400,223,2,1960.21
6224,1785,74,5,3207.56
6225,1251,739,3,1743.71
6226,2792,681,1,2654.04
6227,3400,146,3,4137.86
6228,2145,61,4,3631.79
6229,909,214,5,2375.55
6230,5863,279,1,1853.23
6231,5353,349,3,2849.31
6232,2106,660,2,2034.06
6233,4628,700,4,832.46
6234,5156,417,1,1240.37
6235,5099,499,4,4167.65
6236,1227,64,4,919.99
6237,3154,364,3,1995.04
6238,1211,462,4,2443.98
6239,2008,102,3,843.46
6240,5092,677,1,188.75
6241,5510,115,2,2747.12
6242,3367,462,2,4012.96
6243,3982,122,3,589.89
6244,2141,761,5,2611.98
6245,4225,629,1,2179.66
6246,4179,663,4,634.14
6247,2492,399,5,1264.8
6248,3108,698,5,2541.8
6249,3094,425,2,1438.6
6250,236,238,3,1681.7
6251,5554,370,5,2896.04
6252,2207,261,3,2489.51
6253,861,549,3,2114.22
6254,3958,118,5,1478.99
6255,728,176,3,2753.72
6256,3333,529,3,1795.41
6257,1034,767,4,344.27
6258,3528,517,4,2564.78
6259,3855,22,4,659.93
6260,3717,7,5,2287.01
6261,3883,582,5,3347.62
6262,1917,304,3,3835.92
6263,53,251,3,3995.03
6264,2520,154,1,1147.47
6265,5929,511,3,465.16
6266,1895,17,4,1674.08
6267,3085,671,5,1455.53
6268,5779,320,4,3809.91
6269,1459,771,2,3537.12
6270,3092,595,3,483.98
6271,4974,255,3,2973.74
6272,2585,108,4,1630.34
6273,2028,345,1,1851.11
6274,3003,13,1,1042.33
6275,246,48,1,155.55
6276,3180,339,3,862.68
6277,2029,700,1,1029.86
6278,1038,453,2,2861.96
6279,5289,387,3,1261.58
6280,4773,578,1,3265.41
6281,2076,612,4,3046.06
6282,1621,259,2,1331.27
6283,5182,307,2,2139.31
6284,2713,175,4,1550.12
6285,4266,7,1,586.38
6286,2604,194,5,1347.47
6287,3152,257,4,3705.38
6288,4255,143,2,255.75
6289,211,381,5,2062.82
6290,2055,142,5,1083.73
6291,2405,603,3,2368.14
6292,3455,624,5,1993.57
6293,3520,256,2,818.1
6294,4508,362,5,1364.08
6295,5663,114,3,4079.68
6296,2935,191,2,528.62
6297,4405,579,1,1451.28
6298,5304,619,3,3871.39
6299,1310,601,2,3762.96
6300,2736,686,2,2566.07
6301,4983,407,5,447.45
6302,2258,716,3,3807.24
6303,3404,200,4,1031.91
6304,1382,593,4,2762.36
6305,899,590,3,2486.83
6306,766,690,5,2584.26
6307,2487,543,4,3020.02
6308,1148,334,5,1542.4
6309,4824,719,1,1267.87
6310,1702,4,2,173.19
6311,5438,743,4,561.52
6312,3616,340,4,4105.82
6313,4244,284,4,3687.28
6314,3677,786,2,1933.89
6315,4618,664,1,3564.41
6316,2063,75,4,2579.8
6317,3885,523,3,164.78
6318,4923,621,5,312.89
6319,2465,544,3,3891.9
6320,16,733,1,2418.8
6321,1914,161,4,2914.52
6322,5102,787,3,2705.22
6323,3082,494,2,1749.75
6324,3297,297,1,3892.68
6325,4274,89,1,336.02
6326,5250,271,2,3231.74
6327,4385,219,1,2785.39
6328,75,560,4,1827.55
6329,1867,748,2,4052.9
6330,4140,770,3,2121.91
6331,3499,775,4,2658.55
6332,3751,710,3,4192.86
6333,3553,8,4,2352.82
6334,2178,546,1,1342.92
6335,3472,368,3,2553.29
6336,3951,716,3,4074.38
6337,2221,53,3,4115.62
6338,3023,658,1,3200.36
6339,4002,3,1,3300.97
6340,2372,445,1,2871.01
6341,3874,489,3,1502.84
6342,4839,751,5,2379.18
6343,1006,299,4,260.49
6344,1698,489,1,2257.52
6345,2552,363,3,131.1
6346,1072,551,2,2664.02
6347,4157,107,4,1406.12
6348,2541,185,5,2210.49
6349,4141,11,3,820.38
6350,3799,554,3,2587.69
6351,3583,433,1,3232.44
6352,3695,148,4,1639.78
6353,501,81,4,1706.65
6354,3882,227,1,2255.96
6355,5248,70,2,2843.16
6356,307,390,2,3501.35
6357,3810,342,5,2034.17
6358,2183,38,5,4038.5
6359,3349,171,2,1494.84
6360,5862,545,2,2995.47
6361,5068,655,4,1053.54
6362,256,363,2,728.65
6363,3681,169,4,1481.66
6364,5777,150,3,4189.47
6365,2510,237,3,97.24
6366,5941,73,5,2630.43
6367,4156,452,1,136.68
6368,3631,268,5,2750.07
6369,230,416,1,3180.16
6370,4848,784,2,2215.37
6371,1696,384,3,2064.6
6372,2804,79,2,4000.91
6373,3097,275,5,598.61
6374,1043,765,3,2955.53
6375,5765,161,4,3083.94
6376,116,32,4,2727.15
6377,3909,453,1,916.92
6378,86,119,2,156.13
6379,722,514,1,2253.16
6380,4630,125,2,1185.9
6381,600,86,1,3912.72
6382,1484,587,5,3068.71
6383,1855,10,5,646.92
6384,2636,39,2,235.34
6385,5136,727,5,1181.59
6386,3138,65,4,1523.8
6387,2719,153,4,159.11
6388,1638,225,3,3057.92
6389,4152,342,3,132.17
6390,5980,21,2,2796.14
6391,5264,26,1,3291.46
6392,4569,12,3,412.52
6393,2381,185,1,2810.6
6394,5040,786,4,760.54
6395,275,417,2,2881.58
6396,3867,133,1,3628.11
6397,5789,403,1,3417.59
6398,2833,615,1,1222.53
6399,3907,782,1,1070.43
6400,1246,581,3,1339.49
6401,3122,199,2,3767.45
6402,2521,567,2,1613.89
6403,3143,333,5,963.7
6404,1693,474,3,3593.81
6405,2578,792,3,1856.22
6406,3566,490,1,2262.02
6407,570,799,5,1498.12
6408,753,700,4,637.03
6409,127,399,2,1866.25
6410,4021,508,5,2704.94
6411,13,537,5,2643.64
6412,3659,348,3,3275.63
6413,1557,776,1,1055.61
6414,4650,112,5,3167.66
6415,1324,279,1,3490.01
6416,1021,725,2,996.25
6417,3265,731,3,418.99
6418,4616,569,2,18.96
6419,3267,135,2,1167.76
6420,946,435,1,3282.25
6421,3985,588,5,2037.45
6422,1257,410,2,2476.48
6423,2483,86,5,4177.65
6424,5104,181,2,1741.86
6425,2444,677,2,3232.68
6426,2139,63,1,2735.65
6427,1237,578,5,1736.53
6428,4941,124,5,1698.62
6429,1323,140,4,1425.68
6430,3889,17,4,3450.9
6431,623,201,3,1993.55
6432,1187,539,5,1908.76
6433,342,61,1,1725.8
6434,5035,397,3,4144.65
6435,2688,344,2,104.5
6436,601,300,2,2312.44
6437,5223,48,2,1749.97
6438,320,317,1,1043.2
6439,5627,579,3,2947.26
6440,3912,791,2,421.78
6441,3426,772,5,3665.17
6442,3468,546,3,455.65
6443,1545,586,4,3360.3
6444,4519,704,2,2489.29
6445,4418,561,4,2324.14
6446,3864,307,1,2925.68
6447,5243,168,4,2206.27
6448,5490,611,5,3850.58
6449,2112,742,4,1883.64
6450,1285,114,4,792.54
6451,814,251,4,1759.98
6452,3217,337,5,892.64
6453,4220,392,1,3804.89
6454,4175,799,4,2146.54
6455,5358,172,5,2753.67
6456,1317,95,4,1444.86
6457,5755,156,3,2252.72
6458,1021,447,4,2404.9
6459,5458,471,1,2410.77
6460,4517,743,2,3752.03
6461,3825,290,5,3025.49
6462,4840,145,5,109.91
6463,4084,214,2,2202.95
6464,4732,34,3,1774.47
6465,2589,112,2,949.62
6466,3600,589,3,1052.79
6467,5990,405,2,470.98
6468,1001,452,2,590.59
6469,181,376,3,1204.89
6470,4790,140,4,2580.29
6471,1980,156,5,3051.26
6472,1583,455,5,577.62
6473,2915,268,5,489.6
6474,2552,471,2,4117.99
6475,222,205,1,1153.4
6476,3765,263,5,1101.82
6477,2063,632,2,4028.48
6478,1687,395,5,3551.84
6479,3344,677,1,3926.35
6480,619,584,5,1824.92
6481,3916,192,3,3487.74
6482,3149,484,2,3131.61
6483,1936,196,3,3577.21
6484,695,81,4,3100.55
6485,57,98,5,2059.61
6486,2840,285,5,1943.78
6487,2549,477,2,4113.22
6488,5047,254,5,1343.78
6489,3343,273,3,3913.81
6490,2898,105,4,2302.45
6491,1370,365,4,3727.54
6492,51,793,5,215.73
6493,1976,10,4,3243.37
6494,2083,469,1,3466.69
6495,3727,236,4,3732.38
6496,963,252,3,774.78
6497,3629,657,5,254.24
6498,1672,92,5,2153.33
6499,1043,72,5,2835.21
6500,5960,51,3,2089.15
6501,4018,413,3,2486.64
6502,4863,452,1,3287.23
6503,2622,622,4,220.78
6504,1905,328,1,4194.71
6505,2934,506,4,1910.77
6506,5390,793,2,3285.13
6507,2534,9,3,1977.85
6508,5863,694,5,3042.23
6509,2975,442,3,1547.99
6510,5891,9,1,1400.61
6511,2822,481,1,3084.78
6512,5350,408,1,2595.69
6513,3438,385,2,2972.55
6514,5694,6,2,3077.78
6515,1446,23,3,1114.87
6516,5217,728,1,1021.8
6517,5613,501,5,150.33
6518,5496,116,4,2855.78
6519,967,245,2,2327.75
6520,2197,629,5,1793.22
6521,2003,145,4,3542.52
6522,4258,629,2,1264.89
6523,4437,771,1,2539.23
6524,5704,121,2,2000.85
6525,1930,68,4,255.11
6526,3732,421,2,1186.62
6527,1636,733,4,24.05
6528,2920,518,5,1796.59
6529,2083,91,5,686.56
6530,2601,783,5,3187.84
6531,626,557,5,3256.77
6532,5370,339,3,2834.25
6533,2742,186,5,1864.69
6534,3531,772,5,684.67
6535,3063,40,4,2978.08
6536,5161,397,4,3932.77
6537,4336,161,5,3800.51
6538,4150,484,3,1792.43
6539,3933,215,2,2125.7
6540,4782,757,3,191.38
6541,954,319,2,1820.81
6542,4972,791,4,3237.5
6543,5309,325,2,14.1
6544,3601,290,3,693.58
6545,5545,696,1,3542.07
6546,5438,684,4,181.45
6547,1774,384,1,1170.34
6548,2201,666,2,1848.46
6549,4305,626,3,4002.12
6550,792,401,5,3662.5
6551,3030,375,2,3930.14
6552,3845,723,1,3706.12
6553,3767,798,1,2383.99
6554,1332,186,1,2609.67
6555,827,293,1,1457.64
6556,4568,563,3,2779.09
6557,2755,601,1,3882.73
6558,5003,478,2,4005.14
6559,4056,65,4,3854.94
6560,5838,616,1,1307.4
6561,306,505,4,917.35
6562,461,667,3,3676.65
6563,1581,440,1,271.02
6564,1645,334,4,49.84
6565,2216,681,5,4039.74
6566,2927,196,3,3593.42
6567,864,304,5,1357.96
6568,5768,767,4,2205.6
6569,2449,611,2,1869.83
6570,5566,392,2,2454.67
6571,52,788,1,748.93
6572,459,642,4,1963.36
6573,4570,84,1,813.87
6574,4230,475,3,952.42
6575,508,217,1,4107.09
6576,3581,133,2,3225.22
6577,1423,299,1,2569.26
6578,1716,458,4,3529.38
6579,553,245,5,2160.83
6580,3135,547,3,3505.03
6581,828,661,3,2013.87
6582,4773,282,4,2535.6
6583,1589,753,5,1479.34
6584,523,493,2,2305.66
6585,1062,125,5,1957.41
6586,1907,135,5,2594.42
6587,663,139,5,3922.19
6588,1768,4,1,301.54
6589,4610,573,2,3668.79
6590,1350,715,2,1658.25
6591,2179,458,3,4094.13
6592,5190,576,1,3161.42
6593,1789,704,1,4162.78
6594,4432,740,5,2439.76
6595,5315,564,5,2137.87
6596,553,556,2,2403.91
6597,5975,181,1,4134.59
6598,5829,222,2,3550.31
6599,4475,552,4,4081.74
6600,487,176,4,2194.87
6601,3575,156,2,3666.21
6602,4085,798,3,631.59
6603,2544,516,2,3707.15
6604,608,212,3,2078.96
6605,4409,204,1,2860.23
6606,2707,739,1,1964.43
6607,2477,58,5,92.47
6608,3589,758,3,1770.48
6609,1233,398,4,2334.58
6610,2647,511,5,1533.69
6611,1666,406,4,604.3
6612,5020,627,4,147.84
6613,2839,213,2,2278.14
6614,1901,477,3,429.37
6615,1604,24,1,3135.27
6616,4727,365,3,1667.53
6617,3628,761,5,43.79
6618,870,660,1,3860.86
6619,2300,634,3,1838.97
6620,3644,607,5,3412.95
6621,5876,702,4,1657.77
6622,4009,293,2,1719.96
6623,3487,150,4,2229.75
6624,2236,205,1,1032.41
6625,280,415,5,4110.85
6626,3539,785,3,1515.39
6627,4236,290,5,505.63
6628,1068,726,1,2519.32
6629,1012,168,3,2138.09
6630,299,568,3,657.65
6631,265,84,5,966.68
6632,2663,519,2,3465.29
6633,1464,123,5,1805.12
6634,3859,2,4,2316.82
6635,3064,789,2,2754.43
6636,2548,764,1,361.2
6637,3175,518,4,2385.21
6638,3845,588,2,3692.03
6639,1872,559,3,766.2
6640,2297,328,2,2885.81
6641,3097,108,1,1364.85
6642,4026,521,3,1501.24
6643,4876,127,5,1512.19
6644,3232,747,1,269.45
6645,4435,483,2,3804.64
6646,5518,646,5,2555.2
6647,783,657,5,1037.86
6648,2406,528,3,3970.85
6649,1423,323,3,2641.44
6650,3323,130,2,1110.31
6651,1701,283,5,2575.33
6652,4784,508,4,2541.51
6653,4058,365,1,3845.07
6654,5061,548,2,3803.8
6655,2512,234,1,1031.18
6656,2421,449,1,3972.72
6657,1544,266,2,3118.88
6658,4925,25,2,1176.99
6659,1618,770,1,3134.02
6660,4830,405,3,571.93
6661,5983,489,5,2492.29
6662,3773,145,3,3678.59
6663,5026,154,5,1163.23
6664,1869,186,4,3671.48
6665,5285,481,2,2890.09
6666,5163,571,3,1349.37
6667,2068,343,4,2363.39
6668,1150,116,3,1399.9
6669,1702,64,5,925.8
6670,2765,669,2,1834.8
6671,915,434,1,2893.81
6672,5577,779,3,168.86
6673,1089,124,5,1136.12
6674,3226,318,3,3002.63
6675,5511,296,5,4051.54
6676,2181,752,4,768.01
6677,2639,250,2,2132.25
6678,1943,516,5,3324.91
6679,3405,655,1,3179.29
6680,1755,193,2,1003.85
6681,1015,141,5,214.45
6682,4767,638,5,4170.12
6683,4295,10,1,2648.62
6684,1575,526,5,3116.2
6685,3550,286,5,3442.89
6686,4020,382,5,1516.8
6687,5539,700,5,483.17
6688,4979,368,3,335.71
6689,4096,144,2,4177.14
6690,4901,3,5,2148.96
6691,3849,255,2,4112.46
6692,131,157,5,3574.32
6693,2268,649,2,660.0
6694,4428,163,4,643.79
6695,1132,38,2,1661.09
6696,2120,160,3,2956.78
6697,2615,252,5,2541.02
6698,834,126,4,3612.75
6699,1137,113,4,3081.43
6700,1216,376,3,1078.49
6701,4944,565,1,3125.0
6702,5460,50,2,2589.94
6703,1522,530,4,1816.38
6704,732,96,5,2317.04
6705,3223,680,5,4016.03
6706,2106,312,2,1497.01
6707,1360,429,1,3923.32
6708,5187,278,4,240.85
6709,5004,22,2,2325.26
6710,737,180,2,1404.02
6711,1954,406,1,1930.31
6712,2279,383,3,2556.48
6713,5776,350,1,441.53
6714,1995,550,5,4100.51
6715,2082,232,1,3101.78
6716,428,258,5,3129.43
6717,5145,172,1,2563.15
6718,4821,659,5,1053.4
6719,3216,504,1,2849.79
6720,5533,23,4,137.3
6721,5289,112,4,1730.2
6722,2751,62,2,93.87
6723,1521,173,4,388.83
6724,3859,329,3,3354.25
6725,3173,384,3,57.03
6726,5046,172,4,1264.25
6727,4678,742,1,892.56
6728,5090,538,4,1160.24
6729,4250,573,5,3136.59
6730,4340,608,1,1828.02
6731,1054,444,5,3490.08
6732,3724,496,4,27.06
6733,214,614,2,2814.4
6734,3552,454,3,1709.98
6735,695,112,5,187.44
6736,244,603,2,3128.57
6737,2863,600,5,177.71
6738,5780,57,5,1058.01
6739,2388,188,4,778.79
6740,660,169,1,1163.71
6741,1654,38,2,2615.0
6742,3966,677,4,1389.5
6743,2312,125,2,3510.21
6744,5294,634,2,295.87
6745,505,678,4,1319.45
6746,833,727,4,1732.93
6747,2846,407,2,880.84
6748,4180,4,4,4192.04
6749,5915,30,1,87.65
6750,5725,162,3,3866.0
6751,2558,77,3,800.82
6752,3146,181,5,1914.82
6753,4504,447,3,2880.0
6754,15,697,4,1333.45
6755,5656,324,4,2994.55
6756,2765,203,3,2355.7
6757,86,756,4,1759.26
6758,2810,581,2,4085.21
6759,4471,137,1,2663.21
6760,2943,47,3,2363.82
6761,2075,552,2,2496.62
6762,1508,428,2,1288.48
6763,4766,573,1,2639.17
6764,3406,728,5,2358.73
6765,2816,394,4,3249.99
6766,2724,623,2,3713.05
6767,1888,73,5,3103.9
6768,3351,750,4,715.98
6769,2719,134,1,4124.6
6770,5618,264,5,209.22
6771,1616,763,2,3107.4
6772,1195,447,4,2266.3
6773,481,232,2,2699.74
6774,2710,659,3,2697.67
6775,1752,34,5,3723.22
6776,4838,162,2,3951.24
6777,3046,276,1,3226.23
6778,1391,92,2,1080.44
6779,1430,614,4,1455.32
6780,1784,140,5,2246.56
6781,2651,47,5,1198.32
6782,1563,721,4,3064.28
6783,3114,724,1,2059.55
6784,3467,20,1,996.46
6785,2856,314,3,1003.12
6786,3274,469,1,662.25
6787,3354,693,2,1075.71
6788,4624,693,1,1499.24
6789,5654,364,3,3889.75
6790,3208,294,4,3596.41
6791,391,291,3,3620.23
6792,1500,160,3,2600.56
6793,2807,434,3,1862.32
6794,4049,83,2,2354.06
6795,2397,40,1,85.42
6796,3149,50,1,2386.19
6797,5458,279,3,1815.97
6798,124,693,5,117.06
6799,3248,762,3,3358.36
6800,807,470,3,2800.11
6801,5455,654,1,3611.66
6802,3073,153,5,1558.34
6803,1365,249,1,253.43
6804,1628,622,3,3823.5
6805,1074,209,5,3705.23
6806,1968,239,3,3677.08
6807,2387,141,2,968.48
6808,842,471,4,2631.19
6809,3933,585,4,561.08
6810,3840,748,3,3391.14
6811,3041,129,3,1272.16
6812,2611,310,3,235.21
6813,761,633,2,222.8
6814,1980,428,3,1728.11
6815,210,707,5,3349.35
6816,2066,632,3,1473.37
6817,755,55,2,1766.8
6818,4323,233,4,1310.02
6819,3417,660,3,703.78
6820,1640,508,4,2796.34
6821,5360,238,5,2442.87
6822,5338,199,5,2964.7
6823,302,537,1,627.21
6824,2384,235,1,57.62
6825,2197,286,1,918.37
6826,5205,30,5,2251.64
6827,5322,136,4,911.4
6828,3999,152,1,2507.87
6829,2497,116,5,285.37
6830,5549,600,3,517.75
6831,2517,457,5,526.04
6832,4753,220,5,2846.48
6833,5757,334,5,2065.67
6834,271,389,1,236.56
6835,4959,71,1,391.56
6836,1432,279,5,1730.61
6837,5161,733,4,642.88
6838,1307,314,2,2126.97
6839,4796,756,2,3400.05
6840,5489,447,2,37.23
6841,5550,25,1,3247.64
6842,1165,191,2,533.7
6843,2120,499,4,1010.27
6844,4923,454,2,826.93
6845,3907,473,1,2463.51
6846,436,675,4,3211.37
6847,3010,585,5,236.96
6848,1505,760,2,3001.94
6849,5036,205,5,1834.14
6850,2951,292,3,2925.49
6851,4332,465,2,2319.35
6852,3099,721,3,2826.0
6853,5139,562,2,3497.68
6854,1182,427,5,2546.78
6855,4407,159,1,3845.6
6856,703,156,1,3525.69
6857,5994,65,1,2029.72
6858,5151,481,1,295.39
6859,5782,444,3,315.02
6860,3970,493,5,3481.21
6861,4996,226,4,3689.92
6862,3636,23,2,3990.61
6863,4927,186,5,4047.17
6864,223,26,5,2279.34
6865,5274,300,1,652.49
6866,1173,160,1,2046.18
6867,3451,167,4,368.76
6868,5852,324,5,1200.9
6869,3704,300,5,2736.48
6870,5516,765,3,955.86
6871,4827,18,5,274.92
6872,4551,549,4,1868.64
6873,889,105,5,1291.29
6874,2586,605,3,3979.32
6875,4460,771,3,3474.3
6876,2189,223,4,3804.77
6877,3183,294,1,3916.88
6878,825,444,4,1872.29
6879,1422,755,2,1659.8
6880,1786,756,4,219.89
6881,5696,414,3,1964.67
6882,5362,478,1,1742.51
6883,4390,633,2,2257.62
6884,2572,116,5,1853.56
6885,890,211,2,3206.16
6886,1310,763,5,2074.25
6887,2498,96,1,3150.3
6888,3647,659,2,685.98
6889,1860,229,2,2503.86
6890,5006,458,4,422.78
6891,2333,615,1,2930.27
6892,5511,556,5,777.17
6893,2485,464,1,2367.9
6894,1212,613,1,988.42
6895,1912,304,1,3101.13
6896,2891,236,1,2741.45
6897,1943,147,5,291.88
6898,3185,353,1,527.88
6899,118,743,5,1892.08
6900,3855,339,2,1246.48
6901,1475,797,5,3182.2
6902,3686,691,5,3694.17
6903,4909,42,5,4097.06
6904,4477,17,2,1053.26
6905,1206,276,2,1397.93
6906,5032,217,2,4031.01
6907,3441,174,3,1946.12
6908,630,88,5,1052.8
6909,2773,166,1,652.2
6910,4521,52,2,2378.75
6911,2661,556,5,162.04
6912,1520,540,3,1113.97
6913,1638,379,5,3765.07
6914,3154,650,4,2795.65
6915,3526,159,2,1835.1
6916,3115,358,3,204.71
6917,640,99,3,2580.13
6918,417,514,2,84.02
6919,3742,741,3,1163.31
6920,4602,322,5,687.17
6921,2424,736,2,297.11
6922,1068,59,1,2659.61
6923,2820,675,4,3394.2
6924,1768,47,4,2772.45
6925,4853,155,3,245.24
6926,1539,33,3,802.89
6927,3293,129,1,542.32
6928,3713,133,5,1341.98
6929,5462,410,2,1870.99
6930,2042,13,3,2438.62
6931,3620,742,2,374.55
6932,4641,8,4,434.19
6933,1992,478,1,3837.1
6934,3019,98,2,2709.9
6935,124,386,1,2838.7
6936,2759,756,4,900.26
6937,44,267,3,4153.98
6938,2260,307,4,4023.55
6939,5850,87,1,2841.24
6940,1999,226,1,3984.27
6941,2232,413,2,1149.67
6942,5613,797,3,2311.11
6943,4238,154,1,3318.13
6944,826,728,4,150.07
6945,1090,235,5,687.14
6946,1811,548,5,1154.51
6947,1292,549,2,243.72
6948,2163,710,4,1187.22
6949,867,250,4,1411.92
6950,1377,114,3,2688.43
6951,1295,516,1,2735.43
6952,2475,599,3,2533.04
6953,2668,558,2,1386.67
6954,5616,398,2,3493.44
6955,558,23,5,2390.83
6956,1755,257,3,374.33
6957,3958,381,1,3409.58
6958,2825,531,2,3708.81
6959,1613,5,1,365.61
6960,2399,205,1,2436.42
6961,2722,165,4,1399.79
6962,4206,343,2,3789.85
6963,2183,501,5,3744.72
6964,476,212,2,4186.41
6965,4607,239,4,3969.15
6966,3529,758,3,841.45
6967,1249,603,3,3876.21
6968,3240,728,5,2412.84
6969,531,691,4,261.28
6970,3824,230,4,2712.87
6971,5580,187,4,1934.23
6972,338,225,5,2264.93
6973,3501,258,4,413.99
6974,3628,298,4,2050.41
6975,2292,431,5,746.67
6976,5396,237,4,884.28
6977,4153,230,2,2559.36
6978,4600,632,5,3943.19
6979,4333,628,3,695.28
6980,4631,391,2,2454.74
6981,4861,347,3,1641.85
6982,4662,477,2,3849.65
6983,2704,543,4,586.41
6984,3276,195,5,23.54
6985,1139,301,3,3741.65
6986,1056,166,3,2060.19
6987,5827,397,4,3821.03
6988,3989,660,1,919.43
6989,4350,251,3,4036.94
6990,917,638,4,1123.82
6991,5799,460,2,1698.71
6992,1224,797,1,2963.29
6993,5689,750,3,29.06
6994,3237,198,2,2262.69
6995,3581,663,1,3424.26
6996,2277,637,2,3864.09
6997,24,578,1,3417.9
6998,1361,561,2,875.28
6999,2811,760,3,305.68
7000,4203,756,5,1774.3
7001,3410,627,3,3558.86
7002,3058,251,5,1042.98
7003,2958,84,5,3405.04
7004,1726,609,1,1659.34
7005,917,626,2,1815.33
7006,3084,306,1,2037.2
7007,5666,444,2,1946.13
7008,5042,90,5,1417.9
7009,1304,37,5,2784.51
7010,1763,338,2,397.07
7011,391,793,1,2512.74
7012,1445,77,2,1758.48
7013,5785,440,2,685.0
7014,4380,118,1,1113.77
7015,3923,254,5,1499.36
7016,1355,311,2,4019.52
7017,2705,58,2,3517.54
7018,331,304,3,1876.22
7019,746,188,2,2607.95
7020,1267,578,1,4127.45
7021,5339,737,5,1611.38
7022,283,702,2,278.67
7023,3235,673,2,1104.63
7024,3166,800,4,4061.39
7025,740,192,2,785.39
7026,2183,735,2,2656.55
7027,4005,45,5,759.74
7028,2143,101,1,2718.72
7029,5564,653,1,3619.82
7030,5162,301,2,3809.76
7031,1494,229,2,1687.11
7032,2032,99,1,3654.11
7033,3245,50,4,2063.09
7034,5842,87,3,2206.05
7035,3235,222,5,2525.15
7036,2825,789,1,3413.89
7037,3803,540,3,1230.33
7038,5509,429,1,901.73
7039,534,167,3,3776.36
7040,946,232,2,610.41
7041,2800,340,5,704.0
7042,5194,45,2,182.02
7043,3861,569,5,2961.92
7044,731,37,3,3493.96
7045,319,692,5,100.37
7046,5585,534,1,4172.98
7047,1795,143,3,1379.07
7048,198,177,2,811.9
7049,30,775,5,3942.26
7050,2049,785,2,1624.76
7051,4039,537,1,426.33
7052,1646,782,4,1294.86
7053,1417,202,4,94.04
7054,244,675,2,43.57
7055,1061,607,4,2458.51
7056,1994,693,2,1793.62
7057,1201,537,1,3983.67
7058,4330,338,3,3620.86
7059,1579,313,2,301.86
7060,2068,295,3,1013.12
7061,770,127,2,2463.0
7062,2257,400,3,339.19
7063,4998,169,1,4111.98
7064,2594,654,2,806.74
7065,1740,646,3,2307.64
7066,5664,389,2,2819.63
7067,3469,562,1,3816.18
7068,4965,641,4,2644.19
7069,3827,665,3,1113.1
7070,1131,49,5,1351.1
7071,5590,525,3,39.42
7072,2915,642,4,4119.5
7073,4496,23,2,2729.31
7074,4858,579,1,3895.09
7075,1537,15,2,3679.53
7076,797,124,2,986.43
7077,1231,722,1,3909.21
7078,4471,68,1,3642.8
7079,2614,481,1,4124.08
7080,3455,176,3,2952.54
7081,1978,2,5,3463.44
7082,1173,782,4,2713.33
7083,777,667,5,1352.82
7084,867,752,5,3940.88
7085,5408,680,3,1804.98
7086,2238,657,5,2577.35
7087,1360,518,1,318.5
7088,4551,692,2,57.52
7089,3042,767,3,3882.91
7090,708,315,2,2848.08
7091,522,538,5,2635.95
7092,2078,87,2,1361.81
7093,2117,556,4,3391.02
7094,5366,676,2,4089.98
7095,3921,11,3,972.89
7096,5334,30,5,196.68
7097,4102,291,4,2087.26
7098,5834,537,3,3629.14
7099,4642,435,4,2766.35
7100,606,566,1,47.78
7101,331,629,5,587.65
7102,5123,188,4,3485.9
7103,1087,271,1,3537.72
7104,2415,622,4,1619.8
7105,2977,695,5,1571.23
7106,5327,291,3,2336.11
7107,1555,12,3,3129.88
7108,1061,428,5,3042.27
7109,4368,111,3,2167.19
7110,2159,376,5,333.37
7111,5554,795,3,1119.89
7112,3787,336,4,2841.29
7113,3427,671,2,2898.38
7114,1828,166,1,842.13
7115,5734,532,3,1092.22
7116,2409,201,1,1171.37
7117,4340,464,1,3207.49
7118,714,27,5,381.86
7119,5377,118,4,4066.24
7120,1541,419,2,3322.7
7121,4234,732,2,2985.59
7122,2448,117,3,3469.9
7123,5391,718,2,3235.74
7124,3183,96,4,2725.56
7125,1037,271,5,508.73
7126,2235,264,2,1287.3
7127,1011,133,5,1197.8
7128,2184,173,1,3572.22
7129,2069,320,4,839.44
7130,2075,215,1,2094.0
7131,4026,488,2,2067.73
7132,3259,268,3,2563.19
7133,3662,787,4,3294.07
7134,4575,300,2,878.11
7135,4649,55,1,965.21
7136,3867,225,3,3230.17
7137,3192,540,3,3231.69
7138,1314,511,4,191.2
7139,2192,720,5,2674.93
7140,5567,609,4,2622.33
7141,2312,427,3,3370.31
7142,2868,585,4,1194.65
7143,3184,87,5,804.38
7144,4767,782,3,2378.3
7145,3086,323,1,36.67
7146,4827,14,3,3685.95
7147,2316,484,3,2731.39
7148,5182,131,3,3739.04
7149,154,544,5,2884.1
7150,782,416,5,1138.98
7151,147,38,1,304.56
7152,4754,27,3,1622.12
7153,2910,620,3,3390.84
7154,2695,248,1,1352.69
7155,5828,791,3,1966.44
7156,4889,211,1,1376.57
7157,3089,57,3,273.28
7158,1659,529,1,2933.61
7159,3319,11,5,2200.45
7160,3728,760,2,1141.13
7161,4908,212,1,3242.23
7162,3577,344,2,1577.52
7163,4166,225,1,436.24
7164,592,25,1,1161.52
7165,4078,798,4,3783.6
7166,4255,411,3,875.1
7167,5138,537,1,2057.65
7168,5308,29,1,1800.62
7169,1579,457,2,3708.99
7170,1742,372,4,2217.77
7171,32,316,5,2579.94
7172,566,305,2,350.43
7173,1528,751,4,3160.27
7174,915,107,3,1992.17
7175,3198,193,3,3364.04
7176,4445,509,2,3192.02
7177,4695,33,4,3160.32
7178,5430,780,4,713.07
7179,597,534,3,1965.55
7180,2145,471,1,4010.91
7181,4181,114,5,1381.57
7182,3241,763,5,2312.62
7183,339,133,1,1481.01
7184,796,402,4,651.1
7185,4507,271,3,1414.84
7186,5809,72,4,3937.06
7187,1529,224,1,2357.81
7188,5623,565,4,2541.82
7189,1367,475,3,2448.51
7190,4897,230,4,1128.67
7191,1802,611,2,1958.98
7192,3400,168,2,1152.79
7193,1243,406,3,1681.56
7194,5356,609,5,651.39
7195,558,240,1,935.1
7196,607,437,3,1006.83
7197,5682,665,4,1713.83
7198,3552,14,2,1472.38
7199,3754,264,5,3715.8
7200,3629,572,1,1263.84
7201,3622,262,1,169.94
7202,179,588,5,1145.02
7203,4860,604,5,3368.17
7204,2341,699,5,2592.96
7205,2819,428,4,3153.86
7206,4906,115,5,3233.51
7207,3986,92,2,1181.02
7208,1769,323,2,2764.75
7209,3672,794,5,2557.65
7210,4573,208,5,4184.25
7211,4545,332,5,612.46
7212,5584,296,2,2694.26
7213,4013,333,4,1528.05
7214,1516,720,5,2641.47
7215,2321,744,3,1555.43
7216,3415,381,1,3189.7
7217,1362,208,1,222.91
7218,3424,691,4,1898.77
7219,4412,575,1,1610.83
7220,3358,317,4,3130.17
7221,3055,636,4,3480.95
7222,2756,658,4,2454.13
7223,5242,359,1,329.62
7224,3235,161,2,3971.57
7225,1488,474,1,3585.46
7226,1014,141,2,2345.38
7227,5171,450,4,3333.13
7228,5301,789,1,894.69
7229,19,511,2,1847.89
7230,5938,463,1,1379.39
7231,194,289,5,1867.48
7232,3750,592,3,1504.9
7233,4596,63,4,824.88
7234,2826,427,1,2115.7
7235,4084,144,4,157.31
7236,302,773,1,1001.79
7237,5455,23,1,2007.28
7238,258,561,3,2868.07
7239,507,278,3,2991.17
7240,5349,737,3,240.57
7241,4226,262,3,2525.32
7242,4512,339,2,1905.84
7243,4070,61,2,4136.49
7244,3147,31,2,3045.48
7245,1013,332,2,3226.24
7246,1913,577,2,1331.62
7247,4367,307,5,1823.86
7248,3284,313,2,3045.75
7249,4357,784,1,1996.29
7250,2764,550,5,2558.38
7251,2167,289,5,1352.96
7252,1846,369,4,4172.09
7253,1897,195,5,3500.45
7254,5571,104,2,1727.7
7255,4691,344,3,546.35
7256,1669,660,3,401.92
7257,2002,54,1,2482.72
7258,2763,768,3,2301.44
7259,4908,777,4,2525.8
7260,3645,160,3,3144.27
7261,1729,308,4,1362.22
7262,3154,558,2,1881.43
7263,590,309,2,3308.6
7264,1919,356,2,3986.88
7265,2160,119,3,1638.8
7266,3446,796,5,927.83
7267,2639,65,2,2158.8
7268,5993,57,5,1042.01
7269,3266,190,3,4012.7
7270,5091,428,5,2075.31
7271,1015,448,5,4025.51
7272,3663,465,2,2043.65
7273,2344,373,2,82.75
7274,2211,698,3,2632.3
7275,1227,508,5,2207.37
7276,633,619,4,306.03
7277,3966,331,3,448.95
7278,4821,143,5,3939.56
7279,698,755,2,1965.06
7280,5370,199,4,322.57
7281,2910,706,3,885.0
7282,1911,652,1,1110.09
7283,2569,793,5,3783.48
7284,5467,728,3,2971.82
7285,5522,310,4,1770.62
7286,1457,727,3,421.34
7287,4472,566,3,4000.5
7288,5236,24,2,3232.55
7289,177,308,3,679.84
7290,2648,573,3,226.84
7291,1882,333,5,2310.44
7292,2403,395,2,2656.59
7293,2673,527,4,166.02
7294,123,500,3,1531.18
7295,504,493,1,3388.65
7296,5461,740,4,2658.6
7297,2040,466,4,1233.17
7298,4641,218,4,3544.28
7299,4634,238,5,901.66
7300,820,412,4,2054.82
7301,4241,749,4,509.78
7302,700,146,4,3599.29
7303,4767,525,4,664.13
7304,3667,614,4,1849.36
7305,744,466,2,1625.56
7306,2218,32,5,1613.3
7307,4831,455,1,159.27
7308,5486,477,4,1437.16
7309,2886,297,3,3573.73
7310,5062,723,5,2518.96
7311,4821,576,3,2265.45
7312,1961,80,2,2001.44
7313,5711,373,4,2456.38
7314,4534,568,5,3501.05
7315,250,643,2,2053.99
7316,4794,542,3,853.51
7317,1383,320,4,3985.15
7318,2056,465,5,1420.97
7319,18,247,5,2641.9
7320,610,380,1,2634.83
7321,4677,173,1,4068.62
7322,4112,114,3,3740.78
7323,2955,232,2,770.79
7324,3797,591,4,65.87
7325,4765,607,2,3394.86
7326,53,493,5,3350.93
7327,4662,317,4,3287.49
7328,5756,440,5,3438.35
7329,2826,405,4,4043.62
7330,3837,452,2,94.71
7331,3869,771,1,3402.49
7332,5815,771,2,1131.06
7333,3012,126,3,1271.45
7334,3465,68,4,3380.14
7335,483,482,4,2089.21
7336,709,153,4,528.17
7337,1666,302,3,493.63
7338,3284,452,3,895.87
7339,5762,669,1,3365.0
7340,5359,58,3,1948.92
7341,1823,358,2,641.29
7342,1193,129,3,978.31
7343,5979,408,5,741.5
7344,269,641,5,3939.54
7345,2860,487,5,2204.35
7346,4352,485,4,1553.27
7347,651,568,4,2372.55
7348,3922,741,5,2347.43
7349,3490,444,3,163.95
7350,1569,741,2,3584.33
7351,2563,256,5,1243.56
7352,795,651,4,3677.19
7353,4954,604,5,3490.93
7354,4518,445,2,2887.36
7355,5134,438,4,3390.45
7356,2411,508,1,3620.26
7357,892,265,3,3466.28
7358,4577,81,4,1825.7
7359,3836,400,2,278.85
7360,5647,136,4,966.31
7361,4712,248,4,1240.18
7362,4783,194,5,3956.72
7363,2119,529,1,3066.43
7364,2946,199,4,2188.07
7365,3198,610,1,1770.73
7366,2192,775,3,3597.21
7367,179,34,5,1868.91
7368,3063,473,4,776.63
7369,3268,672,1,1531.4
7370,5236,464,2,3868.25
7371,256,392,1,589.8
7372,4841,449,3,3864.38
7373,3773,665,5,4115.51
7374,1715,488,4,3059.68
7375,635,552,3,2086.84
7376,5983,487,5,1325.94
7377,265,477,3,2739.91
7378,5353,721,1,2743.06
7379,2027,139,2,1132.86
7380,5558,503,5,1195.78
7381,4134,469,3,2905.3
7382,4892,61,4,2947.97
7383,3994,400,5,4012.93
7384,581,360,4,2514.81
7385,477,567,2,90.37
7386,2807,240,3,2415.12
7387,4367,425,2,2034.58
7388,4770,342,1,3882.0
7389,2072,137,3,3507.91
7390,66,173,3,2779.97
7391,2128,205,5,1830.3
7392,4708,387,3,1164.83
7393,4725,260,3,2248.73
7394,838,401,3,3978.06
7395,5847,619,5,1548.92
7396,670,301,3,1971.73
7397,641,746,1,1753.84
7398,2750,110,3,2230.95
7399,1844,331,3,693.14
7400,3278,79,2,2952.17
7401,1394,418,1,1526.69
7402,1804,135,3,97.72
7403,4389,317,4,2909.03
7404,2163,316,5,3375.86
7405,635,287,3,1201.71
7406,4439,303,2,3725.77
7407,2929,280,2,780.34
7408,4626,586,5,4184.69
7409,5312,257,1,1758.77
7410,5715,137,3,64.89
7411,190,28,5,58.93
7412,3031,286,4,2285.8
7413,5533,784,4,1004.4
7414,5403,81,2,1778.41
7415,2595,275,3,2037.23
7416,5844,786,3,852.75
7417,1770,150,1,1895.19
7418,3303,645,4,1408.22
7419,6000,17,3,3525.58
7420,4794,535,3,1353.53
7421,3481,422,4,3896.22
7422,1382,279,5,929.18
7423,4251,604,1,4055.56
7424,1076,17,4,2425.61
7425,5756,284,1,3510.63
7426,787,521,1,64.59
7427,3528,80,1,879.35
7428,1577,55,1,2249.57
7429,1352,606,4,4123.96
7430,1175,693,3,1879.5
7431,2490,776,1,2615.5
7432,2987,604,2,1565.22
7433,1381,74,1,3430.97
7434,668,579,3,3632.6
7435,5496,40,3,916.98
7436,3489,243,2,2472.42
7437,2718,581,1,1295.09
7438,2720,435,4,798.16
7439,4001,222,3,994.88
7440,148,640,1,4144.57
7441,4129,400,5,3373.06
7442,4229,526,1,3823.09
7443,3800,660,2,3426.43
7444,4778,695,4,1328.1
7445,5429,785,5,1908.95
7446,3207,204,5,1440.63
7447,5121,480,4,2963.08
7448,391,239,2,2547.11
7449,4272,284,2,1644.92
7450,4280,711,3,3706.79
7451,171,162,2,4167.19
7452,4244,504,1,3414.05
7453,2424,300,1,2635.49
7454,2,243,4,3024.37
7455,124,434,5,2704.37
7456,1394,665,1,1856.25
7457,222,16,4,3158.58
7458,2913,609,3,2061.87
7459,5319,651,1,807.39
7460,5666,248,2,3751.98
7461,1752,739,1,2029.92
7462,4082,585,4,2416.46
7463,3573,632,4,239.42
7464,1446,127,4,3726.45
7465,5030,363,4,4180.77
7466,4884,42,1,401.93
7467,5096,290,1,2314.27
7468,2799,176,1,3170.96
7469,1368,350,1,3708.11
7470,3195,511,1,3071.0
7471,209,718,2,442.25
7472,428,308,4,3421.07
7473,3067,585,4,3447.02
7474,4172,672,4,2515.78
7475,3379,797,4,3337.21
7476,2854,646,1,4184.75
7477,3436,505,5,2455.03
7478,1885,577,5,3873.45
7479,2083,770,4,3847.64
7480,2720,644,2,2793.2
7481,5169,594,4,1564.88
7482,5654,32,4,1665.96
7483,4281,68,2,4153.59
7484,4067,18,1,3708.64
7485,2790,476,1,3958.22
7486,4759,117,4,3386.19
7487,4687,105,3,2831.61
7488,4706,180,1,100.79
7489,4759,6,4,1454.65
7490,4953,87,4,1444.46
7491,4733,505,4,820.13
7492,4895,651,3,3434.24
7493,537,241,2,2224.91
7494,3788,617,2,517.07
7495,2017,319,3,2482.18
7496,722,435,1,1100.14
7497,709,459,1,2447.7
7498,5902,40,3,4054.77
7499,1650,118,3,649.23
7500,2803,607,3,1802.86
7501,4602,520,3,3959.45
7502,2549,160,5,854.76
7503,1413,578,3,415.36
7504,907,170,5,1899.65
7505,2440,154,4,3920.49
7506,1315,431,1,2709.11
7507,4001,31,1,2531.04
7508,1864,345,2,1133.5
7509,4258,153,4,4184.16
7510,3317,778,2,1690.02
7511,1788,748,2,2572.89
7512,2521,261,2,3473.98
7513,5814,121,3,1324.35
7514,3596,798,4,2364.21
7515,1635,277,2,2401.52
7516,5689,156,1,263.0
7517,422,199,3,1498.99
7518,1235,623,1,3583.62
7519,723,444,5,3160.76
7520,4923,1,4,3027.4
7521,1077,605,1,649.62
7522,997,699,3,845.4
7523,1935,777,4,1145.44
7524,5684,631,3,2646.07
7525,1161,240,3,2509.4
7526,3030,156,4,3555.33
7527,967,545,3,3805.36
7528,3633,186,3,533.77
7529,4316,571,3,1304.07
7530,3774,424,5,3042.58
7531,2350,172,2,2787.19
7532,4241,61,2,1729.05
7533,2321,598,1,385.61
7534,2253,90,3,980.44
7535,1266,719,1,2276.21
7536,214,153,1,2308.26
7537,4083,572,3,3780.94
7538,895,118,3,2100.0
7539,4352,491,3,1252.06
7540,4413,81,1,4191.92
7541,4731,692,2,2339.97
7542,4333,632,5,1819.69
7543,2918,690,5,4114.93
7544,3724,370,3,3297.6
7545,5454,258,2,1627.35
7546,2086,410,3,1214.24
7547,3795,209,3,857.69
7548,3586,787,2,1321.32
7549,3534,755,2,905.5
7550,4872,458,4,264.33
7551,703,412,1,2879.62
7552,5844,522,1,591.77
7553,2112,29,5,441.91
7554,3813,293,3,999.26
7555,3170,58,1,1527.62
7556,2224,211,1,2665.17
7557,3977,194,2,531.79
7558,231,344,3,278.0
7559,5361,200,4,2346.92
7560,5507,153,2,887.37
7561,2295,618,3,2459.26
7562,4910,128,5,3124.94
7563,5877,683,3,2804.21
7564,551,209,2,2324.53
7565,637,197,5,198.42
7566,1907,228,2,3068.28
7567,1761,120,2,3598.67
7568,777,56,3,34.24
7569,2287,411,1,2513.15
7570,1897,519,2,325.98
7571,447,367,3,798.62
7572,868,296,4,3249.07
7573,1472,413,2,1134.28
7574,4634,338,3,4032.97
7575,3342,454,3,2815.77
7576,632,71,1,1902.89
7577,1320,781,2,3643.93
7578,1702,633,1,1522.72
7579,3520,562,1,1857.96
7580,170,358,1,728.09
7581,5052,233,3,1816.27
7582,5602,1,4,3282.61
7583,3451,26,3,3810.03
7584,448,798,3,3025.9
7585,3761,787,5,3273.18
7586,3007,148,1,1446.36
7587,1203,360,2,1863.34
7588,1582,436,4,1863.45
7589,2641,681,3,420.07
7590,1519,1,2,3247.05
7591,249,423,1,2572.78
7592,1251,539,2,1521.93
7593,746,362,3,3931.12
7594,3951,319,2,325.47
7595,1037,783,4,3871.02
7596,5928,599,3,214.75
7597,4365,99,4,1485.52
7598,1391,765,5,1357.74
7599,3852,564,3,2648.75
7600,5776,29,5,3751.79
7601,5136,440,1,2692.11
7602,3113,587,1,2529.13
7603,4944,693,1,4088.91
7604,3296,286,5,3930.0
7605,1317,296,2,4082.72
7606,35,248,1,872.01
7607,3185,81,2,314.57
7608,679,303,3,1358.67
7609,1375,162,1,1941.41
7610,683,428,4,3709.93
7611,2608,421,2,620.99
7612,5354,304,4,562.82
7613,5356,420,3,271.64
7614,2850,355,4,2177.1
7615,2355,608,1,3978.56
7616,3165,193,3,805.66
7617,5794,138,1,1694.1
7618,3828,216,2,2905.69
7619,1050,278,5,825.45
7620,512,286,5,3587.92
7621,1779,616,2,124.59
7622,5799,577,3,1035.32
7623,728,448,2,1502.54
7624,1436,141,3,3937.53
7625,1271,630,5,4140.24
7626,3295,776,3,1214.53
7627,2441,643,4,851.91
7628,4519,74,5,3514.07
7629,991,174,5,1884.55
7630,4029,371,5,1057.49
7631,2646,289,5,3853.79
7632,3372,531,2,1686.81
7633,2078,293,2,2213.52
7634,4873,561,3,1984.62
7635,3070,398,4,2944.37
7636,2716,419,5,1065.02
7637,5990,750,4,1471.77
7638,1555,781,5,1239.26
7639,4365,798,5,194.67
7640,4389,447,1,3104.62
7641,248,620,1,3991.14
7642,2955,662,1,1155.2
7643,3914,424,5,2155.35
7644,2110,567,3,1098.92
7645,2572,18,1,632.55
7646,5554,377,1,356.76
7647,1178,792,5,129.39
7648,1380,690,5,1680.64
7649,4996,293,4,3851.61
7650,5422,622,4,563.27
7651,336,647,4,1237.65
7652,4718,286,2,4164.61
7653,1088,499,4,2669.0
7654,3334,54,2,34.1
7655,92,720,4,4127.66
7656,3629,413,3,3371.91
7657,710,48,2,3334.37
7658,2698,638,2,1579.42
7659,1358,181,1,533.7
7660,4268,242,2,3962.9
7661,537,32,2,355.69
7662,1308,145,1,2896.78
7663,185,705,5,3926.74
7664,5095,643,5,3637.47
7665,2346,462,3,635.2
7666,3665,314,5,2180.37
7667,2246,106,5,2161.5
7668,2335,281,3,3870.19
7669,1269,791,4,3980.76
7670,4108,610,3,1803.46
7671,2478,234,2,16.09
7672,5776,176,5,200.92
7673,611,113,1,990.31
7674,2451,646,2,3495.6
7675,5058,58,4,1621.69
7676,3377,322,3,553.37
7677,5080,532,1,3394.48
7678,3971,128,5,2219.27
7679,1694,60,3,1141.27
7680,5976,75,4,3476.06
7681,1213,390,3,2055.09
7682,790,784,3,415.23
7683,5896,655,2,3005.79
7684,738,108,1,2161.06
7685,2697,481,4,269.58
7686,3231,549,5,1856.21
7687,4223,182,3,3057.82
7688,5005,638,2,332.0
7689,5481,29,2,793.8
7690,5315,64,5,2119.44
7691,836,490,4,2289.98
7692,1483,191,2,2188.71
7693,4906,241,2,3705.6
7694,5533,302,2,4198.88
7695,5599,66,5,4028.05
7696,699,712,3,3948.17
7697,5431,580,3,764.72
7698,5410,101,1,3200.16
7699,5487,154,3,368.97
7700,4704,72,5,3426.45
7701,4128,662,4,2108.25
7702,4702,628,1,3973.24
7703,1757,550,3,273.48
7704,204,671,4,1022.02
7705,2590,643,2,1443.65
7706,860,224,1,3284.76
7707,2915,751,5,3641.02
7708,3574,787,1,117.57
7709,1006,756,2,2161.91
7710,292,428,2,4033.64
7711,2717,108,1,3078.0
7712,4855,458,5,2131.03
7713,2138,13,1,1486.83
7714,590,371,2,1628.74
7715,3393,203,1,3101.18
7716,1187,495,5,2547.08
7717,4422,704,5,3939.44
7718,1246,41,1,3816.53
7719,625,320,4,428.13
7720,3996,106,3,3987.32
7721,5839,573,2,2409.36
7722,227,69,3,2376.3
7723,4097,86,4,507.37
7724,263,7,1,1518.51
7725,2649,540,4,2351.93
7726,1562,255,3,4188.72
7727,2650,755,4,4048.15
7728,5143,657,2,1083.27
7729,5054,381,2,2543.45
7730,5947,786,3,2480.16
7731,3247,242,3,3289.35
7732,5992,647,4,1203.89
7733,1836,667,3,2673.66
7734,5129,672,5,1530.99
7735,512,712,5,1209.86
7736,5942,6,2,3263.0
7737,4630,223,4,2706.57
7738,3208,674,5,741.09
7739,314,572,3,4107.68
7740,2424,230,5,2288.67
7741,5306,511,3,3245.11
7742,2476,186,3,4092.53
7743,1595,375,2,1702.48
7744,5601,570,4,3673.4
7745,5937,569,5,3754.77
7746,3313,333,4,2207.02
7747,4937,37,2,1363.54
7748,5958,526,4,3234.79
7749,3075,170,4,2971.87
7750,4962,737,2,3202.23
7751,268,642,5,3519.04
7752,1940,58,4,2551.64
7753,1583,636,2,3148.6
7754,3356,666,4,4036.18
7755,5442,581,3,523.84
7756,4428,24,2,1419.0
7757,1891,486,1,421.72
7758,328,85,5,4056.74
7759,3783,543,1,2570.08
7760,3859,176,5,2382.67
7761,1674,354,4,3447.03
7762,305,635,1,3610.26
7763,3655,113,5,1192.64
7764,1040,40,3,295.19
7765,959,570,5,866.34
7766,1715,462,2,2413.25
7767,4253,531,4,111.24
7768,5862,291,5,228.69
7769,4911,558,4,3664.65
7770,3425,10,1,733.84
7771,2168,650,1,2896.79
7772,3314,248,4,1912.59
7773,4960,105,1,3716.81
7774,3817,771,5,4095.51
7775,5189,186,4,1075.62
7776,2083,274,4,2468.26
7777,3805,46,3,669.15
7778,3100,273,2,2623.02
7779,2773,690,4,2094.98
7780,1971,677,3,4163.06
7781,396,751,2,446.12
7782,4873,375,3,3546.07
7783,5974,275,4,1152.11
7784,515,660,5,1512.83
7785,217,194,2,2654.43
7786,1238,312,4,2290.44
7787,4556,639,3,276.61
7788,4473,125,2,1641.39
7789,76,524,1,4046.88
7790,1942,742,3,2687.6
7791,341,389,5,3950.24
7792,2107,172,2,3976.16
7793,4777,500,1,1193.52
7794,785,79,5,3474.27
7795,5381,436,1,3873.9
7796,2184,511,4,2628.5
7797,1896,681,2,3552.87
7798,5367,49,4,2560.18
7799,1498,610,2,2015.58
7800,631,589,3,2773.91
7801,5075,62,3,1065.47
7802,2002,560,2,1243.02
7803,1879,188,5,1562.82
7804,2135,204,4,4154.18
7805,731,538,5,3581.49
7806,404,572,1,1358.26
7807,5320,369,5,2213.03
7808,1293,674,2,309.6
7809,918,219,3,1873.54
7810,5173,290,2,2315.05
7811,2399,142,4,1200.72
7812,2544,513,4,3683.19
7813,1998,790,2,1017.47
7814,3996,381,2,3066.2
7815,3411,232,1,3769.64
7816,1407,567,2,2333.72
7817,55,148,1,3790.56
7818,1345,580,1,2591.79
7819,96,230,5,2190.97
7820,2556,633,1,453.13
7821,4175,736,1,2796.49
7822,3364,454,2,1951.53
7823,1220,795,4,3741.15
7824,4071,775,2,2316.23
7825,1518,406,3,2941.2
7826,5740,256,1,1808.16
7827,1142,271,1,750.39
7828,3743,588,4,541.19
7829,2873,204,1,2005.38
7830,3344,503,1,1288.06
7831,2532,225,2,99.62
7832,1255,366,4,37.29
7833,5844,290,3,3334.98
7834,4009,170,1,1733.19
7835,4246,791,1,1865.29
7836,5945,159,2,78.77
7837,5550,625,1,553.92
7838,3858,567,4,3249.4
7839,1563,770,4,3450.83
7840,4707,292,5,1943.39
7841,1148,74,3,3138.85
7842,273,676,5,754.83
7843,2394,54,5,2386.08
7844,3655,106,5,445.92
7845,2754,47,2,1996.52
7846,5857,326,1,4121.55
7847,1696,649,4,937.83
7848,17,80,5,2056.11
7849,519,712,5,343.74
7850,4984,523,4,3239.01
7851,1533,287,1,2210.6
7852,1695,194,5,2461.84
7853,701,507,5,2519.58
7854,4497,75,5,1388.6
7855,5189,779,2,223.01
7856,1987,109,3,492.89
7857,3682,147,5,3853.1
7858,1914,782,1,2069.98
7859,65,442,4,3490.33
7860,971,97,4,2937.22
7861,5795,138,3,2892.81
7862,1546,335,4,466.84
7863,3960,580,5,2736.0
7864,4531,784,5,3422.2
7865,4797,319,5,2507.45
7866,4263,240,1,81.72
7867,3285,235,1,4193.06
7868,650,9,5,528.72
7869,2464,278,3,95.72
7870,1143,98,2,1128.46
7871,395,617,2,2964.39
7872,390,432,4,3021.95
7873,1632,705,5,817.14
7874,3362,769,2,1449.53
7875,733,492,2,3891.99
7876,721,11,4,2139.41
7877,2939,328,2,2580.26
7878,2567,128,2,3268.55
7879,4022,179,5,1390.87
7880,3168,16,2,3269.94
7881,4219,350,5,328.28
7882,3321,257,5,2868.62
7883,1128,284,1,1905.39
7884,276,753,5,2087.73
7885,2646,793,5,540.68
7886,5143,444,3,3952.64
7887,4869,163,4,1152.46
7888,3143,153,3,1367.14
7889,3179,174,5,810.53
7890,4502,242,4,3903.33
7891,4344,612,4,1918.74
7892,2554,257,4,2768.09
7893,4572,212,2,1933.68
7894,433,364,3,2329.48
7895,4629,711,5,1970.73
7896,2777,667,3,2196.95
7897,5919,598,2,4160.52
7898,5471,473,5,1637.29
7899,4042,119,4,841.77
7900,4390,496,1,71.82
7901,5107,431,1,2255.89
7902,5812,190,3,815.27
7903,5972,583,5,989.13
7904,3761,389,4,1120.39
7905,1523,364,2,1134.77
7906,1033,47,2,3566.8
7907,5272,709,1,1566.86
7908,4631,242,3,1777.07
7909,4543,72,4,2510.79
7910,5935,234,2,1076.55
7911,4340,302,2,3409.38
7912,5103,30,2,997.99
7913,1926,429,3,4087.75
7914,4824,242,2,3005.78
7915,3445,375,5,1266.69
7916,1175,796,1,2001.07
7917,4680,657,4,1752.59
7918,698,291,4,3164.02
7919,1040,502,3,2876.7
7920,1307,477,1,3873.79
7921,607,723,2,1792.9
7922,3888,30,2,545.56
7923,1939,780,4,1989.3
7924,1525,187,3,1022.47
7925,4842,491,4,622.82
7926,448,739,3,91.31
7927,1512,67,2,3525.89
7928,4782,161,2,3843.71
7929,1310,288,1,1234.39
7930,1795,28,3,1101.71
7931,131,670,5,1745.58
7932,1301,146,1,1603.16
7933,5194,471,2,1948.03
7934,1235,35,4,3666.84
7935,2735,30,3,1754.1
7936,3240,518,1,2539.11
7937,5132,572,1,2075.79
7938,3361,794,3,1675.67
7939,232,674,4,2023.42
7940,5938,737,2,3624.07
7941,4330,636,5,2652.76
7942,3976,720,3,815.87
7943,3378,202,2,3989.27
7944,1454,618,2,424.35
7945,3941,120,4,1762.14
7946,1374,456,2,1306.75
7947,777,191,3,3191.5
7948,2199,770,1,1716.66
7949,333,298,2,1121.26
7950,363,161,2,2596.14
7951,4727,464,2,831.64
7952,1872,455,5,1108.58
7953,213,76,3,239.44
7954,5887,228,3,157.18
7955,1163,380,2,2792.25
7956,5372,544,1,3461.74
7957,1579,86,2,2066.32
7958,2042,153,4,4096.21
7959,5040,251,1,2925.88
7960,1943,324,4,642.37
7961,3120,482,2,3277.65
7962,2677,288,4,2242.76
7963,4330,504,3,1152.24
7964,2793,267,4,1076.49
7965,3983,144,1,2383.9
7966,3969,48,4,2994.45
7967,3803,189,3,1187.95
7968,1962,192,4,3699.75
7969,1188,303,2,1866.22
7970,4252,642,1,1699.75
7971,2609,594,4,2225.28
7972,5345,174,5,1501.28
7973,5287,76,1,1034.11
7974,3896,628,2,4043.63
7975,4146,663,1,2799.82
7976,2937,660,4,3161.42
7977,5847,123,2,3994.95
7978,3489,519,1,342.72
7979,5432,716,5,3750.06
7980,1961,494,5,1608.67
7981,5351,332,2,440.13
7982,1076,585,3,3853.38
7983,4583,603,3,1545.85
7984,1930,722,3,464.53
7985,5605,627,2,3818.64
7986,3187,693,2,3291.22
7987,4284,609,4,877.29
7988,5359,551,1,1741.99
7989,1878,302,4,2691.92
7990,724,487,2,2359.45
7991,1289,524,1,2675.14
7992,1855,570,3,2480.04
7993,2046,652,4,2766.78
7994,2581,238,4,2699.96
7995,3983,492,3,973.94
7996,3480,35,5,4070.27
7997,2008,91,4,1212.76
7998,1812,150,3,3933.6
7999,4953,755,2,2591.94
8000,4871,401,2,3876.03
8001,2559,712,1,2700.65
8002,1363,293,1,2430.43
8003,1167,304,1,2292.08
8004,3654,208,1,2053.81
8005,5516,441,1,2156.15
8006,600,46,3,3040.82
8007,4941,458,4,2992.54
8008,2785,357,1,4102.06
8009,4864,285,2,3575.44
8010,5466,429,4,2497.34
8011,634,36,1,1756.29
8012,1286,32,2,2151.53
8013,3911,73,1,3636.59
8014,1446,573,1,2651.43
8015,4246,545,4,1752.7
8016,4532,656,5,1274.58
8017,3829,626,5,2153.7
8018,3996,119,4,3747.77
8019,1067,675,5,46.4
8020,1299,447,3,2271.69
8021,3426,728,2,3823.81
8022,3119,93,1,2390.15
8023,5679,526,5,2235.23
8024,5364,18,5,1326.63
8025,969,528,5,1547.57
8026,5847,356,5,1333.92
8027,4654,637,2,1914.15
8028,2736,759,3,2267.43
8029,4321,629,2,2787.68
8030,5778,659,3,868.38
8031,160,601,3,810.57
8032,5627,667,5,644.67
8033,1091,560,5,3823.91
8034,46,548,5,3907.02
8035,2326,569,1,3604.97
8036,3384,622,5,3038.61
8037,258,386,3,919.42
8038,1484,714,2,838.77
8039,5125,230,5,2967.26
8040,3576,465,2,2324.98
8041,2861,587,2,1298.07
8042,855,214,2,1796.63
8043,5001,24,1,2474.29
8044,81,112,4,1754.49
8045,36,579,1,3708.81
8046,2533,678,4,3233.05
8047,5633,1,1,3214.82
8048,2393,584,3,1813.89
8049,959,265,5,2459.53
8050,5107,38,4,597.98
8051,883,751,2,339.69
8052,2345,698,1,3825.45
8053,179,766,2,1018.84
8054,2474,389,1,2722.55
8055,5221,503,4,805.02
8056,861,328,4,2209.4
8057,5578,403,4,302.91
8058,4889,544,4,3018.36
8059,2886,605,1,1987.37
8060,2392,45,3,3356.21
8061,558,7,2,439.56
8062,228,650,2,1787.63
8063,3557,675,4,730.83
8064,5254,745,1,2105.01
8065,557,496,3,2114.7
8066,4535,391,1,2720.18
8067,2785,143,2,3429.13
8068,3462,123,1,776.12
8069,2607,90,1,741.62
8070,5153,348,3,2276.59
8071,1377,748,3,952.56
8072,890,599,5,4031.02
8073,1412,94,1,2497.02
8074,3327,261,3,3116.27
8075,2613,124,1,2289.31
8076,2007,105,3,261.93
8077,2775,83,5,549.48
8078,5530,583,2,1511.46
8079,1180,642,3,1418.9
8080,120,626,3,3085.32
8081,5030,749,5,81.65
8082,2832,789,1,2033.6
8083,3938,10,3,1497.32
8084,3521,204,5,2511.92
8085,411,696,3,3871.98
8086,1927,457,2,3805.56
8087,5004,570,3,993.34
8088,1998,508,2,3211.64
8089,4079,605,1,3677.01
8090,4030,496,2,2257.0
8091,4317,648,5,2523.26
8092,182,292,5,1202.05
8093,2613,328,2,3569.12
8094,114,799,4,960.1
8095,1475,155,1,1028.92
8096,4230,649,2,2833.5
8097,1019,392,2,1380.41
8098,1865,464,5,498.19
8099,4252,337,3,610.05
8100,4094,683,3,3475.48
8101,183,719,4,3950.32
8102,2614,184,3,3468.63
8103,3715,643,3,81.96
8104,5627,127,3,1874.65
8105,3322,332,3,149.52
8106,2113,655,3,1538.76
8107,4917,600,5,3227.46
8108,4342,246,1,3668.47
8109,2920,700,3,1237.77
8110,3843,277,3,3129.98
8111,1344,196,3,2800.04
8112,436,348,5,482.9
8113,1674,326,2,3223.8
8114,4558,475,5,1634.19
8115,5180,214,2,225.06
8116,2419,700,3,1313.36
8117,3585,783,5,3341.98
8118,1930,787,4,2337.55
8119,143,89,2,3547.0
8120,5632,112,5,818.79
8121,1682,301,3,880.24
8122,1955,742,2,3829.81
8123,5864,604,4,13.45
8124,3985,491,2,2983.44
8125,1447,743,4,2531.81
8126,4864,594,4,3637.65
8127,2420,668,2,1449.51
8128,3773,434,4,1842.9
8129,1227,209,2,3836.24
8130,4190,568,2,391.95
8131,5539,448,1,702.7
8132,5545,307,5,2099.34
8133,1171,670,5,235.27
8134,3333,511,3,3173.87
8135,3373,714,1,859.6
8136,246,70,5,977.3
8137,1767,290,1,1600.55
8138,5982,78,3,1717.82
8139,3834,778,3,1018.32
8140,5580,141,1,2148.31
8141,4488,687,1,656.18
8142,1338,727,4,2965.86
8143,1214,403,3,3597.37
8144,4361,246,5,3007.8
8145,2214,93,4,2977.1
8146,1946,233,2,1718.98
8147,4563,643,1,2898.53
8148,5040,699,3,779.29
8149,4120,135,1,82.76
8150,2927,742,1,3130.5
8151,5618,258,5,335.93
8152,4636,777,2,2984.21
8153,4511,267,1,2353.24
8154,1213,38,2,3900.79
8155,3550,774,3,2618.03
8156,4800,530,4,3085.48
8157,91,39,2,2954.41
8158,4758,476,2,3182.7
8159,1521,490,2,4042.37
8160,5651,385,4,1810.83
8161,2473,757,5,3958.24
8162,1643,439,2,434.17
8163,2600,463,1,4070.38
8164,3551,194,1,2609.2
8165,3215,105,2,3096.97
8166,5114,48,3,340.52
8167,5988,324,5,133.94
8168,4976,782,5,1078.75
8169,3520,574,4,984.33
8170,5308,84,3,967.17
8171,1589,118,3,2585.67
8172,1727,557,4,983.9
8173,2422,89,1,3343.39
8174,5229,517,4,2042.58
8175,1524,590,4,3766.71
8176,5129,347,3,1638.4
8177,3680,551,2,3389.01
8178,1075,150,3,639.63
8179,1903,284,4,1023.08
8180,3155,746,1,2242.53
8181,5817,52,2,3808.57
8182,2518,734,3,957.89
8183,750,129,1,747.43
8184,927,632,3,1557.34
8185,5152,710,5,3579.68
8186,5369,22,4,2263.46
8187,5403,615,4,2805.48
8188,1381,369,3,1828.43
8189,2506,566,3,2518.69
8190,64,335,3,3241.57
8191,2751,277,5,1278.56
8192,2603,673,1,3280.11
8193,4609,48,4,2609.68
8194,3011,152,4,4050.7
8195,3862,687,1,894.15
8196,3226,584,3,2387.55
8197,4924,15,2,937.07
8198,1805,751,2,1172.51
8199,572,472,2,951.06
8200,5513,445,5,1541.38
8201,3648,146,1,1169.72
8202,3660,615,1,2872.49
8203,2703,698,1,327.27
8204,3549,595,2,4104.65
8205,3900,666,3,657.74
8206,2050,355,5,829.33
8207,3860,778,1,3659.98
8208,1774,565,3,356.41
8209,5423,437,2,4129.57
8210,1974,761,2,1414.4
8211,3271,603,2,2054.56
8212,3150,378,3,3923.73
8213,5676,45,2,2274.24
8214,5860,37,3,1978.89
8215,4421,779,3,4111.37
8216,2240,243,2,146.67
8217,4598,80,5,3695.94
8218,20,228,2,530.59
8219,4713,79,2,557.03
8220,5109,577,3,3708.5
8221,4896,538,3,2015.79
8222,346,404,5,1270.78
8223,891,374,5,852.2
8224,16,133,4,200.6
8225,2420,726,4,123.9
8226,5160,5,3,3024.24
8227,3162,141,5,882.35
8228,1223,385,3,1320.15
8229,5783,728,1,491.33
8230,5576,146,3,3960.26
8231,4066,111,2,3564.43
8232,5987,628,1,3258.83
8233,3018,48,5,285.36
8234,2559,715,1,1599.14
8235,5917,82,2,2941.39
8236,5125,164,5,3918.87
8237,5777,131,2,1127.54
8238,4253,742,1,2927.41
8239,3929,768,5,1904.56
8240,2808,394,2,2584.83
8241,1215,191,1,2841.74
8242,5183,411,1,3140.35
8243,1223,75,4,2994.77
8244,4925,194,5,1388.94
8245,1070,789,4,1109.8
8246,5848,735,1,1632.53
8247,4085,509,5,3950.02
8248,530,738,2,2604.48
8249,2665,682,4,1461.74
8250,3618,314,2,1271.7
8251,3235,509,1,2242.92
8252,147,199,5,1275.2
8253,5900,630,3,2116.74
8254,4733,62,4,1987.09
8255,4154,114,5,4042.26
8256,4784,369,1,907.75
8257,1057,136,2,3993.72
8258,279,566,3,1571.44
8259,4982,141,4,71.44
8260,1119,587,2,2296.68
8261,268,40,5,1442.03
8262,4452,184,2,2715.99
8263,5987,140,2,3007.93
8264,2490,435,2,1242.13
8265,2128,571,3,3193.14
8266,1520,725,1,3403.82
8267,1254,468,1,4110.95
8268,4268,640,5,1633.62
8269,215,120,4,3089.62
8270,4055,272,1,2032.84
8271,4245,69,4,3979.82
8272,2576,195,2,3361.14
8273,1216,393,2,1339.13
8274,1087,499,5,1538.24
8275,1615,64,2,971.86
8276,4346,48,3,2648.36
8277,5869,443,1,2967.97
8278,5145,473,2,3653.13
8279,1516,582,5,3331.64
8280,2953,467,2,2398.56
8281,5988,759,3,201.29
8282,4512,299,1,3370.59
8283,2507,316,1,3848.03
8284,4216,588,5,2233.97
8285,150,260,2,3472.68
8286,1086,367,4,2094.17
8287,5105,227,5,729.81
8288,884,177,1,2211.72
8289,4813,100,2,456.76
8290,862,419,1,564.66
8291,4923,658,4,12.62
8292,4267,523,4,3977.04
8293,4613,556,3,856.72
8294,5475,57,1,1290.11
8295,2688,436,1,424.59
8296,1640,548,3,2444.11
8297,867,593,4,2764.66
8298,2992,581,1,1519.11
8299,4966,172,4,724.15
8300,3633,698,4,3301.18
8301,4944,577,3,3787.32
8302,3738,21,4,1221.52
8303,2833,657,4,3180.51
8304,1671,735,3,2007.07
8305,892,70,5,2072.96
8306,499,59,5,999.87
8307,2548,645,2,3981.54
8308,137,313,5,3913.11
8309,1929,428,5,4034.73
8310,2823,661,4,3453.76
8311,4480,598,5,3978.39
8312,4547,288,5,1436.4
8313,1597,160,5,123.71
8314,4545,481,2,3380.86
8315,4787,67,5,1456.66
8316,1824,474,3,472.32
8317,5857,791,1,3365.88
8318,457,603,1,3037.31
8319,2319,190,4,2033.93
8320,6,164,2,893.5
8321,182,494,2,721.05
8322,3003,637,1,1856.58
8323,4639,554,2,3358.8
8324,71,109,1,696.06
8325,3933,82,4,2025.46
8326,751,547,1,3611.66
8327,4165,474,1,445.25
8328,883,521,5,179.77
8329,5656,89,3,3519.6
8330,5363,645,2,651.19
8331,4022,332,1,2353.96
8332,5751,402,4,3860.35
8333,3501,65,5,1237.11
8334,821,504,1,3988.61
8335,395,16,2,2627.68
8336,1914,462,2,1645.58
8337,5702,781,1,200.68
8338,5723,548,4,1267.96
8339,2806,446,4,3451.57
8340,5939,748,1,605.69
8341,4568,92,3,2985.87
8342,3237,426,1,706.51
8343,1266,688,2,416.77
8344,1001,29,4,1111.74
8345,1967,25,3,1884.18
8346,3528,230,3,2109.53
8347,1804,325,3,142.46
8348,3575,515,4,1257.59
8349,2566,406,3,3480.17
8350,5315,737,1,1670.04
8351,4763,333,1,2467.55
8352,2559,578,1,3616.98
8353,3729,666,4,3969.96
8354,505,615,5,3074.42
8355,2031,419,1,2944.94
8356,3713,655,3,18.08
8357,5104,395,4,3170.12
8358,5929,459,3,1765.86
8359,5120,601,4,1000.98
8360,4007,11,1,1919.49
8361,3451,715,5,1293.66
8362,1580,130,2,1702.85
8363,2205,176,5,390.62
8364,1222,734,5,1406.12
8365,2437,345,3,1016.44
8366,2974,37,1,3563.47
8367,1975,453,1,2478.6
8368,2599,208,3,2307.99
8369,2628,592,5,2780.13
8370,1423,359,2,1833.75
8371,3759,199,4,2697.88
8372,3344,397,5,1839.18
8373,4599,581,4,1358.48
8374,2216,225,3,3754.13
8375,5633,509,3,3202.3
8376,5351,662,3,2013.3
8377,4360,496,3,2632.43
8378,4994,168,1,3579.21
8379,4699,100,1,3572.82
8380,2157,622,3,1156.54
8381,5286,763,1,663.7
8382,220,289,1,2026.07
8383,2662,94,5,3107.61
8384,5748,671,4,644.18
8385,3810,491,4,2131.47
8386,2108,63,5,3642.6
8387,32,18,5,1594.19
8388,1956,616,4,1489.76
8389,2923,9,3,2933.32
8390,1691,771,4,1684.08
8391,3464,603,5,1315.51
8392,4381,429,2,3853.49
8393,5284,705,4,3036.23
8394,5822,252,3,128.14
8395,2993,603,5,16.95
8396,3104,48,2,538.48
8397,1995,407,2,2982.6
8398,3292,354,1,3785.41
8399,440,361,3,1029.94
8400,4243,399,5,420.05
8401,2570,477,3,3882.53
8402,1608,665,2,1631.0
8403,1728,17,5,1001.3
8404,648,553,5,486.81
8405,887,203,3,3407.08
8406,789,550,5,144.78
8407,256,547,1,3401.41
8408,5513,265,4,3112.11
8409,5339,616,1,3503.23
8410,946,633,3,461.4
8411,496,59,1,1051.05
8412,2994,462,4,1831.55
8413,3461,285,2,1932.12
8414,2452,422,3,3508.07
8415,1214,589,1,2372.34
8416,3244,77,4,360.67
8417,4361,357,3,1593.3
8418,3160,301,2,845.23
8419,4456,542,1,880.27
8420,3266,459,2,80.85
8421,3985,195,1,1171.17
8422,4513,529,1,2930.52
8423,5543,613,1,680.84
8424,1134,38,4,1708.73
8425,4623,461,4,1492.2
8426,3417,45,3,2478.06
8427,1114,426,3,63.26
8428,1038,52,4,2077.64
8429,3587,691,5,3710.17
8430,2962,421,5,3784.3
8431,2757,546,1,1578.16
8432,1428,73,1,1131.57
8433,2993,505,3,3305.96
8434,1070,13,4,1967.76
8435,926,343,1,4063.96
8436,2515,754,4,3259.74
8437,2918,532,1,2231.6
8438,1552,512,1,755.15
8439,2488,282,5,3163.62
8440,658,459,2,2837.78
8441,1260,632,1,1426.8
8442,4320,742,4,1394.34
8443,2164,396,2,45.81
8444,2030,389,4,402.69
8445,5070,249,5,2960.39
8446,811,506,4,2604.13
8447,3896,796,3,2882.21
8448,270,423,4,3748.05
8449,2649,23,1,785.63
8450,921,484,3,3710.11
8451,1043,541,5,105.03
8452,1786,614,3,3442.56
8453,832,581,3,1443.65
8454,3943,194,3,609.35
8455,4345,533,2,151.28
8456,4170,586,3,1703.7
8457,1697,538,3,1825.38
8458,4673,730,4,2727.8
8459,2717,159,2,1608.49
8460,5538,555,3,308.76
8461,5804,673,4,4173.48
8462,2152,125,5,200.58
8463,5592,321,2,285.52
8464,5531,222,2,1728.82
8465,4297,18,2,789.94
8466,5411,782,3,1333.3
8467,3006,74,2,1702.21
8468,4690,82,1,1747.59
8469,2285,652,4,3313.31
8470,4412,281,1,58.28
8471,5785,671,2,3235.54
8472,5273,514,5,680.99
8473,984,495,3,1058.02
8474,16,499,5,471.95
8475,433,644,5,2332.54
8476,4168,65,5,2523.47
8477,1748,4,2,3490.72
8478,4725,654,2,2419.97
8479,2810,766,2,3575.11
8480,4339,509,2,2135.12
8481,4364,794,2,4055.32
8482,5032,174,4,3164.32
8483,4321,741,2,1797.35
8484,4623,583,2,2116.19
8485,3425,179,3,567.97
8486,5970,619,2,1127.82
8487,2124,760,4,2186.15
8488,4157,416,3,1815.49
8489,456,238,4,1104.12
8490,1983,402,4,2474.86
8491,2231,132,5,1287.06
8492,2428,508,2,2865.77
8493,3587,34,4,2802.19
8494,354,713,1,263.22
8495,788,404,3,2891.6
8496,5244,442,3,1124.83
8497,3094,450,1,49.56
8498,4070,765,5,4036.58
8499,1258,696,2,262.72
8500,5447,422,1,2936.11
8501,4092,288,5,3534.75
8502,1405,300,5,3474.07
8503,5602,443,4,3499.95
8504,3667,694,4,2115.18
8505,99,203,4,53.3
8506,5581,663,4,3088.62
8507,370,678,2,2686.29
8508,2460,483,4,4091.05
8509,2835,144,5,3142.66
8510,4516,552,3,2903.37
8511,1143,424,5,2162.9
8512,5205,620,4,48.51
8513,5295,287,5,1340.45
8514,4472,244,3,4164.92
8515,4024,519,2,3757.73
8516,277,481,1,779.09
8517,2839,468,3,1295.94
8518,554,722,3,3144.13
8519,4385,120,2,3730.39
8520,814,54,1,2497.84
8521,2676,49,5,3471.58
8522,5695,581,2,1722.47
8523,1192,627,3,1614.99
8524,2964,633,4,1271.51
8525,4214,276,2,376.38
8526,5411,203,3,1803.94
8527,2657,410,2,286.03
8528,2954,114,4,758.67
8529,972,307,3,1232.07
8530,4168,211,2,3218.54
8531,1290,156,4,2594.11
8532,4082,715,2,2741.38
8533,3146,747,1,882.92
8534,2582,562,2,3871.96
8535,5221,321,1,299.8
8536,2493,640,4,2569.74
8537,4951,377,1,1089.72
8538,751,723,4,1707.15
8539,1201,600,4,1786.08
8540,3888,175,4,3662.17
8541,1196,460,5,581.19
8542,5684,286,5,581.2
8543,2034,159,1,3117.86
8544,1013,478,5,2297.89
8545,4814,187,5,573.54
8546,586,555,2,3130.74
8547,462,701,1,2847.81
8548,1389,637,3,376.1
8549,3778,504,2,1122.15
8550,4762,599,4,3424.61
8551,1926,649,1,378.8
8552,2506,533,4,2384.71
8553,3556,386,4,3054.4
8554,4608,710,2,1109.09
8555,4075,395,2,2643.8
8556,2490,674,5,845.91
8557,2607,291,2,1392.96
8558,2437,67,5,313.69
8559,4564,642,4,3211.57
8560,3682,580,3,3852.4
8561,3724,284,2,2254.03
8562,1970,581,1,1044.09
8563,4086,224,2,612.74
8564,3197,749,5,2261.18
8565,1217,588,3,3240.11
8566,3452,484,4,3176.15
8567,1550,569,1,701.96
8568,4546,168,4,3447.08
8569,2079,119,2,3433.51
8570,3412,557,4,2283.32
8571,959,155,2,2948.19
8572,1524,111,5,2700.85
8573,803,573,1,195.08
8574,4511,189,3,373.51
8575,3919,592,4,1578.57
8576,4534,737,2,3617.78
8577,3790,549,2,2538.76
8578,849,181,5,1941.95
8579,4685,627,3,3289.21
8580,3193,615,4,4056.27
8581,3022,730,1,682.43
8582,953,50,5,1707.91
8583,4788,467,3,3254.83
8584,3229,736,3,2523.57
8585,3601,3,1,3840.12
8586,705,323,3,409.69
8587,233,401,1,2942.57
8588,837,26,5,2473.49
8589,1509,604,1,3274.61
8590,171,766,4,2174.74
8591,4309,283,3,3422.35
8592,694,364,1,288.21
8593,5046,115,5,4016.55
8594,3962,104,3,1332.03
8595,1183,678,4,2440.75
8596,1017,286,1,3834.3
8597,2615,165,3,492.97
8598,704,139,5,3154.8
8599,1371,241,2,2697.26
8600,1975,556,5,3426.04
8601,3073,681,4,3282.18
8602,309,11,1,3969.61
8603,3139,225,5,622.86
8604,4014,637,2,3218.08
8605,2504,270,3,1701.65
8606,4014,491,2,1227.25
8607,4267,708,1,3841.6
8608,2003,184,3,1192.73
8609,835,30,4,3005.24
8610,1517,622,4,479.9
8611,4400,242,4,2284.46
8612,2409,222,2,126.17
8613,2510,418,1,904.35
8614,2365,639,5,2662.25
8615,3136,641,4,3478.81
8616,888,574,3,2560.59
8617,1539,585,4,2731.68
8618,3776,11,2,3786.5
8619,5026,138,4,2574.53
8620,1392,343,3,1271.86
8621,3665,212,2,1486.71
8622,1950,616,1,3514.32
8623,2536,515,2,441.03
8624,2585,778,3,3865.12
8625,5019,52,5,735.19
8626,90,101,5,358.78
8627,1770,770,4,1540.29
8628,5684,23,2,3017.24
8629,1437,327,1,3630.39
8630,3367,400,3,3623.09
8631,5690,356,4,1198.26
8632,4160,445,5,779.01
8633,2000,491,4,2513.67
8634,914,161,2,1506.04
8635,206,417,5,2857.5
8636,4875,469,3,4020.84
8637,5458,40,4,1430.94
8638,2121,170,4,2652.22
8639,2353,652,3,799.27
8640,3531,371,2,172.45
8641,4951,567,1,2782.48
8642,4295,500,3,3331.56
8643,4475,7,4,701.13
8644,2841,487,3,232.71
8645,3410,432,1,2075.09
8646,2317,625,2,1645.27
8647,5933,749,4,805.28
8648,273,549,4,2596.74
8649,3053,665,1,2464.9
8650,2489,332,2,3896.1
8651,2249,661,3,1057.71
8652,1159,207,4,2239.07
8653,3495,433,1,82.74
8654,4319,787,4,3217.42
8655,1135,767,2,2574.96
8656,2841,37,5,1921.14
8657,2673,44,2,3767.55
8658,3217,154,5,663.71
8659,326,100,2,2976.04
8660,2857,406,1,177.82
8661,4217,275,5,3962.31
8662,5688,476,2,85.05
8663,5920,37,3,2476.66
8664,790,180,2,2678.01
8665,2812,177,3,3631.52
8666,4839,450,5,2846.56
8667,1676,576,5,2572.19
8668,1712,165,5,1509.47
8669,1514,187,5,3663.17
8670,3460,579,1,3761.91
8671,2135,464,3,3802.55
8672,4452,431,5,3538.79
8673,1770,19,5,1825.32
8674,4212,160,3,2521.31
8675,1498,262,5,464.84
8676,2661,338,1,3395.04
8677,5329,775,1,4005.37
8678,3169,464,2,203.14
8679,5664,35,5,1408.51
8680,4035,344,4,731.63
8681,3454,482,3,3160.9
8682,2416,76,4,2131.52
8683,2273,198,4,3470.07
8684,3774,300,5,2052.02
8685,5279,111,5,2531.07
8686,2103,142,5,2982.25
8687,353,747,1,2707.03
8688,201,329,5,2364.78
8689,5035,8,5,1476.08
8690,5375,34,3,3729.72
8691,3084,487,4,2219.86
8692,4488,773,5,870.59
8693,941,645,4,3038.73
8694,4776,234,3,95.08
8695,4460,445,4,3355.39
8696,4724,780,4,2767.53
8697,5476,800,3,3136.54
8698,1822,140,4,931.85
8699,5722,687,1,2365.01
8700,732,328,3,2804.18
8701,4045,646,3,1298.66
8702,2067,779,4,1634.86
8703,232,488,3,2947.06
8704,4241,429,5,1638.38
8705,520,757,2,2866.84
8706,1581,690,3,869.86
8707,2600,695,4,1745.34
8708,284,530,3,1643.25
8709,3125,669,4,2478.27
8710,2023,93,5,1330.49
8711,3542,290,2,468.16
8712,2457,563,4,2351.61
8713,4637,112,3,2832.76
8714,2441,271,3,3528.94
8715,950,453,1,1992.14
8716,3810,475,2,2357.85
8717,1406,548,3,2873.12
8718,3400,127,4,3517.71
8719,1541,373,3,3996.35
8720,5000,13,3,1854.44
8721,3861,124,4,3478.76
8722,2885,29,2,2089.3
8723,3500,133,2,2274.36
8724,1443,41,1,688.44
8725,1589,51,5,3247.31
8726,2163,151,2,3968.33
8727,646,641,4,2533.58
8728,219,775,5,36.24
8729,1211,465,2,2487.86
8730,926,51,4,255.07
8731,2148,522,3,4016.64
8732,3286,498,4,4002.95
8733,5124,692,3,363.98
8734,658,398,3,3840.4
8735,2225,562,3,3016.96
8736,1065,497,4,2050.3
8737,128,83,4,3099.28
8738,5129,61,1,3701.34
8739,1855,672,3,2749.05
8740,4023,765,4,4151.2
8741,1579,82,3,1142.52
8742,1216,620,5,1812.71
8743,221,214,2,1105.53
8744,3559,161,2,3615.07
8745,2773,78,4,1136.64
8746,3220,139,4,1118.62
8747,1139,520,4,215.21
8748,3107,278,4,1921.36
8749,5843,735,3,1794.48
8750,3933,703,1,2871.28
8751,1419,140,2,1359.52
8752,5946,69,2,3764.61
8753,2707,108,3,3323.15
8754,2588,301,5,560.32
8755,638,400,3,1015.79
8756,1501,320,3,2109.51
8757,5356,447,2,881.96
8758,3250,377,3,452.2
8759,5780,158,4,1687.94
8760,1259,293,4,2163.72
8761,1262,488,5,160.52
8762,688,392,1,531.39
8763,1995,304,3,2743.41
8764,1391,165,2,1554.99
8765,3297,23,1,4190.81
8766,876,96,2,2040.67
8767,4956,200,2,1490.1
8768,5200,223,3,3714.46
8769,4406,547,1,3572.83
8770,2699,683,4,2992.19
8771,828,554,2,3827.01
8772,2449,407,2,3097.03
8773,430,646,5,3557.79
8774,3950,763,3,995.57
8775,1542,82,3,2074.86
8776,2421,162,1,364.73
8777,5529,773,5,4139.03
8778,2438,614,2,1099.26
8779,1670,280,2,1464.1
8780,3410,650,4,508.13
8781,4619,417,5,342.85
8782,962,527,3,3768.4
8783,5595,534,3,669.74
8784,207,47,2,3069.75
8785,1086,254,5,3442.71
8786,3937,257,3,3189.49
8787,3099,339,5,3838.08
8788,518,625,2,2734.53
8789,4836,56,4,3503.78
8790,850,558,5,555.79
8791,3063,755,3,3484.19
8792,868,281,3,3159.95
8793,5879,242,2,433.89
8794,3986,583,5,2926.92
8795,3244,489,3,2316.93
8796,139,446,2,2826.83
8797,1851,183,3,1324.88
8798,3800,418,3,810.91
8799,404,313,4,3159.16
8800,2418,170,3,1839.66
8801,771,458,4,1274.86
8802,5970,393,3,1300.19
8803,3973,384,3,1910.24
8804,1525,753,5,4034.61
8805,2405,216,1,50.43
8806,5036,503,1,1042.4
8807,258,362,4,3319.05
8808,3839,472,3,3817.57
8809,542,231,1,2025.25
8810,3589,607,5,420.8
8811,2835,382,2,1858.13
8812,352,534,1,2726.58
8813,20,424,1,2766.32
8814,3979,233,3,688.73
8815,2048,648,3,3759.71
8816,1562,39,1,804.07
8817,3861,453,2,1890.17
8818,4726,312,5,2870.78
8819,2469,79,5,3619.51
8820,4678,392,1,2566.61
8821,4862,482,1,2242.71
8822,2897,364,2,1736.52
8823,3104,318,2,1081.05
8824,4438,200,4,3895.68
8825,2190,261,5,727.54
8826,3767,711,2,722.02
8827,4435,297,1,489.09
8828,2124,620,3,3968.25
8829,375,689,3,168.44
8830,4221,610,4,1960.07
8831,5840,670,1,2993.85
8832,3634,742,1,4144.15
8833,1896,632,3,2447.24
8834,1995,247,4,1227.77
8835,714,181,1,2182.87
8836,980,627,2,1719.76
8837,2589,635,2,162.8
8838,2900,404,1,3694.65
8839,5014,338,5,3547.53
8840,5875,235,3,3678.47
8841,4205,70,4,1896.2
8842,3535,528,3,2351.53
8843,5434,658,4,3130.9
8844,2841,217,1,1356.19
8845,4883,706,4,2188.12
8846,4080,495,5,1904.72
8847,401,555,4,2169.94
8848,132,478,5,1642.9
8849,2047,480,5,3748.28
8850,3329,486,4,1076.05
8851,1849,6,2,810.89
8852,5691,606,3,4050.98
8853,347,260,1,971.18
8854,822,553,4,3465.19
8855,2475,154,2,1193.63
8856,1798,317,4,974.44
8857,4249,687,5,3695.69
8858,770,707,2,39.97
8859,2952,689,3,1044.38
8860,5419,611,3,3659.05
8861,99,74,3,3962.4
8862,5663,53,1,2451.85
8863,3032,709,1,244.5
8864,1808,643,4,1774.66
8865,2389,345,2,1099.13
8866,1396,148,2,2748.47
8867,1371,403,4,470.0
8868,2355,681,3,2352.14
8869,5527,354,2,134.44
8870,2152,49,1,3194.7
8871,3135,406,1,2764.39
8872,1737,755,1,1907.83
8873,2245,718,1,679.0
8874,4793,285,5,2734.47
8875,3799,640,5,1195.01
8876,1206,618,2,1712.48
8877,1690,470,1,1514.09
8878,3634,227,5,1814.52
8879,834,651,2,931.12
8880,2364,791,1,1597.39
8881,4133,519,2,1339.96
8882,1903,289,2,2715.9
8883,3807,609,4,3614.01
8884,1539,561,3,914.2
8885,2310,560,1,503.56
8886,5380,544,4,115.95
8887,3974,175,2,1936.6
8888,4760,130,2,1415.17
8889,803,615,2,776.37
8890,1269,628,2,1111.99
8891,3576,536,2,1083.07
8892,3483,251,2,1018.83
8893,2980,651,1,3210.0
8894,5035,496,1,2997.7
8895,2188,233,3,1633.81
8896,5685,75,2,1942.55
8897,4665,399,2,2818.76
8898,1353,315,5,2729.49
8899,1007,315,4,1099.44
8900,274,480,2,1858.97
8901,1552,611,1,212.67
8902,630,422,3,3862.07
8903,4286,466,5,2587.72
8904,2136,255,5,2672.18
8905,4485,240,1,2621.3
8906,1722,619,1,1127.08
8907,4451,132,5,1373.65
8908,1887,538,4,2673.89
8909,3215,572,1,3808.76
8910,3824,19,2,4094.06
8911,1638,782,4,1390.01
8912,312,350,3,3598.62
8913,4628,506,5,3199.56
8914,35,513,3,599.62
8915,5499,230,1,285.61
8916,3303,314,5,846.68
8917,1231,708,5,3259.32
8918,1263,188,1,2809.4
8919,633,725,5,64.85
8920,2245,87,5,2186.13
8921,176,217,5,389.05
8922,2580,410,2,3215.34
8923,5225,211,3,2828.48
8924,1419,702,5,911.91
8925,1854,731,5,107.62
8926,823,58,2,1698.54
8927,5548,224,4,3279.77
8928,671,117,2,3163.85
8929,3586,543,5,4032.08
8930,4502,666,1,2238.58
8931,3323,684,2,2830.88
8932,1028,366,4,2297.65
8933,4887,643,4,3320.59
8934,3296,175,4,648.02
8935,1060,489,1,1950.47
8936,5123,5,5,567.96
8937,260,425,4,1419.79
8938,1235,796,5,628.82
8939,5775,530,2,48.05
8940,5999,200,4,974.67
8941,3337,476,4,1438.44
8942,2145,289,2,1285.48
8943,5117,441,1,1932.2
8944,1112,91,2,3895.92
8945,1560,608,3,1282.32
8946,2735,249,5,1588.95
8947,5745,462,5,2155.23
8948,5744,412,3,3231.48
8949,2262,546,1,3441.05
8950,2584,454,1,1444.34
8951,2163,757,4,1574.53
8952,455,28,3,2707.85
8953,1291,526,2,3532.38
8954,5337,496,5,152.66
8955,1686,364,1,2087.68
8956,5854,523,4,3410.21
8957,4690,555,5,3942.65
8958,3168,599,3,3339.97
8959,2216,653,4,3868.35
8960,2058,415,4,3402.9
8961,3805,558,3,3300.39
8962,398,238,3,3428.27
8963,2106,561,3,4197.62
8964,1985,301,2,4122.53
8965,5634,83,1,2718.7
8966,4071,361,1,1613.88
8967,3883,381,4,281.74
8968,900,777,5,2392.99
8969,1465,717,2,979.75
8970,2569,739,4,83.87
8971,4200,540,4,1211.85
8972,1983,313,5,1815.32
8973,1271,738,5,2034.28
8974,1257,452,1,868.49
8975,5768,701,3,1883.34
8976,3499,24,5,1955.43
8977,1551,558,4,2771.54
8978,5888,557,2,1743.37
8979,2111,579,3,3611.73
8980,3444,648,5,2148.91
8981,3219,345,4,3512.43
8982,182,328,3,983.3
8983,5594,588,5,28.57
8984,371,336,2,917.71
8985,928,731,1,744.88
8986,5016,607,1,64.18
8987,3999,657,2,2724.46
8988,2874,491,1,4157.7
8989,170,665,4,1362.85
8990,5741,131,1,32.76
8991,2036,708,2,400.98
8992,5824,200,4,1010.48
8993,1869,593,3,3170.73
8994,928,403,3,531.06
8995,787,313,1,2994.24
8996,3618,314,4,514.8
8997,4474,796,4,2554.01
8998,1212,318,2,1146.82
8999,3165,339,4,3809.32
9000,2910,98,3,1204.59
9001,570,19,2,1042.17
9002,2474,290,3,1193.23
9003,4628,429,3,3561.47
9004,575,770,5,2306.86
9005,1580,435,3,3203.4
9006,5384,26,2,2209.55
9007,1285,275,1,584.94
9008,810,776,2,2415.65
9009,5208,640,5,2232.56
9010,3861,335,1,1506.87
9011,3072,299,2,1230.4
9012,3516,136,5,869.53
9013,3542,725,1,3368.37
9014,5755,501,4,1605.1
9015,2112,503,4,1895.96
9016,5320,394,3,973.01
9017,1075,46,2,1703.65
9018,5477,96,1,1483.39
9019,427,501,2,2617.37
9020,3445,682,3,377.6
9021,5720,239,1,4071.1
9022,57,79,2,3552.97
9023,2013,611,2,1690.0
9024,16,65,5,974.8
9025,1796,70,4,600.07
9026,5124,676,4,3476.27
9027,383,379,5,2217.73
9028,4850,610,2,3001.48
9029,556,32,4,3752.69
9030,3600,17,3,2227.34
9031,5479,572,1,2394.27
9032,4125,660,2,1245.38
9033,5909,778,5,768.0
9034,1036,79,2,1009.66
9035,1297,15,5,737.9
9036,334,22,2,3507.51
9037,5158,747,4,2758.09
9038,2739,442,4,1901.33
9039,2006,78,1,2336.77
9040,5602,93,5,2701.84
9041,1984,138,2,3303.9
9042,4573,681,1,2992.72
9043,1413,8,3,2621.32
9044,5252,519,2,3896.79
9045,4305,458,1,3881.16
9046,1981,614,2,2380.74
9047,3147,613,3,3616.08
9048,2095,308,1,138.18
9049,362,631,1,1261.79
9050,461,302,5,2281.93
9051,4388,679,5,4064.71
9052,2275,719,2,1200.31
9053,2159,342,5,2849.94
9054,4416,608,3,71.83
9055,1400,263,1,2989.9
9056,886,653,1,655.62
9057,3049,161,1,2280.06
9058,1422,272,3,2356.97
9059,5109,70,5,3786.05
9060,5735,192,2,2754.79
9061,5301,684,5,876.11
9062,2628,535,1,178.3
9063,2549,555,3,2358.95
9064,4266,534,2,4083.46
9065,3277,658,5,2993.18
9066,1064,561,2,2341.58
9067,1307,591,4,445.21
9068,4656,590,2,1490.15
9069,860,628,4,3953.13
9070,5504,340,5,2127.35
9071,584,48,1,3939.01
9072,5328,564,1,3566.01
9073,3376,456,4,410.28
9074,1383,593,2,1497.58
9075,1091,343,5,3326.11
9076,5182,7,4,1664.03
9077,3062,9,2,2219.49
9078,551,792,1,501.69
9079,4396,292,3,412.63
9080,4604,344,2,2612.75
9081,2889,411,1,4123.98
9082,3772,455,4,3484.22
9083,3882,705,4,2954.48
9084,314,770,1,905.35
9085,885,641,2,3932.34
9086,3431,665,1,594.59
9087,5476,574,3,3855.7
9088,5324,514,3,889.99
9089,2120,51,3,3395.13
9090,5395,521,1,288.64
9091,1716,242,4,667.07
9092,4491,165,1,3002.09
9093,1602,326,5,1686.96
9094,2464,691,1,3838.83
9095,1280,57,5,1261.08
9096,2134,731,4,4027.23
9097,5326,160,5,1320.47
9098,1949,717,2,3845.41
9099,2195,124,4,4017.65
9100,1162,148,3,3947.19
9101,1038,99,2,378.11
9102,5753,310,1,4069.45
9103,4409,576,5,3685.22
9104,1155,614,5,1385.67
9105,4913,136,3,3373.86
9106,1798,621,4,745.8
9107,110,87,4,3707.83
9108,759,269,5,1064.64
9109,1783,766,5,4110.1
9110,2082,404,1,1209.05
9111,914,432,2,3436.99
9112,2254,2,4,2843.23
9113,5633,681,3,3611.65
9114,3934,181,1,3640.27
9115,5368,235,5,28.93
9116,3551,199,2,761.94
9117,2726,286,1,3195.3
9118,2771,287,4,1374.33
9119,1784,78,5,2125.62
9120,3421,284,4,2295.25
9121,17,63,5,3940.53
9122,4100,788,5,1435.1
9123,4527,567,1,3666.35
9124,520,149,4,788.05
9125,1063,674,2,891.51
9126,1316,748,4,3136.9
9127,82,593,4,1959.88
9128,870,316,1,3202.92
9129,341,27,1,3565.4
9130,1947,85,3,1778.96
9131,4100,316,5,3760.59
9132,734,47,3,3093.92
9133,2530,299,1,333.51
9134,1693,427,1,4176.05
9135,2828,259,3,910.92
9136,4050,537,3,2272.97
9137,630,220,2,3834.01
9138,2852,46,2,3984.84
9139,551,24,3,1200.48
9140,2729,368,4,2447.6
9141,4132,722,4,316.61
9142,3502,587,5,1781.7
9143,4888,152,3,3218.45
9144,5013,270,2,98.52
9145,1305,587,1,411.53
9146,2168,129,2,1649.57
9147,942,527,2,3557.83
9148,4484,279,4,165.88
9149,2792,144,3,3583.55
9150,4710,360,3,2809.12
9151,4232,2,1,163.77
9152,5722,459,4,3329.77
9153,2487,781,4,1109.06
9154,2981,261,4,640.66
9155,381,606,5,1327.81
9156,2719,125,1,2834.5
9157,2363,715,2,100.87
9158,4515,262,4,1369.2
9159,3706,504,3,1977.98
9160,5628,52,2,1225.66
9161,1046,31,4,1432.72
9162,5465,110,5,1296.75
9163,2020,353,5,3390.68
9164,430,343,3,3599.18
9165,2246,125,4,693.47
9166,3125,7,5,1331.72
9167,4326,279,2,1934.91
9168,4454,15,1,2035.25
9169,4147,55,1,3498.81
9170,3121,64,1,4015.89
9171,5692,90,4,2105.61
9172,4994,59,2,3595.71
9173,2522,393,2,1696.54
9174,2388,50,2,1008.77
9175,71,295,3,2723.68
9176,3812,512,1,85.5
9177,2149,454,4,1470.93
9178,4380,714,5,2132.35
9179,829,717,1,1021.13
9180,5370,172,2,2987.91
9181,1394,526,5,1699.2
9182,4496,550,5,536.78
9183,1995,443,2,3072.42
9184,5776,546,4,390.9
9185,3086,23,3,1470.39
9186,991,133,5,3992.7
9187,2097,470,4,789.85
9188,1184,799,4,2559.62
9189,1940,648,4,1598.1
9190,3424,26,2,3665.78
9191,4451,346,2,1172.95
9192,808,763,1,2385.89
9193,5846,567,2,1236.2
9194,3197,42,2,3368.94
9195,3032,180,4,3455.89
9196,3275,67,2,3365.95
9197,5790,71,2,3266.21
9198,1811,523,1,1241.58
9199,422,268,3,34.18
9200,1601,329,1,16.61
9201,5082,481,5,875.38
9202,1701,608,5,283.29
9203,3513,440,5,2830.62
9204,2390,127,2,3816.74
9205,1054,75,4,2989.83
9206,4782,128,3,1731.37
9207,1092,286,5,315.12
9208,4131,571,5,200.92
9209,5139,13,2,1203.37
9210,5918,211,3,743.63
9211,2550,441,5,3521.06
9212,2698,91,1,3084.7
9213,2384,425,5,3718.52
9214,1523,633,1,3427.58
9215,4570,746,2,3302.38
9216,2790,384,3,4028.95
9217,111,85,5,748.54
9218,4757,149,2,2810.08
9219,2158,740,4,78.87
9220,580,685,2,855.03
9221,5837,1,3,1802.27
9222,3305,759,1,2591.9
9223,4567,156,5,1451.55
9224,588,29,1,3446.0
9225,2699,747,4,2372.76
9226,3060,313,5,3295.48
9227,344,173,5,1551.6
9228,5577,735,3,3854.48
9229,1380,94,2,657.61
9230,385,645,3,4035.02
9231,1725,762,2,1488.2
9232,2639,49,3,557.21
9233,5093,57,5,516.58
9234,1718,722,5,2487.55
9235,5866,467,2,1121.96
9236,2775,726,1,1345.22
9237,4833,773,5,633.84
9238,1907,142,5,368.6
9239,706,51,1,3200.17
9240,5164,333,2,3663.27
9241,1907,250,5,2392.45
9242,2178,18,2,1180.43
9243,3808,611,4,1351.41
9244,2942,340,2,2240.79
9245,5687,465,5,1057.86
9246,3911,573,2,2649.82
9247,4021,608,2,3623.58
9248,3178,493,3,3159.31
9249,3560,713,5,47.44
9250,2374,299,1,2398.98
9251,4103,283,4,1886.83
9252,5109,743,2,2614.92
9253,1195,425,1,1802.65
9254,514,527,1,164.24
9255,1845,731,4,1988.4
9256,5385,489,1,2481.81
9257,5055,730,2,965.9
9258,3390,267,3,246.79
9259,418,27,5,831.02
9260,645,278,3,378.73
9261,359,11,2,888.96
9262,5251,308,2,703.36
9263,3884,115,3,3963.79
9264,1322,477,4,3015.88
9265,5852,783,4,109.31
9266,5768,173,1,1665.07
9267,116,784,5,3050.86
9268,4203,619,4,919.5
9269,4457,796,4,3895.06
9270,1079,413,4,2447.36
9271,190,305,4,3341.93
9272,568,526,3,1785.65
9273,1992,551,3,3066.46
9274,1366,640,4,1401.95
9275,4683,24,3,504.17
9276,5425,759,2,1368.77
9277,3441,665,3,1600.39
9278,4187,409,1,2434.49
9279,1907,83,1,1670.03
9280,3890,749,1,3616.72
9281,5331,460,3,3509.09
9282,827,582,1,480.12
9283,452,736,4,3002.26
9284,294,15,1,1112.79
9285,3231,720,2,1676.63
9286,2903,615,2,2662.87
9287,1272,571,2,73.56
9288,5331,612,1,1859.4
9289,1176,43,2,1821.17
9290,5565,424,1,2131.18
9291,3631,101,1,3407.25
9292,2614,185,3,4055.5
9293,1648,457,1,3883.62
9294,5099,419,4,829.28
9295,2780,706,1,2659.53
9296,4938,364,4,641.45
9297,1635,358,5,936.3
9298,3190,72,5,4192.55
9299,4071,500,3,2655.25
9300,3073,195,3,2471.42
9301,11,629,5,3236.92
9302,2905,635,1,2973.59
9303,1701,279,1,794.15
9304,936,605,5,3462.67
9305,5045,351,5,2833.54
9306,429,343,5,250.82
9307,4,9,4,3206.81
9308,238,706,1,567.18
9309,3500,357,2,1995.39
9310,962,491,1,2210.08
9311,4641,298,3,4115.04
9312,2094,633,3,1253.26
9313,941,395,2,1028.11
9314,4412,220,5,503.77
9315,2827,536,5,1182.7
9316,4273,262,3,2803.72
9317,4883,87,4,1556.38
9318,4447,435,1,126.58
9319,2888,220,2,647.14
9320,1130,396,1,2707.96
9321,5524,28,4,1611.45
9322,3891,65,2,2695.43
9323,221,86,5,3549.72
9324,317,619,4,3316.71
9325,4843,324,3,2094.21
9326,4651,467,2,2296.59
9327,3079,625,4,1462.78
9328,2297,246,4,3252.14
9329,5289,151,4,556.58
9330,1969,538,1,1089.75
9331,4653,86,1,382.06
9332,530,289,3,1970.72
9333,1776,4,2,2694.23
9334,1618,128,1,3467.35
9335,4452,32,1,2347.34
9336,2213,283,3,2658.58
9337,3787,760,4,1351.74
9338,1800,600,3,3738.97
9339,1810,636,3,840.88
9340,1239,553,3,648.41
9341,4426,303,4,654.71
9342,4507,644,3,3974.86
9343,5639,588,3,2597.88
9344,1017,300,5,3654.02
9345,5696,394,3,1870.66
9346,468,87,1,739.19
9347,2,183,4,2734.55
9348,468,193,3,327.2
9349,4377,197,4,4148.59
9350,4821,384,2,2901.02
9351,5011,484,4,2447.89
9352,2696,90,5,1613.99
9353,3826,495,2,101.5
9354,950,125,4,920.37
9355,5354,237,1,1816.25
9356,2746,673,2,2511.64
9357,5368,799,4,277.26
9358,2155,137,5,482.91
9359,3557,52,2,2641.84
9360,3939,702,1,3940.85
9361,2726,155,2,1377.52
9362,5275,30,5,563.55
9363,3088,457,4,2979.89
9364,710,547,3,1699.87
9365,3068,367,3,355.45
9366,3967,639,4,2524.78
9367,3320,719,3,3810.22
9368,1167,489,2,2716.91
9369,1485,455,2,4105.11
9370,4197,310,5,201.34
9371,2862,554,1,521.23
9372,5538,771,3,3245.02
9373,1258,749,3,966.45
9374,5989,517,2,685.26
9375,5155,286,4,1818.38
9376,3541,30,3,2273.15
9377,3670,673,3,818.74
9378,3950,324,3,2573.56
9379,3703,769,2,996.25
9380,1418,106,2,3560.44
9381,2158,572,2,3590.02
9382,3504,350,4,1236.18
9383,2803,132,2,1612.29
9384,2698,195,3,2312.89
9385,4215,498,4,2904.25
9386,5525,29,1,3623.95
9387,642,785,5,958.3
9388,5904,753,2,3772.8
9389,191,611,3,2210.19
9390,4831,663,2,2490.48
9391,3632,260,3,3256.41
9392,3127,110,2,2433.17
9393,3368,640,3,2128.0
9394,277,495,3,2337.59
9395,2651,587,1,1089.73
9396,3318,277,3,3717.02
9397,1636,650,4,3107.34
9398,3054,447,4,131.79
9399,1725,651,3,604.23
9400,2155,33,4,3693.76
9401,1381,588,3,3485.12
9402,5093,48,4,4058.49
9403,3596,319,5,2354.22
9404,132,62,2,1950.89
9405,2752,321,2,1702.9
9406,2353,28,4,611.16
9407,1287,180,3,2305.79
9408,1254,143,4,2388.63
9409,4772,406,5,3079.72
9410,967,221,3,2669.74
9411,5672,170,3,2489.35
9412,4473,680,3,237.55
9413,214,604,2,519.68
9414,3625,363,3,2021.85
9415,3738,112,5,3342.26
9416,3054,372,3,2431.25
9417,722,1,2,3683.92
9418,2790,164,1,3198.48
9419,1748,279,2,3826.37
9420,3208,739,3,634.85
9421,3249,216,2,245.1
9422,2307,750,1,2048.4
9423,1332,461,1,3761.85
9424,999,615,5,2472.7
9425,5378,39,2,3662.02
9426,4822,276,3,2233.83
9427,1728,661,1,2505.67
9428,2144,563,4,2127.79
9429,985,191,2,212.53
9430,2536,386,5,1905.65
9431,3368,737,5,1541.84
9432,3805,645,2,1631.93
9433,4257,381,2,752.91
9434,1764,276,2,3870.55
9435,3112,161,3,2771.35
9436,3498,344,5,1070.25
9437,2660,156,5,3164.9
9438,5531,321,3,3847.91
9439,4529,166,1,337.24
9440,3266,552,5,1948.62
9441,5617,163,1,2175.1
9442,1793,488,2,633.57
9443,40,771,3,3364.09
9444,2006,779,4,1710.44
9445,4562,389,5,3181.5
9446,708,775,5,3974.1
9447,1170,7,5,557.48
9448,4368,739,5,1967.57
9449,55,513,2,2840.77
9450,876,489,3,3849.65
9451,4293,186,4,2603.51
9452,2585,699,3,2287.82
9453,2,563,4,1413.59
9454,3625,753,5,168.98
9455,889,59,1,2023.5
9456,4928,348,4,372.28
9457,5940,292,4,966.98
9458,1024,98,4,1279.64
9459,829,251,5,348.56
9460,1136,742,2,2267.23
9461,4036,662,4,857.87
9462,4880,66,5,1213.0
9463,4761,647,2,3494.66
9464,1001,592,5,1673.02
9465,637,51,3,1465.07
9466,2844,666,4,1211.84
9467,4592,366,3,467.43
9468,5617,275,1,1287.23
9469,5423,80,3,166.72
9470,48,557,2,1690.32
9471,4814,166,5,2996.95
9472,5431,442,3,1225.82
9473,3926,207,2,2170.11
9474,4915,170,3,919.43
9475,260,265,5,1515.13
9476,4531,784,3,4077.75
9477,2104,453,3,3237.69
9478,4304,713,1,937.42
9479,2359,414,3,1128.2
9480,5255,395,3,4196.14
9481,4117,484,2,1675.15
9482,5098,520,3,3417.11
9483,3284,179,5,885.93
9484,2548,474,2,1608.68
9485,5262,279,1,2817.75
9486,2857,455,5,2678.33
9487,3979,606,2,1921.97
9488,2427,319,4,730.93
9489,4839,2,4,1139.6
9490,2557,225,4,1480.18
9491,2661,736,1,3916.85
9492,1474,346,4,1879.43
9493,1875,277,5,668.68
9494,2581,622,1,2897.11
9495,3399,85,1,1184.94
9496,2755,267,3,1069.0
9497,5148,593,1,1153.87
9498,5979,497,5,19.67
9499,781,617,5,3206.36
9500,29,570,5,2619.98
9501,2036,14,1,4057.49
9502,2855,705,3,1068.1
9503,5711,230,4,1135.62
9504,1253,680,3,1262.29
9505,3446,611,5,3637.68
9506,2615,257,4,1687.65
9507,429,219,2,1837.42
9508,5900,616,4,1077.33
9509,3629,478,1,162.33
9510,5290,598,2,4106.95
9511,208,274,5,3436.46
9512,5784,483,3,2852.05
9513,884,615,2,3290.71
9514,5360,119,3,3333.22
9515,1005,93,3,3316.3
9516,1881,110,1,2498.65
9517,1568,126,2,2629.51
9518,1981,554,3,3958.07
9519,107,39,3,1580.5
9520,3830,307,1,3886.15
9521,5288,706,4,4039.88
9522,5080,568,4,1886.5
9523,313,668,4,2737.41
9524,2266,421,1,2436.02
9525,1362,670,3,3239.82
9526,3333,562,5,2995.09
9527,5414,607,3,134.5
9528,4820,419,3,4197.66
9529,4775,563,3,4072.42
9530,5660,397,5,2410.26
9531,5650,97,4,3889.76
9532,603,97,4,1776.49
9533,1106,61,3,1539.92
9534,4704,336,5,2592.56
9535,60,42,1,2994.72
9536,2642,594,4,567.06
9537,1936,194,4,1084.18
9538,3856,68,1,3544.08
9539,1846,88,3,3992.05
9540,3781,698,3,280.81
9541,3073,644,3,3912.21
9542,839,465,3,1186.7
9543,4832,74,1,3236.55
9544,4948,438,5,319.34
9545,4262,372,5,913.91
9546,4910,272,4,24.29
9547,3868,352,1,4139.24
9548,1507,705,1,3824.52
9549,4840,581,2,1133.32
9550,3585,330,4,3398.85
9551,3562,256,2,2480.33
9552,663,258,2,4097.37
9553,5722,5,4,1924.95
9554,1153,545,1,4018.15
9555,5410,779,2,2484.7
9556,4709,765,2,691.89
9557,2950,610,1,1485.86
9558,2608,775,5,3093.18
9559,1450,591,1,3507.8
9560,3878,776,1,3935.31
9561,1111,679,2,3773.29
9562,2386,75,4,4011.91
9563,2105,751,2,2036.8
9564,5948,465,2,1972.76
9565,144,30,5,2368.39
9566,3710,297,5,230.28
9567,3156,279,1,3129.42
9568,1081,553,4,2091.99
9569,5323,51,3,2742.53
9570,5024,765,5,3854.51
9571,5371,727,4,2782.56
9572,2101,732,1,3127.28
9573,4018,436,5,3109.87
9574,483,446,5,2674.28
9575,4583,412,3,1052.0
9576,5312,788,4,3962.93
9577,3620,743,4,89.83
9578,4171,761,1,3539.77
9579,520,167,2,219.67
9580,1572,572,3,3191.94
9581,3706,351,3,2770.98
9582,1359,635,2,57.18
9583,5575,348,5,2797.44
9584,3684,492,1,2480.19
9585,2005,46,5,3819.01
9586,4458,143,3,2384.62
9587,657,377,2,1609.45
9588,1033,250,5,1175.01
9589,3423,40,3,815.35
9590,2616,643,4,3660.1
9591,2541,85,1,50.58
9592,5853,409,5,245.8
9593,238,140,2,2171.07
9594,69,257,1,403.42
9595,1296,489,3,2505.12
9596,2255,341,4,3215.79
9597,1533,609,5,2891.69
9598,5609,148,1,3590.43
9599,2962,602,4,199.81
9600,3315,412,4,3056.9
9601,1925,16,3,3385.19
9602,2143,434,1,358.34
9603,3699,128,4,1762.07
9604,2661,705,4,1891.64
9605,3284,379,1,2575.48
9606,2626,454,2,352.95
9607,2171,52,3,2561.74
9608,3173,186,5,1033.14
9609,5077,411,5,2055.95
9610,669,454,4,1993.78
9611,5638,403,5,2059.07
9612,2652,399,3,962.38
9613,664,368,3,3000.57
9614,5578,170,1,3826.51
9615,5693,740,3,3979.22
9616,44,731,1,3161.39
9617,2521,202,5,2457.79
9618,5099,798,2,716.13
9619,1300,723,3,1086.8
9620,2368,339,4,3866.02
9621,2079,38,3,3247.51
9622,1806,779,5,2938.46
9623,1379,392,1,165.81
9624,4806,459,3,302.79
9625,4581,407,1,2932.6
9626,1165,760,4,2965.61
9627,1218,228,1,1332.93
9628,38,530,2,2457.87
9629,291,586,3,3316.98
9630,4260,94,3,1029.87
9631,3556,612,2,1386.3
9632,4809,206,5,4033.38
9633,5082,371,3,2683.79
9634,911,273,5,2183.93
9635,3085,780,1,205.02
9636,3602,621,5,2254.18
9637,3830,324,1,739.1
9638,344,558,3,2244.25
9639,3708,309,5,276.9
9640,2797,551,3,4184.47
9641,5047,187,5,2720.66
9642,2780,124,2,2249.47
9643,2964,463,4,549.1
9644,2036,119,1,352.42
9645,3515,604,1,3618.53
9646,1762,656,3,3011.44
9647,2512,495,3,1607.32
9648,3983,202,4,3411.28
9649,5501,776,5,1780.5
9650,963,160,5,432.71
9651,4085,408,5,875.76
9652,826,37,3,2277.88
9653,48,657,2,2272.22
9654,1682,769,5,372.69
9655,1665,454,1,2412.88
9656,2537,669,2,960.09
9657,2637,698,2,3738.5
9658,1558,105,2,3683.43
9659,2139,265,5,669.44
9660,2368,204,2,1166.46
9661,1992,385,5,643.95
9662,1362,717,2,2947.38
9663,2135,555,5,3889.88
9664,4038,639,5,2297.96
9665,5985,422,3,3166.68
9666,4744,185,4,3717.62
9667,2813,591,4,608.66
9668,2021,142,1,1345.86
9669,4853,540,4,2236.82
9670,77,447,4,2883.32
9671,3297,398,4,1009.27
9672,4467,487,1,2473.91
9673,1392,191,1,3348.91
9674,2077,765,1,3333.12
9675,4495,600,5,394.7
9676,2080,62,1,1835.2
9677,2840,139,4,142.24
9678,4834,502,1,1403.71
9679,5163,54,2,589.09
9680,3816,338,2,171.67
9681,5415,659,3,624.69
9682,3261,206,5,1616.01
9683,4992,203,2,3140.08
9684,1763,276,2,1014.62
9685,656,321,3,2862.09
9686,5270,59,1,2364.51
9687,3958,799,3,2491.74
9688,396,126,2,3859.04
9689,1728,684,2,799.74
9690,3844,1,1,1355.96
9691,5224,104,3,193.87
9692,1876,640,2,733.68
9693,5069,274,1,2356.94
9694,5074,559,2,3895.13
9695,2658,667,5,2869.47
9696,1270,362,2,962.88
9697,2168,731,5,3108.37
9698,5932,417,4,189.42
9699,4002,138,3,3084.21
9700,1340,526,5,1132.75
9701,5378,482,3,2497.17
9702,1773,615,3,265.76
9703,3672,692,3,3406.75
9704,2280,502,5,2932.57
9705,1706,790,3,99.71
9706,3664,57,2,2761.83
9707,644,125,5,1265.07
9708,2468,460,2,1362.14
9709,3526,574,3,4159.6
9710,3941,106,2,2343.93
9711,2819,775,3,1846.91
9712,4961,35,5,2434.86
9713,1182,652,3,1898.44
9714,4331,664,4,3965.83
9715,3752,632,5,3478.92
9716,3927,736,2,1204.77
9717,3545,500,5,4066.86
9718,1606,358,1,2226.51
9719,3154,251,3,3251.84
9720,2284,681,4,1716.09
9721,2701,760,2,2212.82
9722,2789,379,2,3444.32
9723,5664,267,1,3308.66
9724,741,628,5,1433.24
9725,1390,748,3,3342.62
9726,5154,110,4,2757.05
9727,1202,787,1,3229.57
9728,347,740,4,1874.19
9729,2132,800,2,2859.81
9730,4942,468,1,2318.22
9731,1627,180,2,892.83
9732,4263,127,2,1163.88
9733,248,633,2,228.22
9734,4491,773,3,3674.71
9735,3839,413,1,1321.42
9736,1021,532,4,3591.88
9737,3936,24,2,3222.4
9738,282,337,1,1330.87
9739,76,334,3,2791.96
9740,1964,545,4,1357.61
9741,2435,526,5,46.83
9742,2358,328,2,3060.91
9743,4539,607,5,4091.7
9744,3546,521,2,2525.53
9745,4376,205,2,3775.56
9746,4853,299,4,53.82
9747,3126,767,1,3759.8
9748,2867,490,2,3018.82
9749,386,372,4,1250.58
9750,1520,557,2,2277.23
9751,4362,286,4,1775.43
9752,675,671,5,1246.51
9753,4887,408,2,564.42
9754,1397,657,5,4113.81
9755,445,765,3,2258.73
9756,1680,782,2,839.37
9757,734,3,2,2910.82
9758,3176,534,2,598.85
9759,1874,246,2,3727.38
9760,3407,163,5,2468.52
9761,2942,348,3,48.67
9762,2352,249,1,3120.09
9763,3194,657,5,2681.26
9764,5985,357,4,3166.95
9765,537,289,5,1311.54
9766,5037,504,5,2689.81
9767,826,378,1,367.5
9768,1192,789,4,1858.49
9769,1491,22,1,3135.42
9770,2624,720,4,2970.43
9771,5490,146,2,1654.36
9772,1179,147,4,1690.83
9773,413,434,5,994.14
9774,4856,664,1,3265.37
9775,3453,71,3,177.09
9776,1555,647,1,902.45
9777,5065,43,3,1194.69
9778,5812,221,3,2791.65
9779,3749,69,4,1851.48
9780,2204,275,2,1330.23
9781,15,329,4,4183.0
9782,4158,538,3,1480.7
9783,5516,127,3,1381.9
9784,5690,409,5,1664.98
9785,2961,449,1,1220.61
9786,3636,784,1,2387.07
9787,3245,605,5,176.6
9788,3632,699,5,2119.85
9789,4451,582,4,483.81
9790,2178,278,2,1908.15
9791,4485,215,2,2236.18
9792,4753,500,2,3627.08
9793,4737,48,4,1157.38
9794,3479,61,2,2667.9
9795,2122,646,4,816.43
9796,5504,76,4,3595.2
9797,3600,764,2,463.95
9798,315,457,2,507.12
9799,1868,744,2,1045.26
9800,4882,160,5,269.89
9801,407,707,2,3336.57
9802,4916,782,5,714.14
9803,3879,645,4,164.12
9804,4167,360,4,1680.52
9805,4642,255,3,3917.9
9806,430,737,5,35.8
9807,1296,651,1,358.55
9808,2359,188,5,2519.81
9809,5749,515,4,3505.09
9810,3650,133,2,466.11
9811,5508,475,5,2803.33
9812,1592,652,4,1721.79
9813,3158,203,1,2070.54
9814,4556,652,1,3193.66
9815,2641,526,2,3885.75
9816,241,683,1,2518.54
9817,5019,680,2,2807.87
9818,4975,727,2,3838.17
9819,5133,87,4,437.52
9820,3577,702,4,2278.25
9821,802,151,3,1252.87
9822,3957,607,3,1518.86
9823,4814,121,3,1541.0
9824,5797,418,2,799.61
9825,4128,781,3,3572.32
9826,1977,769,3,713.33
9827,3536,291,4,3211.74
9828,142,94,2,1051.22
9829,4245,412,5,2517.3
9830,3725,410,2,51.99
9831,3577,494,1,932.32
9832,3787,44,5,2350.92
9833,106,74,4,3001.16
9834,5615,18,3,665.8
9835,1875,201,3,3567.39
9836,2241,615,2,2971.91
9837,3036,263,1,1706.95
9838,2538,568,5,2194.26
9839,5427,487,4,2302.8
9840,4139,221,4,97.59
9841,1269,703,1,3645.98
9842,3484,507,1,150.21
9843,1003,21,1,2124.36
9844,1198,726,1,1601.59
9845,5344,60,5,2738.68
9846,4360,261,2,2526.35
9847,2626,20,1,4046.11
9848,1257,463,1,850.62
9849,2263,44,2,1223.73
9850,2586,340,1,2103.44
9851,3153,630,5,2847.74
9852,4297,759,2,1097.79
9853,271,466,4,2641.67
9854,4876,90,3,1821.52
9855,4661,729,2,1621.95
9856,4961,145,1,936.21
9857,3227,636,1,965.94
9858,2023,78,5,1110.53
9859,1907,159,2,3655.43
9860,3173,643,3,535.64
9861,1206,123,3,1972.99
9862,45,743,2,3207.55
9863,2124,124,5,2053.66
9864,3855,213,5,3302.17
9865,2116,130,1,2990.75
9866,2595,58,4,4143.0
9867,4240,162,2,123.8
9868,2127,248,2,234.44
9869,955,93,4,27.5
9870,4088,785,2,2945.39
9871,1003,302,5,2412.18
9872,4158,314,2,451.4
9873,3620,84,3,1415.82
9874,642,181,4,475.45
9875,1544,43,1,2480.58
9876,4622,470,5,318.24
9877,5454,754,4,3994.03
9878,2465,425,2,998.4
9879,328,468,5,847.42
9880,251,505,2,953.16
9881,1410,697,2,1439.95
9882,2177,477,5,1948.97
9883,1934,185,5,1159.86
9884,145,444,2,947.85
9885,2108,529,1,233.36
9886,5316,459,3,56.57
9887,5616,273,5,1328.24
9888,1708,242,2,2613.32
9889,1782,610,1,1036.08
9890,4929,283,4,223.15
9891,3310,35,3,1407.95
9892,4311,195,3,692.61
9893,5806,672,1,1822.14
9894,2357,66,2,3622.22
9895,4538,269,2,580.53
9896,3877,59,4,2991.68
9897,3627,256,4,3153.03
9898,253,652,5,384.77
9899,2154,429,4,1518.77
9900,3724,546,2,256.03
9901,3480,544,2,2329.61
9902,4979,14,2,657.63
9903,3060,554,5,2604.66
9904,1625,721,3,840.21
9905,5479,586,4,4044.86
9906,2247,24,3,1685.39
9907,4808,17,4,1112.98
9908,892,198,5,2071.34
9909,1445,256,1,2906.85
9910,4714,224,3,2163.3
9911,1210,321,4,756.37
9912,420,654,1,2855.91
9913,1334,112,2,841.0
9914,4778,459,1,3731.62
9915,5547,658,4,2481.72
9916,5519,555,1,2518.64
9917,3258,786,4,1017.86
9918,5345,280,1,3759.85
9919,2659,672,5,354.96
9920,1197,443,1,2744.85
9921,3939,426,3,1253.77
9922,2468,567,5,1403.42
9923,2249,44,2,1095.31
9924,558,501,3,3007.54
9925,2021,700,2,2889.9
9926,1302,450,2,409.17
9927,3859,718,1,2537.07
9928,5064,639,4,1761.43
9929,3140,245,2,2760.16
9930,1754,633,1,1741.51
9931,4383,521,3,2493.03
9932,5593,313,4,1751.1
9933,73,561,3,1575.24
9934,5188,773,3,3275.71
9935,1435,45,4,54.85
9936,5624,668,2,1639.89
9937,5985,389,3,1248.46
9938,2745,609,5,3609.5
9939,797,289,1,2817.32
9940,743,390,3,1474.95
9941,4720,647,2,2019.55
9942,1538,416,1,2657.86
9943,2372,218,5,916.67
9944,5661,121,2,911.87
9945,1752,396,2,2511.7
9946,3128,797,3,487.57
9947,2360,100,4,83.86
9948,3213,574,1,167.11
9949,4251,325,4,428.69
9950,4466,454,2,3371.93
9951,2674,203,5,2475.54
9952,5804,74,2,2906.65
9953,606,152,3,1342.5
9954,5916,554,4,408.44
9955,2256,13,4,1942.67
9956,1212,705,2,2482.61
9957,3357,630,2,2051.8
9958,1564,800,1,289.67
9959,1916,69,2,835.13
9960,4183,30,1,851.59
9961,1211,283,3,3943.05
9962,1267,790,2,2290.32
9963,259,502,4,463.18
9964,1883,609,1,3576.68
9965,152,648,2,3051.04
9966,4352,169,5,4001.44
9967,3909,237,2,3321.14
9968,3504,717,1,3585.09
9969,2286,265,3,845.77
9970,3263,656,1,3150.32
9971,4916,211,5,1122.98
9972,4394,239,2,1994.68
9973,1688,436,1,1855.05
9974,3521,278,2,2466.36
9975,1983,662,3,911.31
9976,138,117,1,1397.79
9977,1841,537,5,2998.56
9978,1335,209,2,1989.41
9979,4687,401,3,1629.0
9980,3929,200,3,3426.9
9981,2543,622,2,1647.35
9982,4972,369,4,1391.37
9983,1362,629,3,1297.62
9984,1909,415,2,1883.02
9985,5284,512,2,641.19
9986,4795,204,2,506.11
9987,1854,747,4,2372.96
9988,5094,575,5,1919.43
9989,1563,423,1,985.51
9990,3801,172,2,3710.37
9991,4835,282,3,451.16
9992,2289,768,2,1092.97
9993,5129,128,1,475.38
9994,388,54,1,2756.33
9995,5174,223,1,2163.94
9996,1688,40,3,3759.04
9997,184,142,2,2139.22
9998,1928,419,3,705.98
9999,5183,432,2,805.31
10000,5578,700,4,2775.85
10001,5600,259,2,2493.9
10002,1533,547,1,1571.2
10003,2241,278,3,677.43
10004,3228,9,4,4185.78
10005,3512,691,5,4098.51
10006,2536,354,1,3251.67
10007,3773,130,2,2893.62
10008,3126,742,2,3633.29
10009,258,481,4,3708.21
10010,1813,341,3,1696.12
10011,5665,792,1,2860.25
10012,327,506,1,963.18
10013,4459,340,3,1323.36
10014,5175,14,3,1744.37
10015,3579,189,2,1492.83
10016,4193,64,5,1077.15
10017,3096,162,5,3259.21
10018,5222,15,2,3606.06
10019,5789,486,5,1565.61
10020,1937,77,1,283.37
10021,3882,607,5,1440.86
10022,2259,558,4,2944.73
10023,1018,57,4,1866.61
10024,3494,401,2,722.35
10025,865,350,2,1495.85
10026,2305,272,5,2675.52
10027,1256,496,2,2488.4
10028,1296,504,5,3993.1
10029,2349,713,5,1216.03
10030,4687,173,2,1091.58
10031,2876,479,3,1481.11
10032,1139,532,3,700.5
10033,4048,529,4,103.71
10034,2053,478,4,1175.74
10035,692,589,3,128.3
10036,42,522,1,3095.09
10037,4489,718,3,3726.79
10038,1281,698,5,1913.0
10039,2931,496,5,1942.12
10040,2481,264,2,2943.36
10041,1772,265,2,2118.93
10042,1884,473,2,567.36
10043,4185,107,4,1786.93
10044,1512,295,4,2659.85
10045,5211,385,4,1350.29
10046,4403,440,5,1076.94
10047,2520,239,3,3329.36
10048,1380,197,4,3815.44
10049,3930,520,4,3596.61
10050,4435,519,2,772.16
10051,3131,501,5,3124.47
10052,3,754,1,1007.49
10053,3711,228,5,3485.75
10054,2850,317,4,560.54
10055,3193,42,5,2519.65
10056,5770,735,1,2176.01
10057,1458,271,4,622.02
10058,2139,174,1,1188.87
10059,950,579,4,1905.19
10060,877,378,2,3549.4
10061,5912,331,1,4001.05
10062,1321,762,2,3438.09
10063,4539,383,1,1091.83
10064,1679,236,5,3928.54
10065,4259,223,3,3570.69
10066,1086,328,4,2581.48
10067,2680,133,5,2069.12
10068,2472,268,2,2640.22
10069,3933,733,2,2788.95
10070,1124,346,1,674.24
10071,364,661,1,431.87
10072,312,444,3,25.4
10073,2651,738,3,2385.73
10074,3763,474,4,129.67
10075,5076,739,3,3044.81
10076,3770,91,1,3756.07
10077,1569,99,1,2980.5
10078,5836,564,2,781.24
10079,778,33,5,1685.96
10080,83,184,2,3479.03
10081,4682,240,3,3627.07
10082,3277,788,3,2554.09
10083,5781,589,5,2356.88
10084,4862,597,5,3631.08
10085,4552,65,5,1197.15
10086,3365,127,2,2976.54
10087,3427,396,5,111.89
10088,5854,336,1,904.55
10089,5982,146,2,2415.88
10090,3676,601,5,669.78
10091,3163,412,1,3513.26
10092,2662,32,3,498.53
10093,1636,404,3,4035.41
10094,3653,191,4,3751.15
10095,5092,294,2,2306.46
10096,3452,584,4,2874.0
10097,4771,252,5,164.35
10098,5195,684,1,3612.94
10099,4246,124,2,2086.61
10100,3740,106,2,3350.12
10101,6,107,1,2902.37
10102,2779,563,2,2791.26
10103,5470,513,3,1092.02
10104,866,281,5,308.06
10105,5416,95,1,794.65
10106,2854,133,1,4090.64
10107,4164,613,2,2885.27
10108,4842,30,4,189.18
10109,4119,188,1,2026.02
10110,792,421,5,3777.97
10111,1843,453,4,2125.19
10112,3181,571,2,2201.19
10113,3828,327,3,3931.62
10114,727,220,5,2828.69
10115,2100,83,5,3257.89
10116,3481,507,5,4159.89
10117,4489,427,4,3773.7
10118,3249,495,1,3317.76
10119,4161,191,4,853.9
10120,2070,59,4,557.27
10121,4716,154,3,2413.23
10122,2210,67,2,2989.77
10123,3767,410,5,313.27
10124,4124,514,4,685.22
10125,5895,7,2,3217.29
10126,1867,347,1,299.14
10127,5823,323,2,3215.49
10128,1116,363,1,454.33
10129,1610,432,5,3759.19
10130,1553,457,4,2917.59
10131,3525,124,5,2189.72
10132,5041,596,5,3924.66
10133,2135,370,1,3260.15
10134,4512,563,5,2431.59
10135,4092,457,2,4119.81
10136,2473,581,4,783.44
10137,5683,250,2,3754.16
10138,1624,777,2,365.85
10139,4306,721,1,3008.52
10140,1099,740,2,2563.75
10141,2676,68,5,3657.53
10142,3247,542,3,1176.58
10143,5378,505,1,3002.35
10144,5879,129,5,2437.71
10145,1879,406,2,1196.32
10146,5224,395,5,532.51
10147,3509,434,2,641.08
10148,1990,508,4,1344.16
10149,2197,423,2,1906.93
10150,1178,737,1,1666.59
10151,1514,387,5,2815.44
10152,4983,55,3,2249.07
10153,4363,253,1,498.24
10154,724,729,2,521.13
10155,3625,657,1,2513.24
10156,2577,302,2,2942.59
10157,4379,334,5,1416.13
10158,1669,247,5,877.8
10159,1536,366,2,3225.4
10160,4264,592,1,4019.28
10161,5203,69,1,2920.05
10162,2010,503,3,4139.43
10163,3264,610,2,2492.53
10164,5671,570,3,909.25
10165,299,631,2,700.86
10166,294,520,5,1535.22
10167,5870,523,3,569.32
10168,2762,615,4,1359.63
10169,2242,752,4,928.53
10170,2230,429,3,2739.07
10171,333,631,1,2735.58
10172,1041,716,1,1155.24
10173,3908,84,4,68.39
10174,5163,463,2,100.93
10175,5677,107,5,3259.35
10176,5275,441,2,2238.12
10177,772,696,5,209.12
10178,5816,115,4,3279.26
10179,1843,460,2,1284.76
10180,5566,514,4,3815.34
10181,473,313,1,621.17
10182,490,633,5,4162.82
10183,947,283,1,190.84
10184,1549,695,3,2994.67
10185,5583,247,1,3079.77
10186,60,354,5,3086.68
10187,2581,132,4,2203.37
10188,1007,696,4,2744.41
10189,4971,408,2,1416.14
10190,5824,730,1,1588.5
10191,4127,336,4,344.45
10192,5992,669,5,809.11
10193,4998,716,1,825.65
10194,1265,348,5,2381.55
10195,5049,717,3,1524.19
10196,507,488,1,606.23
10197,1523,686,1,2367.89
10198,1660,425,4,3269.37
10199,2042,24,3,3024.57
10200,5691,287,1,959.61
10201,3255,382,2,2911.67
10202,3875,293,2,518.57
10203,4733,681,1,2610.46
10204,2,381,3,3564.1
10205,3606,145,4,1663.76
10206,3793,640,2,1403.51
10207,2481,79,3,2138.27
10208,4497,684,1,3040.25
10209,4366,305,1,3078.26
10210,3723,229,5,3067.79
10211,2218,793,1,1917.03
10212,1269,516,3,3717.78
10213,1278,776,2,4047.02
10214,2136,152,4,2912.91
10215,5751,405,1,3882.34
10216,3715,605,3,634.88
10217,3111,626,1,3456.67
10218,895,749,5,477.87
10219,3004,641,4,1130.72
10220,1355,7,2,1106.68
10221,1955,605,3,2750.59
10222,141,201,2,3803.22
10223,3682,727,3,2179.08
10224,5466,131,3,1957.0
10225,4202,556,4,4025.88
10226,3835,683,3,3824.34
10227,102,661,2,634.48
10228,3164,257,5,1591.7
10229,3664,399,4,2240.35
10230,3699,40,3,3941.54
10231,2700,771,3,1742.41
10232,121,600,3,2766.77
10233,2274,640,4,2425.77
10234,3796,49,3,1020.41
10235,4645,624,5,1009.84
10236,5035,138,5,2957.35
10237,4517,683,3,3985.39
10238,1486,679,5,1986.25
10239,4933,97,1,3595.12
10240,2562,248,3,542.39
10241,1358,126,5,1003.87
10242,4362,13,1,4040.1
10243,3352,547,2,2617.54
10244,3813,586,1,1561.59
10245,4497,253,5,95.82
10246,804,495,2,3199.13
10247,38,446,2,873.4
10248,2742,396,5,1323.4
10249,2378,84,4,3541.96
10250,1921,72,3,2040.91
10251,3243,269,2,3775.38
10252,814,770,4,2710.48
10253,138,287,1,3255.18
10254,1433,656,2,519.06
10255,674,151,4,542.48
10256,4649,446,4,2480.09
10257,701,446,3,2411.93
10258,1885,434,5,3432.77
10259,955,37,2,3571.66
10260,4268,231,4,46.15
10261,1176,442,2,2742.02
10262,5088,706,4,2909.13
10263,4347,341,5,2500.6
10264,954,702,1,4110.99
10265,5670,580,3,2000.53
10266,3353,331,3,3281.66
10267,488,286,3,15.9
10268,4141,526,1,2069.51
10269,1994,384,1,2597.7
10270,5049,676,4,2149.52
10271,1923,769,4,4069.22
10272,3034,474,2,1573.37
10273,3806,588,1,32.16
10274,63,128,4,78.02
10275,3756,53,3,3062.88
10276,5181,469,5,137.95
10277,2743,579,4,3696.68
10278,95,318,3,1819.62
10279,4088,541,4,3962.01
10280,4899,140,2,2095.82
10281,5044,239,4,1773.99
10282,4377,291,5,3647.53
10283,959,685,1,2427.75
10284,3668,520,5,1214.41
10285,168,530,5,4073.41
10286,1045,619,1,2262.53
10287,1318,644,3,194.31
10288,1239,590,4,3347.08
10289,4640,792,2,636.48
10290,5467,527,2,640.42
10291,3413,673,4,2630.8
10292,3465,122,4,1050.68
10293,3027,278,1,591.44
10294,101,10,2,95.71
10295,2561,770,5,1757.75
10296,2389,162,1,163.6
10297,1700,444,2,2228.61
10298,1447,435,4,54.01
10299,5377,320,1,3510.45
10300,3679,509,2,1048.69
10301,1478,507,2,1473.87
10302,688,584,5,313.42
10303,892,234,1,941.19
10304,1192,387,5,2454.3
10305,5040,565,5,1389.33
10306,5565,209,5,4150.82
10307,5377,11,4,710.67
10308,5514,295,2,3654.58
10309,5187,311,4,1463.2
10310,977,659,5,2361.56
10311,160,397,2,3335.74
10312,867,643,5,2175.17
10313,5660,627,5,857.84
10314,3979,246,1,3439.19
10315,758,282,1,563.23
10316,3037,223,4,4026.83
10317,543,541,1,1309.0
10318,1817,248,2,2082.88
10319,3998,160,4,2454.97
10320,4272,551,5,747.81
10321,5415,729,3,1073.84
10322,3557,79,1,3597.75
10323,4946,30,4,4117.66
10324,5096,522,5,2390.06
10325,5529,712,3,3860.55
10326,1153,706,2,702.17
10327,4465,712,4,1796.16
10328,2712,109,5,1283.21
10329,4556,175,1,3233.85
10330,5785,780,5,3177.11
10331,3269,410,4,898.1
10332,1749,17,1,1656.09
10333,2456,646,5,4162.82
10334,2645,554,4,1030.76
10335,2314,549,1,1924.43
10336,666,283,3,3423.0
10337,5573,510,3,310.71
10338,4679,790,1,2350.89
10339,4389,800,4,2634.46
10340,2516,25,3,753.05
10341,330,784,5,46.71
10342,5775,795,4,670.3
10343,472,306,1,2717.72
10344,3368,547,1,1808.35
10345,3775,517,5,2689.85
10346,4435,767,3,548.24
10347,3438,671,4,4138.24
10348,4376,467,4,406.96
10349,1326,180,2,1222.74
10350,3721,549,1,2428.13
10351,2774,786,3,2596.5
10352,1261,308,3,3664.54
10353,152,215,2,2581.0
10354,4969,588,1,243.3
10355,1978,109,1,1336.96
10356,3892,528,4,2170.31
10357,2746,65,2,3356.38
10358,2905,203,4,998.04
10359,1795,324,3,3135.18
10360,597,450,2,1198.77
10361,4767,129,3,1182.03
10362,2635,42,5,1031.37
10363,579,589,5,2264.68
10364,3665,327,2,1582.49
10365,659,57,4,3144.75
10366,1061,552,3,1315.94
10367,789,534,4,2036.19
10368,4580,345,5,2008.05
10369,2627,334,1,1653.51
10370,1310,233,3,3701.51
10371,5898,711,2,3857.45
10372,2009,223,4,1040.39
10373,3132,160,1,1001.32
10374,1416,619,1,2670.83
10375,3171,505,1,2580.24
10376,4482,749,1,3890.09
10377,5753,509,2,2388.16
10378,1149,672,3,3750.73
10379,2282,625,2,829.38
10380,3369,26,1,2973.48
10381,2143,548,4,1814.08
10382,5618,540,4,1773.93
10383,2223,639,1,2807.42
10384,1339,359,4,474.66
10385,1611,82,1,181.89
10386,706,270,1,2313.44
10387,1896,554,3,760.87
10388,3071,76,2,920.21
10389,4737,479,5,2128.67
10390,504,188,1,1196.73
10391,1854,150,5,1644.12
10392,3153,754,1,1250.03
10393,1299,60,3,1792.53
10394,5242,680,1,1528.27
10395,1976,628,4,1206.83
10396,2083,25,3,291.23
10397,1441,161,2,2432.58
10398,3894,616,3,4120.07
10399,2488,523,4,141.87
10400,4531,380,5,3008.18
10401,4570,150,4,1971.55
10402,4867,706,3,2249.89
10403,5349,189,3,1859.89
10404,4859,370,2,3620.02
10405,5169,779,2,565.14
10406,4727,423,2,3147.18
10407,1583,140,4,626.79
10408,3894,709,1,2461.39
10409,733,168,2,2297.05
10410,2019,484,1,3214.11
10411,602,582,1,2094.41
10412,5357,158,4,1989.67
10413,2322,18,2,3209.82
10414,5408,478,3,1635.17
10415,2325,337,3,2526.53
10416,712,646,5,2436.16
10417,2645,421,1,246.42
10418,871,544,4,2539.8
10419,1275,769,5,699.8
10420,1171,113,2,1218.25
10421,1587,790,2,1238.33
10422,1244,57,2,535.31
10423,489,495,5,966.97
10424,2398,635,1,3520.96
10425,445,518,3,922.57
10426,1101,20,5,3639.52
10427,5519,39,5,1776.29
10428,4169,385,5,3281.78
10429,5100,221,4,109.77
10430,5988,441,2,350.89
10431,1014,273,1,1553.42
10432,5389,70,5,724.64
10433,5939,536,5,3217.43
10434,2178,554,5,3107.94
10435,5253,356,1,2390.36
10436,3465,440,2,500.52
10437,2076,619,1,3611.29
10438,675,97,2,1031.66
10439,2840,264,2,1845.64
10440,5,151,4,2207.79
10441,3756,298,4,3474.08
10442,3343,678,5,1417.75
10443,5298,691,4,2201.31
10444,215,387,1,2941.88
10445,3523,749,3,2484.84
10446,4023,362,3,2476.68
10447,579,169,4,4045.18
10448,4121,221,1,2886.1
10449,3219,371,5,4114.87
10450,754,661,5,3433.74
10451,4774,554,1,1788.55
10452,5203,320,3,1741.36
10453,3483,220,4,1397.54
10454,257,231,5,1937.08
10455,2006,41,1,3646.72
10456,454,696,2,3139.28
10457,3738,524,4,322.95
10458,4959,471,2,509.51
10459,1565,631,5,84.44
10460,1148,410,4,730.2
10461,3852,562,4,2286.83
10462,5545,379,5,3453.5
10463,4502,342,2,1126.22
10464,3968,335,3,106.99
10465,3235,317,3,3648.11
10466,1556,394,2,1538.6
10467,1789,362,3,3943.32
10468,3661,795,2,3257.27
10469,5814,741,1,2597.42
10470,29,118,4,326.98
10471,6000,738,1,973.93
10472,2772,92,3,1597.37
10473,5864,693,2,3223.48
10474,116,276,2,237.71
10475,3553,580,4,3730.0
10476,4471,240,2,4095.32
10477,4282,554,5,545.67
10478,5455,332,4,2333.38
10479,2119,12,2,1857.57
10480,4883,247,4,2218.69
10481,1985,692,5,63.28
10482,4201,255,2,657.0
10483,1904,511,2,4081.52
10484,842,641,5,468.55
10485,1740,373,3,2947.26
10486,796,496,3,2547.03
10487,4041,21,1,2614.37
10488,5007,665,3,3443.91
10489,4294,735,1,3687.81
10490,1304,285,1,1973.18
10491,3790,441,3,3840.39
10492,2444,236,3,465.2
10493,5298,426,1,2992.18
10494,1152,646,3,456.87
10495,1837,44,3,3831.76
10496,5912,357,2,3820.45
10497,5214,154,1,4132.44
10498,4072,788,4,3686.81
10499,1625,599,5,364.22
10500,757,220,4,1452.48
10501,5696,197,1,535.27
10502,4099,443,3,3872.55
10503,2592,309,4,2364.17
10504,3254,423,4,98.82
10505,2961,487,2,3294.44
10506,5153,310,4,1710.35
10507,5531,781,2,3131.13
10508,2785,87,1,3046.24
10509,3758,379,2,1595.8
10510,5342,405,4,2364.95
10511,5562,312,2,1282.02
10512,4041,290,4,1842.45
10513,3687,318,3,495.18
10514,2890,471,4,3464.6
10515,2501,667,4,609.23
10516,3946,720,1,3598.89
10517,2114,314,5,2861.08
10518,2611,439,1,2431.29
10519,1639,715,4,809.44
10520,474,339,2,1072.69
10521,1928,794,3,1753.42
10522,1468,37,3,366.8
10523,3462,377,1,216.41
10524,3920,247,3,1903.7
10525,1928,793,4,3791.24
10526,610,589,3,4025.36
10527,2092,527,1,1533.91
10528,1797,291,1,960.29
10529,5107,464,1,3492.96
10530,412,91,3,2110.94
10531,5682,67,2,3106.02
10532,881,562,3,3183.51
10533,3311,204,4,1617.24
10534,3408,89,4,3882.32
10535,4474,697,4,682.62
10536,2513,187,2,1215.09
10537,5089,474,2,85.4
10538,1586,563,2,2242.18
10539,5873,443,4,957.29
10540,1150,755,1,3641.89
10541,44,616,3,86.56
10542,5732,9,1,1594.13
10543,4626,639,4,771.85
10544,3204,475,5,3706.89
10545,1775,325,4,2073.89
10546,4707,322,1,2108.73
10547,3894,767,3,4193.29
10548,2939,608,3,2125.13
10549,3630,9,3,1916.7
10550,3037,136,5,1199.74
10551,275,104,1,582.89
10552,1183,74,4,77.1
10553,4833,724,3,707.98
10554,2289,692,5,1145.82
10555,2130,659,5,1529.38
10556,2902,2,3,2951.24
10557,631,641,2,1623.84
10558,5274,50,4,2340.14
10559,4489,239,1,3330.79
10560,2508,631,1,1164.25
10561,1476,580,1,1004.39
10562,3650,717,5,3595.95
10563,5106,567,3,1555.82
10564,1699,796,1,916.36
10565,4830,597,2,2087.34
10566,5416,274,2,1730.46
10567,5955,623,2,1277.88
10568,3214,610,5,3788.24
10569,226,765,5,3360.57
10570,4797,709,3,3164.89
10571,3130,107,5,3313.78
10572,4132,325,2,745.21
10573,4428,222,4,880.25
10574,195,298,4,3633.44
10575,993,488,2,1549.59
10576,3457,368,2,1569.74
10577,5649,295,4,3681.98
10578,2644,155,5,2908.15
10579,1614,770,5,2786.95
10580,5707,721,4,1948.35
10581,5346,543,3,30.82
10582,832,180,3,1326.13
10583,1494,500,2,2505.13
10584,684,14,5,4064.8
10585,5540,428,5,1389.41
10586,3234,19,2,2905.92
10587,3901,218,3,2760.73
10588,1236,426,4,1815.04
10589,5416,456,5,3917.71
10590,4541,89,1,1407.68
10591,2322,561,1,3200.67
10592,1583,534,3,2874.35
10593,2018,26,2,4197.96
10594,3855,178,1,41.2
10595,5036,172,4,3319.21
10596,4108,580,3,3175.14
10597,862,685,2,3093.78
10598,483,680,4,1169.66
10599,1121,431,5,4082.44
10600,3741,42,3,771.35
10601,1351,755,5,3125.8
10602,1355,624,5,2031.88
10603,2092,411,2,568.58
10604,3491,410,3,3461.25
10605,5099,680,3,127.02
10606,808,662,5,3791.73
10607,4954,758,5,4182.36
10608,3286,238,4,4060.87
10609,4067,389,2,751.44
10610,4135,447,1,1937.78
10611,4160,682,2,3578.42
10612,5101,157,2,1787.46
10613,5222,188,2,688.61
10614,2206,532,5,1398.0
10615,2544,700,5,2069.58
10616,1033,112,3,3824.02
10617,5410,185,2,945.99
10618,4940,720,1,3950.33
10619,5626,17,4,492.06
10620,5348,317,5,1893.3
10621,5360,541,5,1053.74
10622,2675,536,2,236.87
10623,2115,333,4,2751.39
10624,1076,710,2,2907.73
10625,2679,700,5,804.02
10626,5589,312,5,1704.22
10627,5946,117,3,2362.61
10628,5277,530,5,188.55
10629,5287,731,3,2433.22
10630,310,650,1,2171.53
10631,2109,673,5,3056.73
10632,5532,438,1,1482.47
10633,2046,632,5,2957.49
10634,1302,103,1,1928.96
10635,3101,7,3,2945.65
10636,1087,167,1,1147.82
10637,2069,60,1,3752.82
10638,2600,732,1,3414.39
10639,1800,367,3,1393.95
10640,5344,22,5,2267.14
10641,5907,359,2,3526.04
10642,3382,741,3,2501.91
10643,907,577,1,29.11
10644,1536,692,3,1414.53
10645,5764,426,3,2475.77
10646,1985,610,4,3509.24
10647,849,533,4,4096.91
10648,2306,471,5,3359.65
10649,1683,420,4,1947.29
10650,4616,429,1,2426.72
10651,3188,39,3,1035.84
10652,2116,190,2,1354.74
10653,3986,11,2,3471.38
10654,5939,424,3,957.57
10655,1439,274,4,3827.64
10656,5551,754,4,2234.05
10657,5876,58,1,41.85
10658,5347,525,3,2741.9
10659,4176,304,3,2077.23
10660,528,457,5,2314.65
10661,4807,571,4,712.38
10662,5636,240,1,3987.07
10663,2571,616,4,4170.67
10664,4599,342,1,2372.74
10665,234,621,2,706.85
10666,2867,518,3,4059.25
10667,2387,75,5,563.93
10668,3011,699,3,2748.12
10669,3948,301,1,688.18
10670,4556,306,5,617.22
10671,1304,567,1,1867.15
10672,3800,655,2,1414.7
10673,1105,765,5,521.26
10674,3493,18,5,1252.1
10675,1623,165,5,1364.95
10676,1180,110,3,21.7
10677,5653,169,1,2249.58
10678,835,68,3,404.6
10679,4480,209,4,498.14
10680,1042,465,3,3319.98
10681,3654,660,2,1589.22
10682,2756,202,1,1895.61
10683,3116,319,1,2281.03
10684,3495,544,3,122.07
10685,116,208,2,2349.47
10686,72,11,5,1185.61
10687,5862,522,4,1674.01
10688,988,55,2,3426.88
10689,5764,409,2,3511.97
10690,1059,551,2,211.11
10691,5313,539,2,55.32
10692,5026,13,5,4154.13
10693,2578,613,4,4121.94
10694,4523,283,3,364.36
10695,2584,437,1,4019.54
10696,4255,593,3,728.93
10697,2954,363,4,2734.68
10698,5850,304,2,1578.42
10699,5978,116,1,1468.55
10700,2458,195,5,182.81
10701,4984,169,4,3210.38
10702,923,49,4,1978.1
10703,4549,677,2,2725.81
10704,5487,162,2,517.8
10705,1725,121,2,1787.61
10706,832,362,5,1051.71
10707,3044,349,1,3800.35
10708,3644,180,5,3973.39
10709,2072,149,3,641.31
10710,1550,492,2,526.95
10711,1204,167,3,1316.57
10712,1492,599,1,1544.74
10713,3098,125,5,3142.05
10714,1046,74,1,313.63
10715,906,464,5,2816.86
10716,4045,498,5,2130.52
10717,5787,556,3,801.57
10718,1827,73,3,2789.8
10719,1897,670,3,277.69
10720,5036,48,4,117.81
10721,4116,140,2,3840.06
10722,5521,234,5,2220.3
10723,4777,732,1,1234.26
10724,5423,796,1,3620.95
10725,4158,501,5,3893.07
10726,2623,114,5,1339.37
10727,1337,685,3,906.43
10728,1194,121,5,2522.32
10729,4321,492,5,1631.63
10730,1051,512,2,2736.36
10731,1994,519,2,3587.09
10732,473,624,4,3757.21
10733,5763,73,1,1098.09
10734,2210,454,1,217.82
10735,5970,158,2,555.95
10736,1304,352,1,3380.68
10737,156,248,5,1773.29
10738,4102,540,1,4182.7
10739,3628,679,4,1893.12
10740,2026,486,3,798.4
10741,4762,605,4,635.3
10742,1169,600,3,3475.16
10743,528,665,3,2972.86
10744,5748,324,4,610.81
10745,129,135,2,3125.13
10746,2222,687,3,4168.95
10747,5704,302,5,1432.11
10748,5930,95,5,2023.38
10749,4707,85,4,1099.34
10750,2484,335,1,2215.71
10751,5847,159,5,1335.16
10752,1281,227,1,63.22
10753,4928,245,5,1479.05
10754,3874,113,2,2349.24
10755,5025,590,5,1863.32
10756,5168,411,4,3564.18
10757,4044,715,5,894.02
10758,3320,711,2,1558.58
10759,3137,571,4,3374.05
10760,2951,131,3,1406.59
10761,617,757,1,185.25
10762,2073,356,1,715.26
10763,5662,614,2,823.48
10764,5992,710,3,4115.76
10765,4270,215,1,1344.13
10766,3854,453,3,2399.68
10767,3747,206,3,812.58
10768,2019,507,5,2005.8
10769,420,608,3,3797.66
10770,5932,14,5,3572.3
10771,492,384,2,45.23
10772,2803,335,4,112.93
10773,643,183,5,1218.12
10774,5213,305,4,1796.17
10775,1649,112,3,198.22
10776,3988,335,1,3011.63
10777,1607,322,5,2850.65
10778,2291,351,5,1731.08
10779,99,15,2,631.03
10780,4092,424,4,2141.4
10781,3099,78,5,3792.03
10782,335,126,4,628.01
10783,4976,633,4,4076.43
10784,4653,734,5,494.95
10785,4923,403,3,4011.68
10786,5417,145,3,434.65
10787,1212,779,1,3060.25
10788,3813,234,1,3475.94
10789,4910,477,5,683.88
10790,2187,245,2,4026.15
10791,605,435,1,741.19
10792,1525,36,2,512.22
10793,4944,216,5,3932.66
10794,1396,617,5,3617.02
10795,959,561,4,2980.2
10796,669,31,3,1621.25
10797,1524,115,1,1981.04
10798,1298,494,2,384.26
10799,5606,652,3,3779.27
10800,943,242,1,1132.29
10801,4960,165,2,706.78
10802,463,128,4,1992.67
10803,723,407,4,4017.04
10804,4674,526,5,1730.78
10805,908,22,4,518.01
10806,405,173,5,3217.45
10807,5009,319,2,2742.0
10808,3287,27,3,809.47
10809,661,55,3,3130.02
10810,2268,224,2,3431.88
10811,3308,293,1,2481.29
10812,4574,519,5,3492.0
10813,2085,346,1,2196.2
10814,1449,364,3,2072.03
10815,1685,503,5,3114.71
10816,2912,664,3,4054.85
10817,5364,756,2,344.57
10818,5694,298,3,267.35
10819,3674,402,3,2065.48
10820,5165,785,1,2877.82
10821,5949,517,4,2105.35
10822,271,784,2,1233.67
10823,1384,624,1,3285.66
10824,2055,754,1,3529.39
10825,2398,430,1,712.48
10826,770,259,3,3963.33
10827,4052,740,3,1245.04
10828,2552,572,4,1912.87
10829,919,69,2,4103.91
10830,5555,592,4,1459.45
10831,3202,74,1,561.05
10832,5178,180,4,654.83
10833,3660,274,3,892.89
10834,607,79,1,1996.4
10835,5082,487,1,606.47
10836,1112,523,1,2697.57
10837,715,181,4,1687.13
10838,2957,617,1,1006.07
10839,1021,437,4,2129.42
10840,313,122,5,659.86
10841,3318,699,2,1722.95
10842,2382,444,4,820.23
10843,3183,379,1,3095.04
10844,596,88,3,3461.75
10845,5763,642,3,3363.65
10846,4385,712,1,1155.49
10847,2067,431,4,2954.6
10848,1694,241,2,1812.82
10849,3263,82,2,3211.19
10850,2380,300,5,2672.41
10851,1356,780,4,217.43
10852,5266,521,5,228.45
10853,4752,276,1,2811.62
10854,2334,229,5,2408.72
10855,4163,581,4,439.41
10856,1138,46,3,2247.33
10857,1075,287,1,1470.0
10858,5006,428,1,1046.57
10859,2402,762,5,1770.68
10860,4930,265,4,669.71
10861,2184,697,5,2072.22
10862,1387,289,1,3278.91
10863,4100,600,5,557.12
10864,3518,560,3,1000.34
10865,886,739,3,3416.93
10866,5701,458,4,1048.23
10867,5223,375,1,1976.74
10868,4561,118,3,1318.68
10869,3155,248,1,3643.66
10870,2156,597,2,1666.68
10871,1735,597,5,1224.65
10872,820,375,4,1256.34
10873,4363,582,5,2474.54
10874,2582,148,4,3543.57
10875,1551,638,1,452.91
10876,3058,3,2,3347.89
10877,4308,611,2,3028.0
10878,3032,326,4,1587.53
10879,3503,63,1,3983.63
10880,922,615,4,1980.14
10881,297,479,3,1291.78
10882,3065,610,1,1776.51
10883,3028,358,5,2039.18
10884,5167,462,3,704.64
10885,4802,74,3,3402.01
10886,4128,131,4,1074.4
10887,93,269,2,1125.11
10888,5533,385,2,2823.71
10889,84,357,3,1763.52
10890,4442,157,2,2260.21
10891,5541,736,4,1122.16
10892,7,47,2,2460.43
10893,2149,254,1,1591.6
10894,2072,397,3,1537.32
10895,3184,118,3,354.88
10896,5498,656,1,519.96
10897,5673,75,3,3923.89
10898,5376,392,2,3308.2
10899,3010,88,3,3554.51
10900,706,348,4,1865.19
10901,4239,192,4,2741.07
10902,1476,755,2,4020.47
10903,3354,597,1,3768.28
10904,4821,325,2,1426.16
10905,245,679,3,62.31
10906,896,663,1,3047.28
10907,159,393,3,2554.89
10908,829,611,5,1482.95
10909,5653,266,2,3277.95
10910,3492,691,2,1561.99
10911,2350,289,5,2153.96
10912,1575,586,2,2475.36
10913,3117,409,1,3312.13
10914,2460,291,1,3494.6
10915,4497,315,4,532.95
10916,1894,520,3,1484.29
10917,4761,3,3,2391.54
10918,3006,41,1,435.32
10919,1150,577,4,4091.1
10920,5563,797,2,3482.83
10921,4465,661,5,1364.48
10922,1737,279,4,1816.99
10923,2874,168,3,2943.95
10924,3059,503,3,1967.25
10925,3374,1,4,702.94
10926,3527,138,1,909.64
10927,4968,431,1,1356.54
10928,1596,393,3,456.84
10929,1391,684,2,1042.61
10930,4226,93,1,2773.1
10931,2953,106,1,4144.0
10932,1246,732,5,714.23
10933,4246,759,3,2030.08
10934,3522,673,2,2454.73
10935,1589,646,4,1559.47
10936,4819,412,2,3091.32
10937,3162,555,3,1100.78
10938,2121,444,4,753.6
10939,3353,187,3,3903.23
10940,1199,465,1,2494.44
10941,1547,697,5,514.3
10942,4717,321,2,951.0
10943,4638,589,3,3856.66
10944,3731,700,3,1251.69
10945,177,571,3,3937.82
10946,1673,607,4,2700.29
10947,4532,304,3,973.14
10948,3271,11,1,1876.16
10949,2213,220,3,3439.24
10950,487,684,4,2425.65
10951,5938,572,2,852.21
10952,3522,641,1,2619.94
10953,2795,389,5,3478.46
10954,5764,721,4,1803.81
10955,383,353,3,1038.5
10956,5186,538,4,22.22
10957,1939,24,5,753.94
10958,1748,130,1,3177.88
10959,206,605,1,2301.54
10960,4902,183,2,3671.96
10961,3387,418,4,351.69
10962,1658,629,5,585.99
10963,3717,446,3,2551.85
10964,2117,417,5,3647.01
10965,3859,159,4,1701.3
10966,4875,703,5,3290.99
10967,3692,139,3,1401.88
10968,2407,4,1,2206.95
10969,740,594,3,4135.74
10970,2881,523,1,3534.26
10971,1029,475,2,350.27
10972,4286,4,3,2332.5
10973,5916,480,2,4099.03
10974,855,339,1,3578.96
10975,5639,310,4,2345.96
10976,5429,630,1,271.96
10977,1453,61,3,3851.5
10978,4917,145,5,1164.65
10979,2698,682,4,479.0
10980,3448,480,3,2140.72
10981,2415,727,2,3160.1
10982,2875,64,2,1273.69
10983,2603,136,5,3946.71
10984,1410,787,1,970.32
10985,1863,371,5,833.42
10986,3650,402,5,20.01
10987,693,217,1,4107.55
10988,1220,747,3,3576.93
10989,5450,407,2,1206.44
10990,5454,684,1,2643.82
10991,4078,282,3,692.12
10992,2427,231,5,1287.06
10993,524,536,3,1292.16
10994,1527,509,1,3861.66
10995,959,89,3,3353.56
10996,2215,312,3,1642.96
10997,1517,504,1,514.1
10998,3568,546,5,307.82
10999,2141,542,4,2263.88
11000,4749,259,2,1069.7
11001,2849,641,5,4104.0
11002,563,669,4,2549.99
11003,2346,244,2,218.59
11004,2776,389,2,3233.47
11005,5899,415,5,615.39
11006,1520,210,4,161.25
11007,2119,256,4,2962.41
11008,1338,9,4,3948.48
11009,549,603,2,1478.2
11010,3136,449,1,2642.79
11011,1349,79,1,3998.49
11012,941,186,2,2357.16
11013,4300,769,1,3383.85
11014,1961,551,1,1260.77
11015,85,536,3,492.67
11016,697,324,4,1095.66
11017,588,601,2,3492.78
11018,4233,514,1,1226.32
11019,4335,480,5,3589.77
11020,3185,491,4,3467.78
11021,3284,183,5,1742.31
11022,5420,679,2,2687.23
11023,326,283,5,1895.35
11024,3124,277,5,3511.01
11025,5415,717,3,502.6
11026,4647,327,5,3665.31
11027,1443,21,1,3910.34
11028,1960,64,1,2338.45
11029,3473,267,3,580.98
11030,3244,583,2,3971.85
11031,3954,636,4,2926.65
11032,4648,540,3,1500.18
11033,991,295,2,3224.69
11034,1865,657,2,2223.92
11035,3100,722,5,306.39
11036,5235,403,1,2680.86
11037,565,328,3,1580.29
11038,5629,353,3,446.9
11039,2591,707,5,1670.5
11040,3988,521,5,4141.12
11041,3381,73,3,899.72
11042,688,251,2,3238.78
11043,4803,641,3,1590.09
11044,5134,105,3,1815.46
11045,1938,709,2,1610.42
11046,5501,679,1,3833.32
11047,1839,41,4,771.36
11048,3429,157,1,2479.63
11049,3039,285,3,2944.38
11050,1004,501,4,3295.68
11051,2861,15,3,2047.12
11052,4599,709,2,3228.49
11053,3394,479,5,2711.16
11054,3576,371,5,4033.93
11055,243,151,5,1181.95
11056,462,351,3,619.4
11057,3194,246,3,1349.63
11058,368,417,5,2759.61
11059,5146,671,1,3123.38
11060,4414,413,4,2027.46
11061,2133,376,1,2449.65
11062,512,427,1,2361.76
11063,4313,774,4,158.94
11064,4800,373,5,1925.18
11065,4747,462,3,1650.34
11066,341,97,5,794.15
11067,5273,360,1,457.36
11068,1219,46,1,4025.53
11069,2639,288,5,3289.06
11070,4015,520,5,4152.94
11071,4032,102,2,1403.72
11072,514,76,1,3467.85
11073,5560,291,1,2539.91
11074,2671,441,1,2417.98
11075,627,644,5,1803.88
11076,2007,744,2,1824.49
11077,2160,448,1,1738.64
11078,697,268,3,2223.24
11079,1758,89,5,59.71
11080,2516,359,1,3381.96
11081,4515,497,5,509.26
11082,1421,349,3,3892.87
11083,3979,466,1,1184.03
11084,5084,674,3,3797.94
11085,5733,571,1,2529.18
11086,3735,526,5,3366.64
11087,3304,684,3,960.89
11088,2203,67,5,1277.61
11089,3039,4,3,2640.78
11090,692,69,4,1654.98
11091,1406,329,5,2545.96
11092,405,84,5,3338.52
11093,4062,404,2,3197.01
11094,1585,479,2,3657.96
11095,2480,525,1,3883.45
11096,847,84,5,1448.63
11097,2110,496,1,2622.8
11098,370,127,3,3058.57
11099,4337,94,1,2238.59
11100,4109,184,1,1846.7
11101,5530,536,3,2919.09
11102,1913,407,3,2077.69
11103,4346,799,2,1113.34
11104,5660,507,5,965.18
11105,5105,356,4,3860.36
11106,1618,766,1,3194.73
11107,5897,426,4,1642.33
11108,434,136,5,216.8
11109,4715,475,2,4002.27
11110,2830,8,1,584.25
11111,5112,572,3,318.28
11112,2633,593,1,1503.25
11113,3508,352,1,3812.05
11114,3174,727,1,2856.72
11115,4214,302,2,3039.66
11116,1974,319,5,564.48
11117,5755,615,4,1224.9
11118,4866,242,1,2381.59
11119,181,596,1,517.24
11120,2522,682,1,2592.26
11121,3242,457,1,511.68
11122,2390,771,5,2820.22
11123,216,84,1,1963.49
11124,1040,338,4,4190.2
11125,5593,196,3,1165.43
11126,2095,47,2,1404.22
11127,5596,656,5,2288.39
11128,53,455,3,247.61
11129,599,206,5,2556.16
11130,5832,57,2,2846.99
11131,3403,468,2,3443.88
11132,4150,170,4,3640.27
11133,1132,33,4,807.53
11134,711,735,3,3840.89
11135,1346,180,1,2689.98
11136,3799,753,5,690.94
11137,3987,220,1,2113.89
11138,2696,21,4,474.44
11139,2339,548,1,2707.85
11140,472,706,3,3620.87
11141,3250,649,5,152.08
11142,5375,750,4,150.03
11143,5209,559,1,1982.18
11144,3680,63,2,4167.23
11145,3713,592,4,3547.54
11146,3904,650,3,2268.46
11147,1782,280,5,2322.15
11148,2846,574,4,497.18
11149,5169,260,1,301.82
11150,5018,729,5,3359.05
11151,2713,207,3,965.14
11152,5369,197,2,1246.3
11153,4036,733,2,990.91
11154,2912,93,5,241.8
11155,3636,371,5,233.72
11156,4761,413,1,1165.88
11157,5664,399,3,3868.68
11158,509,580,3,2892.26
11159,1051,546,5,919.15
11160,5406,117,4,4078.02
11161,898,416,1,452.77
11162,675,656,1,1896.97
11163,4923,505,1,2393.5
11164,5794,380,1,2637.59
11165,3914,313,4,4006.29
11166,1244,505,3,435.04
11167,3989,146,4,86.02
11168,2724,762,4,516.66
11169,2263,444,2,1059.93
11170,3520,159,4,2347.73
11171,3511,753,4,1128.3
11172,3782,304,1,1373.89
11173,5937,747,1,2906.89
11174,3499,15,2,1115.1
11175,1712,301,5,3915.64
11176,681,754,3,2063.16
11177,512,431,3,3383.58
11178,3677,426,3,141.87
11179,5224,705,4,1447.03
11180,4504,585,3,2982.61
11181,2496,349,2,183.25
11182,2614,218,3,3699.07
11183,3388,195,4,372.94
11184,4022,155,1,2249.38
11185,1041,19,4,3098.29
11186,1375,419,5,2523.74
11187,378,19,4,3454.99
11188,5885,146,1,3737.52
11189,5819,35,1,446.78
11190,1824,386,2,233.38
11191,5133,119,3,1835.52
11192,3821,768,2,2067.94
11193,5183,751,3,634.89
11194,521,196,1,2356.87
11195,4843,485,3,3823.36
11196,3327,426,2,992.93
11197,889,357,3,1187.37
11198,5192,559,1,64.88
11199,770,786,1,202.1
11200,2661,256,1,2263.68
11201,907,724,5,3726.65
11202,5821,17,2,3817.83
11203,2644,378,4,2503.3
11204,1603,786,3,1170.2
11205,5196,73,3,822.6
11206,1134,262,1,2329.79
11207,5016,559,5,3744.72
11208,4637,341,5,1200.71
11209,2594,549,1,770.54
11210,2223,776,3,495.69
11211,1289,305,4,3498.74
11212,4186,129,2,2191.94
11213,646,276,2,1540.35
11214,3486,750,5,647.54
11215,2024,751,2,2251.03
11216,575,498,1,2469.8
11217,3426,795,3,1617.42
11218,2410,220,5,2505.05
11219,2550,472,1,406.06
11220,5893,172,3,3840.38
11221,3316,606,3,878.96
11222,5201,42,4,1291.65
11223,5014,77,4,2128.45
11224,1567,787,5,378.84
11225,3927,44,1,1561.76
11226,911,184,5,88.04
11227,500,30,5,2408.32
11228,4897,521,3,2842.17
11229,4918,337,1,777.16
11230,5089,783,3,1321.67
11231,1563,346,2,2559.88
11232,967,724,2,3133.22
11233,5760,60,1,3073.19
11234,5974,130,5,3712.21
11235,2356,552,1,2414.77
11236,934,389,3,4132.5
11237,528,244,4,1210.17
11238,5522,310,3,3236.08
11239,2910,272,2,2914.18
11240,5273,314,5,1344.34
11241,178,511,1,3246.58
11242,1354,62,4,551.65
11243,2268,273,4,3822.14
11244,1161,335,2,1499.03
11245,958,505,5,4143.53
11246,3273,525,5,2466.36
11247,5901,59,5,4056.02
11248,5013,684,1,383.28
11249,4371,253,4,3520.04
11250,1772,350,3,496.07
11251,136,80,5,3292.67
11252,1882,64,4,2270.93
11253,4312,422,1,1743.47
11254,4803,92,4,4035.19
11255,669,317,2,4160.83
11256,5293,360,3,743.59
11257,2102,184,4,2925.29
11258,4564,156,3,1798.85
11259,1436,388,3,3931.56
11260,1421,617,5,838.23
11261,5586,543,2,692.94
11262,5583,495,2,98.66
11263,2845,297,5,1041.38
11264,3902,41,3,428.71
11265,172,386,4,2258.79
11266,2909,262,4,1674.21
11267,2905,44,4,2347.99
11268,1417,194,5,1711.68
11269,538,578,5,512.47
11270,2093,746,1,3780.99
11271,734,369,5,2953.06
11272,4467,639,5,3926.69
11273,2325,533,2,3274.96
11274,2603,796,1,1036.69
11275,2819,166,1,1713.17
11276,1905,181,3,1745.43
11277,3599,735,4,2519.85
11278,1221,430,5,1386.82
11279,619,174,2,3273.17
11280,2974,99,1,2070.08
11281,2780,799,1,146.28
11282,2702,671,5,2511.43
11283,1493,102,4,2471.93
11284,3734,270,4,3154.15
11285,2668,779,3,990.57
11286,5919,647,5,3875.77
11287,985,17,4,2799.76
11288,4636,1,4,291.07
11289,3704,372,4,1710.47
11290,136,288,3,218.36
11291,2698,247,3,480.3
11292,4660,676,5,2481.71
11293,3351,380,5,525.53
11294,5890,163,5,3395.4
11295,2967,536,4,4030.32
11296,2258,621,3,2605.96
11297,5194,732,3,797.75
11298,5903,172,1,920.49
11299,2777,730,4,4121.82
11300,5938,765,4,1883.36
11301,87,13,4,3558.43
11302,2051,152,3,2436.58
11303,2626,640,1,961.71
11304,42,77,2,2344.15
11305,685,754,4,3457.22
11306,2117,435,3,1601.68
11307,1220,607,2,3760.9
11308,2988,308,4,2366.23
11309,1100,292,1,2514.21
11310,5992,164,4,2323.71
11311,1949,142,3,518.34
11312,5242,64,3,1297.8
11313,1599,550,4,934.61
11314,2777,232,4,2275.59
11315,2737,183,3,2201.63
11316,2011,204,4,508.59
11317,1306,95,3,244.64
11318,2318,184,2,569.95
11319,14,317,3,1311.69
11320,2592,107,5,3658.57
11321,473,396,2,3474.55
11322,4071,66,1,3687.49
11323,976,497,3,1527.2
11324,5528,748,2,626.99
11325,4982,283,4,1503.64
11326,4688,101,1,2754.14
11327,1762,691,5,4012.66
11328,4432,20,2,3282.53
11329,2805,262,2,1365.85
11330,54,380,3,626.01
11331,45,628,1,613.75
11332,2388,454,4,2060.21
11333,752,655,4,2023.59
11334,3537,357,3,3202.91
11335,4719,209,1,1932.28
11336,327,750,5,336.68
11337,4615,246,5,1967.29
11338,1160,485,5,3377.98
11339,4133,611,4,818.41
11340,140,746,4,1427.62
11341,1133,702,4,1801.18
11342,689,7,1,3836.59
11343,3463,308,5,2373.28
11344,5798,456,1,1804.62
11345,557,716,5,3260.37
11346,197,142,2,3964.97
11347,2525,69,5,1217.25
11348,5251,613,5,1145.07
11349,3620,274,5,3552.15
11350,5964,151,1,574.79
11351,3905,338,2,852.94
11352,1032,670,5,857.85
11353,5197,790,1,407.72
11354,1430,734,3,3132.94
11355,5430,159,5,445.72
11356,2302,348,1,877.95
11357,2144,139,5,3406.13
11358,5667,57,1,4047.0
11359,5245,239,3,491.08
11360,1469,498,1,3657.43
11361,1931,758,2,3873.77
11362,5400,772,3,851.55
11363,1026,298,3,2803.88
11364,3507,753,5,1063.22
11365,3781,673,3,1822.71
11366,5758,425,4,4058.24
11367,2131,701,3,2754.03
11368,5748,770,1,3896.8
11369,4772,658,1,2673.63
11370,2650,389,5,689.55
11371,2897,367,1,3569.59
11372,5803,27,2,2020.71
11373,969,588,2,2020.07
11374,5676,581,4,3115.66
11375,1389,640,5,2866.64
11376,3824,327,1,4192.23
11377,1316,72,1,1003.81
11378,1214,681,2,994.23
11379,1176,635,1,1052.25
11380,3806,71,2,4104.26
11381,2015,706,1,3594.89
11382,2500,777,3,3744.96
11383,1711,491,1,3118.24
11384,314,365,3,2245.4
11385,4312,321,3,2260.92
11386,4028,484,3,4008.63
11387,4067,720,2,2779.59
11388,4962,204,3,1603.38
11389,2391,42,1,3369.16
11390,5582,155,1,2881.49
11391,2381,324,4,4100.22
11392,1992,390,4,1917.98
11393,94,624,2,1792.87
11394,2187,379,1,3220.54
11395,2157,704,1,2148.67
11396,4766,422,2,3588.02
11397,4910,211,2,1447.11
11398,2172,302,3,2414.22
11399,1872,787,5,1189.13
11400,4451,108,4,2807.16
11401,3946,304,5,776.92
11402,5257,121,2,3555.99
11403,1310,545,5,112.58
11404,4923,222,1,3876.38
11405,340,115,2,3846.98
11406,710,217,2,2186.4
11407,1384,738,5,736.65
11408,1317,10,1,2548.94
11409,2368,297,3,2994.91
11410,4283,194,3,1881.85
11411,4728,98,5,2434.39
11412,3761,301,1,3806.43
11413,2285,66,4,1278.54
11414,5185,705,1,3954.68
11415,4042,585,1,3029.19
11416,4380,247,2,2713.3
11417,1357,290,1,218.7
11418,5746,684,3,2207.06
11419,834,88,4,2707.85
11420,768,258,4,148.79
11421,661,137,2,1972.29
11422,5680,279,2,4011.45
11423,5462,630,5,825.53
11424,3866,7,3,510.06
11425,1484,731,4,1699.31
11426,1948,407,2,1193.99
11427,4654,751,4,3272.62
11428,5350,377,3,2355.11
11429,818,416,2,2293.79
11430,5415,763,4,3154.48
11431,403,492,3,3209.72
11432,4205,734,2,435.97
11433,4597,666,3,3409.59
11434,1825,451,2,258.19
11435,1516,190,2,2457.38
11436,4237,369,3,3308.73
11437,4737,11,3,1490.16
11438,4929,78,5,3992.7
11439,1425,151,2,678.82
11440,4659,746,5,1001.53
11441,5713,30,3,1776.84
11442,4854,765,5,867.75
11443,5211,285,3,2716.14
11444,2969,79,3,2358.91
11445,5839,399,4,1568.55
11446,1426,280,5,2539.2
11447,2916,101,1,2570.21
11448,3770,138,1,267.69
11449,274,708,3,2483.38
11450,5068,739,2,715.1
11451,3819,532,4,792.07
11452,4374,137,2,3366.96
11453,851,429,1,1822.25
11454,631,110,4,69.94
11455,4121,214,5,2876.82
11456,2769,568,4,1739.39
11457,2735,621,4,2614.97
11458,1523,94,2,15.98
11459,67,73,5,1350.68
11460,2376,337,4,3667.68
11461,5451,583,5,754.07
11462,5677,2,3,4038.35
11463,1810,504,2,3593.79
11464,5328,769,1,1447.01
11465,1292,87,1,1054.07
11466,1059,293,3,1247.51
11467,5290,642,2,1781.65
11468,2170,484,3,490.19
11469,1059,633,1,3944.33
11470,4687,647,1,3160.38
11471,2192,619,3,1905.12
11472,5418,491,3,1380.93
11473,187,354,5,1981.49
11474,597,249,1,3053.26
11475,5916,484,1,2244.56
11476,3746,230,5,2303.27
11477,3295,91,2,1919.61
11478,1585,786,1,3334.77
11479,3636,720,5,1611.08
11480,1157,275,5,37.87
11481,4698,800,2,830.1
11482,3519,717,5,1502.69
11483,149,761,4,1552.51
11484,1290,116,5,4030.44
11485,3095,221,2,2328.8
11486,3260,595,3,1895.4
11487,2278,512,5,3528.28
11488,5013,297,2,549.66
11489,3459,452,4,1461.72
11490,5453,708,5,1576.99
11491,190,84,5,2451.21
11492,3449,532,1,2373.69
11493,5832,524,4,916.44
11494,4314,388,1,3232.09
11495,2081,83,1,2273.35
11496,2291,716,5,2057.3
11497,2741,16,3,106.15
11498,4778,100,5,1551.6
11499,3974,74,3,29.63
11500,3399,252,4,182.78
11501,391,100,3,4182.95
11502,414,97,4,2319.4
11503,2794,36,2,1445.33
11504,258,738,4,788.23
11505,1920,164,1,1232.91
11506,5441,471,2,2764.75
11507,216,780,4,2280.53
11508,2610,219,1,1556.97
11509,3559,570,1,143.83
11510,2640,118,2,1984.28
11511,1921,236,4,826.87
11512,4062,398,5,1615.21
11513,2119,207,5,1709.37
11514,2165,355,1,2222.26
11515,3482,181,3,3290.12
11516,5360,247,5,2606.05
11517,2011,288,5,601.11
11518,1030,773,4,3085.53
11519,3409,770,2,770.09
11520,2511,662,5,3797.26
11521,5178,9,1,1210.1
11522,469,698,1,3463.23
11523,1729,308,3,2473.26
11524,5438,163,3,2025.46
11525,144,328,3,3494.94
11526,3061,181,3,2717.64
11527,5488,432,3,173.85
11528,3000,587,2,955.95
11529,4418,745,5,1556.4
11530,139,295,2,2194.87
11531,3080,781,5,123.67
11532,5064,306,4,2282.64
11533,3922,361,3,2987.38
11534,4917,604,5,952.09
11535,2218,479,3,63.56
11536,886,26,1,82.63
11537,3171,496,2,1920.33
11538,3938,173,5,3462.51
11539,1171,747,4,2554.07
11540,2244,223,5,482.42
11541,5190,392,3,579.07
11542,1064,646,2,2314.25
11543,2762,239,4,428.02
11544,4173,532,2,1350.11
11545,4446,81,4,2728.63
11546,299,464,5,4107.01
11547,4249,120,1,2300.77
11548,1373,727,3,3850.53
11549,680,152,5,3797.0
11550,3970,159,4,3101.48
11551,1701,558,2,4129.25
11552,5644,268,3,1608.04
11553,2946,497,4,3938.7
11554,3679,643,1,125.36
11555,126,217,4,145.71
11556,391,445,3,3169.33
11557,2421,543,1,18.76
11558,2266,200,4,676.48
11559,5874,605,2,325.21
11560,5541,246,4,1326.68
11561,4231,313,4,2013.66
11562,5023,763,3,2505.27
11563,237,722,3,1361.92
11564,5714,706,1,1916.71
11565,1319,249,5,2157.01
11566,3419,224,1,698.33
11567,3384,489,2,1486.2
11568,5072,748,3,211.31
11569,991,395,1,1432.23
11570,1711,636,2,555.65
11571,4226,525,2,3846.55
11572,849,715,2,3306.36
11573,5944,163,2,2446.02
11574,1269,74,4,3147.18
11575,1590,427,2,3558.09
11576,3718,43,5,1523.86
11577,110,795,4,707.86
11578,3031,439,5,3639.17
11579,5888,102,3,2472.65
11580,110,796,4,1784.68
11581,1313,23,1,2686.89
11582,5319,678,2,2988.7
11583,720,616,5,2626.92
11584,5233,215,4,1391.96
11585,868,601,2,848.87
11586,3657,668,2,3287.17
11587,4100,228,4,1375.59
11588,1129,629,4,3655.44
11589,3137,539,1,1172.68
11590,2598,277,4,2405.38
11591,3102,655,4,2041.91
11592,604,13,1,1601.6
11593,5517,68,3,1697.25
11594,5503,60,1,2106.71
11595,1611,464,2,2980.63
11596,2222,733,1,42.45
11597,449,13,3,2238.1
11598,4736,488,5,2287.85
11599,5163,161,2,132.56
11600,1401,121,5,2789.4
11601,1952,130,2,3680.04
11602,3119,597,2,1371.94
11603,645,509,4,1593.91
11604,2294,264,5,381.15
11605,4110,135,5,1006.97
11606,4346,706,4,1017.31
11607,3712,259,3,2350.14
11608,5054,299,3,1632.64
11609,4927,277,2,3501.28
11610,1801,296,2,3728.3
11611,1171,10,4,2861.65
11612,31,797,2,1245.85
11613,1493,398,2,1285.02
11614,1636,414,2,1497.96
11615,1672,103,1,914.83
11616,3790,526,2,4002.78
11617,3075,91,5,3475.57
11618,1766,280,2,3461.48
11619,2079,178,5,3376.48
11620,5142,609,1,2382.22
11621,4197,546,3,2301.85
11622,1578,479,5,3221.59
11623,341,396,3,2591.04
11624,619,650,4,1252.07
11625,1213,323,2,2501.59
11626,4939,750,1,3656.31
11627,2248,150,5,3016.55
11628,2246,363,2,974.06
11629,4077,747,3,1080.3
11630,1486,561,4,565.52
11631,2673,699,4,3305.42
11632,3232,729,4,2022.07
11633,5887,431,3,1147.68
11634,1354,561,3,1744.57
11635,1048,422,1,1419.01
11636,4298,424,3,3476.42
11637,4145,214,4,2381.22
11638,4520,602,3,2513.67
11639,1348,247,1,1621.72
11640,5186,382,2,254.83
11641,3017,272,4,3269.54
11642,4233,666,3,3261.03
11643,1704,527,3,3720.16
11644,5323,410,4,1338.9
11645,5005,441,5,1513.63
11646,733,392,4,1205.0
11647,441,296,1,942.76
11648,3067,379,3,2233.3
11649,1966,57,4,542.13
11650,5406,580,4,2408.46
11651,5551,179,4,2781.04
11652,936,391,2,1932.72
11653,2234,711,1,4042.85
11654,5991,560,1,178.46
11655,4887,728,1,1395.95
11656,2274,356,4,596.97
11657,5697,431,2,3122.07
11658,1679,214,1,600.87
11659,493,139,2,55.02
11660,4413,650,3,3195.61
11661,2204,137,2,4045.33
11662,1096,770,2,4174.72
11663,487,735,2,1100.51
11664,383,500,4,1366.2
11665,190,418,5,1758.18
11666,3001,264,1,213.01
11667,2678,5,2,2863.38
11668,1113,254,4,2251.98
11669,811,145,2,4102.3
11670,3494,488,2,3404.22
11671,936,18,1,1717.21
11672,4005,5,3,254.65
11673,2864,676,2,3641.35
11674,4312,755,1,128.48
11675,1930,447,1,2873.7
11676,3700,703,3,367.71
11677,1518,619,3,56.8
11678,1191,743,4,2148.77
11679,135,532,2,595.47
11680,3739,442,1,3936.1
11681,5886,478,5,2040.84
11682,4084,323,2,2853.79
11683,4792,557,4,1322.68
11684,5998,293,3,4103.96
11685,5840,349,3,2450.65
11686,2277,666,2,336.27
11687,2388,797,2,2460.9
11688,4746,708,4,2083.65
11689,1629,479,4,3176.22
11690,977,631,3,3729.03
11691,2973,5,5,1000.99
11692,1652,457,1,2606.7
11693,5534,277,4,3757.64
11694,2217,595,4,2863.6
11695,4803,241,2,1823.29
11696,763,362,3,2007.31
11697,438,509,1,2933.47
11698,708,31,2,246.96
11699,4127,668,3,3666.47
11700,3019,144,2,2356.61
11701,4132,10,3,878.04
11702,4390,749,3,2384.07
11703,5814,216,5,3089.84
11704,21,768,5,2468.99
11705,2699,239,3,1222.5
11706,3048,406,4,188.25
11707,829,300,4,329.86
11708,3197,593,3,1008.91
11709,3405,480,4,2629.45
11710,1332,335,2,3884.57
11711,5185,154,5,297.27
11712,3913,120,2,615.46
11713,3803,136,1,98.51
11714,2246,136,4,2633.71
11715,4605,316,4,265.94
11716,678,130,3,2571.85
11717,137,564,1,446.31
11718,48,248,4,4080.55
11719,2023,691,4,2893.25
11720,747,182,2,1468.78
11721,5310,469,1,1336.57
11722,3876,566,3,46.22
11723,1186,124,5,1629.36
11724,1020,328,1,2479.38
11725,4624,585,3,3070.66
11726,3081,285,4,1676.79
11727,4641,349,4,681.92
11728,1436,536,3,3414.3
11729,5142,140,4,2083.33
11730,5741,235,1,1827.44
11731,1683,86,5,2176.11
11732,1264,745,5,3167.48
11733,260,210,4,3334.77
11734,1904,480,1,3815.04
11735,4007,11,1,2031.84
11736,4066,121,2,163.34
11737,4272,65,1,1234.39
11738,4476,133,3,1595.08
11739,1579,225,4,3385.82
11740,5991,630,2,2307.84
11741,5259,354,5,3111.93
11742,2881,187,4,440.18
11743,3808,732,4,2177.33
11744,1706,585,2,1943.84
11745,5224,621,2,944.38
11746,2347,101,4,678.44
11747,2279,228,3,3679.19
11748,5398,633,1,2147.08
11749,2441,561,3,2529.76
11750,2987,601,2,3123.06
11751,4448,468,5,738.64
11752,356,262,4,422.76
11753,3982,234,1,3532.26
11754,3641,593,2,1342.1
11755,4463,614,4,3941.43
11756,2069,469,3,385.14
11757,4853,469,4,2202.3
11758,2589,441,1,1760.18
11759,1103,526,1,3482.22
11760,2848,2,5,1663.86
11761,5766,758,1,2728.98
11762,5609,432,3,90.46
11763,4786,469,4,1992.96
11764,754,703,5,936.04
11765,2183,305,1,588.37
11766,237,123,5,415.02
11767,3516,618,2,1763.54
11768,4480,215,3,400.3
11769,631,79,3,2966.99
11770,3539,585,3,1043.18
11771,2846,174,5,3864.32
11772,4643,357,5,808.63
11773,5126,192,4,162.41
11774,949,714,4,616.81
11775,134,719,2,2682.31
11776,1676,192,2,1249.07
11777,3865,31,2,3373.93
11778,804,500,2,2178.28
11779,502,433,4,2235.29
11780,3813,276,1,2963.54
11781,4733,768,3,1921.23
11782,1244,776,3,1065.63
11783,1813,478,2,3903.86
11784,3095,224,4,2868.96
11785,849,415,5,2025.12
11786,5548,470,4,772.19
11787,2887,330,3,1687.59
11788,3415,682,3,3338.13
11789,2540,372,1,1218.1
11790,5597,779,5,2857.11
11791,1802,197,3,3647.6
11792,3151,490,2,1067.19
11793,704,543,5,3530.95
11794,3408,623,3,1239.27
11795,2223,251,4,1670.7
11796,20,213,5,3502.91
11797,2391,558,2,484.32
11798,2057,286,2,281.24
11799,3140,503,3,2342.92
11800,4810,662,1,3229.96
11801,4714,455,2,3401.89
11802,4186,13,4,2819.07
11803,2765,708,3,1070.47
11804,3904,680,2,1170.62
11805,4622,329,3,3072.37
11806,602,408,4,618.56
11807,1139,336,3,2867.47
11808,1044,798,3,1134.25
11809,4220,361,4,1846.84
11810,5628,200,2,32.07
11811,3235,181,4,2604.15
11812,3509,110,1,2525.77
11813,296,527,4,2483.4
11814,2174,603,4,1182.63
11815,3037,237,3,1047.9
11816,3180,278,4,3882.27
11817,3873,756,5,644.61
11818,3185,98,1,2494.89
11819,2300,759,1,1883.54
11820,3061,389,4,2694.41
11821,945,430,4,3130.63
11822,3868,263,1,1851.08
11823,823,193,5,3976.26
11824,2883,780,4,3432.01
11825,2192,168,5,2583.47
11826,1778,394,4,4094.31
11827,5462,721,5,2645.67
11828,3789,294,3,3804.41
11829,1239,757,5,202.34
11830,2279,549,2,3644.52
11831,436,644,3,3545.72
11832,5312,252,5,2603.2
11833,5128,632,2,3785.34
11834,2346,588,5,421.62
11835,5260,631,4,182.38
11836,4817,291,4,2903.41
11837,606,694,2,2529.04
11838,1890,478,2,1598.33
11839,1384,701,1,1892.27
11840,1190,766,1,2878.6
11841,3873,137,2,3724.68
11842,3397,691,2,58.46
11843,4062,441,1,967.68
11844,2352,745,4,1304.57
11845,2780,704,1,4188.61
11846,803,167,3,1678.53
11847,486,146,3,1244.99
11848,5375,490,2,2302.93
11849,4719,173,4,3758.89
11850,2324,575,2,1612.42
11851,245,696,4,465.21
11852,5211,763,5,65.8
11853,2947,68,4,3989.15
11854,1270,687,1,3620.85
11855,3777,276,1,3197.74
11856,2058,39,2,977.49
11857,1275,645,5,2797.73
11858,1728,678,5,2622.89
11859,4649,289,1,2392.44
11860,3358,382,5,405.05
11861,3859,179,5,99.68
11862,5597,776,4,2023.44
11863,1639,186,3,757.94
11864,3448,420,1,850.09
11865,1697,491,5,276.42
11866,1417,211,4,3636.75
11867,1452,102,3,1569.65
11868,4572,654,4,2172.39
11869,4830,459,4,3019.71
11870,3674,465,1,1698.08
11871,5630,264,4,2643.75
11872,5246,124,5,62.68
11873,4800,436,2,2163.77
11874,3906,164,5,3573.87
11875,4853,286,1,1987.24
11876,2044,336,5,3186.04
11877,2981,188,2,3102.23
11878,1704,54,3,2568.38
11879,2481,427,3,2643.14
11880,100,358,2,1686.2
11881,2920,430,1,1882.08
11882,4185,465,1,2022.29
11883,3753,501,4,1548.19
11884,3401,655,2,660.3
11885,2926,278,4,2851.19
11886,3540,207,4,2883.58
11887,1646,365,3,3585.82
11888,2269,694,2,2565.68
11889,5476,238,1,301.15
11890,3797,153,1,2046.94
11891,3076,305,5,2997.3
11892,4239,787,2,1872.78
11893,1805,630,3,3791.92
11894,4170,429,1,1129.52
11895,703,478,5,1953.46
11896,5210,118,5,2442.38
11897,2676,707,1,1725.82
11898,498,484,3,2101.34
11899,5267,75,4,1266.08
11900,3439,546,4,3987.29
11901,3317,470,2,2401.42
11902,1475,99,4,2203.22
11903,682,658,4,980.56
11904,1812,53,5,248.41
11905,2821,606,2,1819.99
11906,924,493,4,1534.7
11907,1657,740,5,729.96
11908,909,799,3,643.51
11909,3934,256,4,3531.85
11910,1771,381,2,1218.87
11911,4153,275,1,636.46
11912,5491,383,1,1850.37
11913,3193,704,5,710.08
11914,5188,426,5,1094.75
11915,4826,160,5,1214.94
11916,1357,655,2,872.47
11917,5317,65,5,979.04
11918,2576,370,5,1734.94
11919,5328,507,3,2832.63
11920,710,79,1,3261.13
11921,2150,497,2,4038.33
11922,3357,125,3,970.43
11923,3877,215,4,1184.32
11924,701,164,4,3288.79
11925,3466,103,4,1827.51
11926,1628,251,4,1930.96
11927,4430,453,3,1546.55
11928,966,176,2,2005.09
11929,1262,411,3,2458.43
11930,2929,251,1,358.3
11931,5759,23,3,721.54
11932,5638,569,1,3110.24
11933,5145,132,3,2277.47
11934,4215,624,3,1798.35
11935,4445,168,4,1356.55
11936,430,35,3,4194.2
11937,530,616,2,3764.88
11938,4601,702,2,2491.22
11939,5013,590,1,170.88
11940,2202,555,2,2748.89
11941,4987,372,4,3853.13
11942,4824,200,3,2944.57
11943,5045,184,3,4095.87
11944,2517,344,2,2191.69
11945,2034,781,5,1473.75
11946,714,536,4,4025.34
11947,42,197,2,1849.23
11948,5491,748,5,899.37
11949,45,537,4,3194.44
11950,3942,59,1,2650.99
11951,1351,96,4,1989.45
11952,4303,286,4,917.02
11953,1008,554,1,1701.07
11954,2813,738,3,2915.17
11955,3998,85,1,1871.26
11956,914,296,3,2807.19
11957,2773,385,3,4123.06
11958,5809,521,4,2496.73
11959,2476,295,2,3649.04
11960,3812,605,1,2113.0
11961,1701,596,5,1312.47
11962,3988,658,4,879.96
11963,3313,753,3,3873.45
11964,5293,73,2,194.12
11965,5849,523,2,204.66
11966,3989,59,5,578.24
11967,2457,347,5,1515.29
11968,606,96,5,4050.11
11969,4406,227,2,568.4
11970,4313,237,3,2750.31
11971,408,317,1,744.92
11972,2947,427,3,2618.15
11973,3423,83,2,1545.05
11974,3243,393,5,995.97
11975,2847,550,1,2505.01
11976,1549,368,3,1114.96
11977,3460,530,2,2170.21
11978,5241,394,3,608.35
11979,1439,547,5,542.0
11980,4937,13,2,892.77
11981,2235,357,3,1153.47
11982,2281,299,2,519.29
11983,2011,792,2,944.35
11984,3006,477,5,3738.66
11985,944,780,3,1216.57
11986,3837,371,5,3665.76
11987,2141,14,5,492.43
11988,2133,686,1,1281.47
11989,1117,95,4,3502.42
11990,1233,488,1,696.15
11991,2278,534,5,915.66
11992,5343,641,1,1128.09
11993,762,694,3,1827.53
11994,1938,137,1,647.03
11995,2783,105,3,1074.43
11996,4955,533,3,3762.2
11997,894,382,3,3200.86
11998,1139,473,3,3749.49
11999,1003,685,4,2604.07
12000,1559,469,3,1836.42
12001,1121,89,4,1518.63
12002,3201,516,5,2127.4
12003,4296,761,1,2131.41
12004,675,138,4,1458.34
12005,391,22,3,1650.42
12006,5224,157,5,1544.27
12007,4096,7,1,2156.35
12008,4873,177,3,43.16
12009,570,502,2,137.1
12010,411,301,4,3294.63
12011,540,588,4,229.53
12012,5017,656,1,3157.87
12013,4152,729,2,1931.22
12014,1078,566,5,2377.38
12015,5068,82,3,295.57
12016,5584,598,1,4111.66
12017,4754,126,5,272.05
12018,5020,510,5,2570.15
12019,4287,497,1,2985.35
12020,510,67,3,1887.48
12021,4178,23,1,1776.16
12022,384,30,3,4090.68
12023,993,196,3,2570.58
12024,5595,464,2,3771.69
12025,3817,733,3,2921.17
12026,939,201,1,2747.11
12027,2411,505,2,3398.17
12028,4795,671,3,2570.19
12029,5697,614,1,1124.95
12030,5,332,4,215.5
12031,3976,512,5,3473.75
12032,2039,716,4,778.06
12033,842,536,4,1719.49
12034,2987,150,1,4040.5
12035,2606,48,4,1044.18
12036,3857,693,3,1522.05
12037,2100,102,5,2477.21
12038,5274,80,2,3814.19
12039,4894,233,4,3345.56
12040,2311,50,5,308.9
12041,2241,436,4,1748.79
12042,1320,564,5,97.96
12043,1925,121,5,1059.63
12044,4466,26,4,2977.72
12045,2865,324,4,775.56
12046,4200,195,5,2319.5
12047,338,84,4,781.36
12048,1257,346,4,89.83
12049,1711,321,1,1638.51
12050,4346,508,2,789.71
12051,2238,296,1,2028.95
12052,1470,495,5,976.32
12053,1967,564,5,4174.53
12054,3140,742,4,2870.94
12055,4212,233,4,3447.76
12056,3711,170,1,2255.59
12057,1904,262,3,1463.15
12058,4183,541,3,3894.57
12059,5717,438,1,3397.17
12060,3545,645,4,2741.72
12061,721,212,3,2629.07
12062,534,795,1,2740.55
12063,2628,51,4,1340.84
12064,933,211,2,1124.2
12065,2250,64,2,3895.78
12066,2042,29,2,3717.74
12067,3210,284,4,513.57
12068,3198,487,1,2615.64
12069,1173,488,1,1965.43
12070,2368,89,1,856.54
12071,1977,476,5,3481.09
12072,3039,431,3,820.51
12073,4989,522,1,1831.57
12074,1037,458,3,2218.87
12075,1358,649,3,2415.92
12076,4717,236,5,4156.5
12077,3771,394,4,3911.43
12078,3488,473,5,3447.26
12079,1187,15,3,1651.25
12080,4021,59,2,819.05
12081,2156,16,4,1864.86
12082,944,138,4,3561.38
12083,2356,457,2,939.97
12084,5583,762,2,2889.58
12085,714,672,2,2269.4
12086,2442,720,5,77.91
12087,5700,746,2,1066.85
12088,458,174,4,2063.55
12089,4322,443,3,164.99
12090,2356,345,1,2149.09
12091,3295,279,5,1562.11
12092,4526,175,4,1757.24
12093,5663,155,2,2238.4
12094,3326,612,4,3624.84
12095,45,677,2,3239.55
12096,2694,23,4,1664.64
12097,534,341,5,2809.95
12098,252,68,5,3770.94
12099,4348,549,2,3631.43
12100,1273,558,1,3864.2
12101,656,316,4,1151.62
12102,2951,18,2,363.83
12103,5967,651,5,102.56
12104,2176,440,5,3284.91
12105,5580,683,5,390.88
12106,4165,594,2,890.31
12107,5285,626,4,1854.34
12108,2080,199,5,1697.81
12109,4182,728,1,3397.16
12110,2671,481,5,3612.66
12111,826,151,2,4046.48
12112,5218,667,3,211.82
12113,972,506,5,1548.1
12114,5167,11,4,733.12
12115,3678,25,5,3865.02
12116,5474,277,5,2965.63
12117,2938,268,4,3684.81
12118,1305,629,2,1060.08
12119,4270,500,4,288.3
12120,5973,573,4,435.47
12121,3502,561,2,671.68
12122,1274,468,2,160.8
12123,3236,152,2,1251.18
12124,128,676,3,3646.19
12125,3007,741,3,3450.62
12126,1410,611,1,3839.54
12127,5845,242,3,2134.67
12128,1574,248,4,122.83
12129,1465,4,5,3650.13
12130,1955,95,5,1224.67
12131,5094,268,4,4150.41
12132,3633,484,1,1376.14
12133,3308,685,4,3513.91
12134,4527,656,3,2558.24
12135,3217,159,5,77.88
12136,4341,702,5,2860.25
12137,1150,14,4,1120.55
12138,1599,316,3,2383.45
12139,348,268,1,2114.92
12140,66,515,4,1435.43
12141,2145,556,1,3072.87
12142,41,237,1,281.8
12143,5081,795,3,2395.03
12144,5355,753,4,3439.16
12145,861,511,2,2920.87
12146,3947,440,2,1003.24
12147,1448,225,1,3224.83
12148,2710,507,3,970.5
12149,2214,204,5,2314.94
12150,2852,415,1,3567.56
12151,4431,364,1,3742.12
12152,4936,673,2,168.14
12153,3806,586,5,1602.28
12154,2029,539,5,1250.88
12155,5804,82,4,778.06
12156,4637,144,3,3794.39
12157,750,91,5,128.6
12158,5122,429,1,1300.15
12159,3313,741,3,1656.75
12160,357,112,2,1546.96
12161,5620,32,2,2426.91
12162,1065,523,2,2345.16
12163,3803,171,3,3262.35
12164,5335,218,4,366.48
12165,4058,210,2,3187.78
12166,4225,436,4,2380.81
12167,1917,587,1,1931.45
12168,1843,514,2,1943.93
12169,3101,630,3,309.64
12170,122,758,2,1659.3
12171,3746,290,1,1445.93
12172,981,738,3,4044.41
12173,505,212,4,1550.06
12174,2960,155,2,2379.15
12175,688,638,4,795.1
12176,3246,521,3,2303.16
12177,1566,672,1,1618.03
12178,4824,598,3,3964.96
12179,5070,771,2,2373.35
12180,1948,769,2,1340.78
12181,3706,681,5,1492.11
12182,4726,431,4,1496.07
12183,3639,97,3,1246.87
12184,1640,316,3,406.98
12185,5681,284,1,1112.13
12186,5523,629,1,1328.75
12187,5646,56,4,2295.01
12188,3818,164,1,3023.06
12189,1000,574,5,1446.89
12190,3828,106,3,160.19
12191,4484,108,3,1201.64
12192,2687,515,3,2254.8
12193,532,203,3,3352.21
12194,5547,208,2,2127.52
12195,5483,125,3,4031.45
12196,593,185,4,1153.72
12197,5756,750,4,2088.77
12198,1327,455,2,3021.96
12199,4344,197,3,3178.47
12200,12,358,2,1006.95
12201,972,257,4,3297.47
12202,5691,390,4,1033.21
12203,5145,335,4,3208.15
12204,2096,184,1,2470.26
12205,597,294,3,1739.39
12206,4856,210,3,1312.82
12207,2959,508,5,609.83
12208,725,217,4,1031.98
12209,2376,211,5,1994.16
12210,3105,18,1,1880.36
12211,1780,652,4,2843.34
12212,4334,81,5,2683.79
12213,5070,102,2,1580.77
12214,4695,288,3,2456.55
12215,5859,65,4,243.12
12216,5415,117,2,1908.78
12217,1481,110,5,3074.6
12218,2954,542,1,1125.94
12219,2863,560,1,2041.4
12220,1232,152,1,1401.96
12221,263,636,4,3296.27
12222,4678,444,1,1865.39
12223,3698,355,1,2201.48
12224,2578,253,4,3600.95
12225,4907,371,5,3564.12
12226,3931,324,2,1036.7
12227,5356,142,3,2733.66
12228,1188,191,1,1196.11
12229,4789,768,1,2437.59
12230,3802,793,2,3908.18
12231,4393,491,4,3127.42
12232,3046,474,1,2755.6
12233,2880,523,4,3171.95
12234,5405,248,4,2407.4
12235,4404,352,5,1407.88
12236,2858,238,2,697.67
12237,5814,196,3,3215.98
12238,1867,52,2,3260.08
12239,5749,224,4,3667.96
12240,1167,489,1,338.82
12241,2589,511,1,1225.85
12242,3,688,5,553.95
12243,4024,239,1,3785.88
12244,783,762,2,2904.94
12245,4698,47,5,3763.44
12246,1551,705,1,1337.27
12247,3051,155,3,376.1
12248,3441,292,5,1765.48
12249,1797,525,1,4011.18
12250,5717,55,2,379.9
12251,2169,168,1,3433.81
12252,4707,278,4,2859.3
12253,1433,622,2,3877.85
12254,4169,156,1,623.76
12255,4967,112,2,1918.21
12256,2928,794,3,1359.11
12257,4864,389,2,3980.54
12258,4173,700,5,2874.04
12259,1620,388,2,749.49
12260,4687,664,1,3664.35
12261,1347,413,1,3670.45
12262,3739,30,2,1038.33
12263,5641,689,3,158.6
12264,528,333,5,1285.59
12265,1350,70,4,1277.25
12266,525,653,4,3275.18
12267,2207,495,1,1623.78
12268,3526,15,3,2176.67
12269,659,450,5,448.58
12270,2769,720,4,685.63
12271,2742,200,5,3227.87
12272,3959,640,1,914.03
12273,5837,426,3,115.39
12274,5542,369,1,1350.16
12275,1638,213,3,2538.14
12276,2239,733,1,222.52
12277,5242,608,4,3138.03
12278,4563,226,2,786.87
12279,297,790,1,3175.89
12280,1453,625,3,1469.06
12281,5072,686,2,415.96
12282,351,349,4,2797.13
12283,1206,640,3,959.25
12284,3076,147,1,3505.83
12285,3853,715,2,1591.37
12286,2170,318,3,473.36
12287,5807,411,3,316.25
12288,3316,170,2,2448.55
12289,5428,495,2,3270.97
12290,402,747,4,979.29
12291,4306,614,2,3090.55
12292,4887,47,5,3989.82
12293,5639,593,3,72.73
12294,738,430,3,1005.37
12295,5453,292,4,1751.95
12296,5125,799,2,2276.81
12297,4548,299,1,3228.41
12298,2079,677,4,2258.26
12299,4287,598,2,1085.2
12300,4976,368,2,359.54
12301,1777,579,3,418.32
12302,3338,788,1,1195.03
12303,2963,80,4,990.27
12304,1963,565,4,4177.44
12305,5803,438,4,283.2
12306,5775,209,3,1989.52
12307,412,687,5,2308.48
12308,3599,747,3,956.04
12309,957,392,1,3275.8
12310,600,349,4,1334.23
12311,3014,771,2,1585.48
12312,2015,419,2,4057.31
12313,1510,624,2,675.41
12314,2197,297,3,503.1
12315,229,266,1,2476.22
12316,285,455,4,2538.97
12317,5728,98,5,1345.42
12318,4341,730,1,1668.2
12319,1004,147,2,371.22
12320,1916,354,3,3682.12
12321,5455,512,4,3407.91
12322,2847,679,5,3538.6
12323,872,187,4,3115.65
12324,546,774,1,1664.08
12325,4618,176,4,1522.92
12326,3053,201,4,2861.07
12327,1296,17,1,1346.79
12328,1553,504,4,498.43
12329,1271,783,4,3225.11
12330,3291,466,5,755.04
12331,2483,354,2,125.74
12332,5702,42,3,2536.99
12333,2326,135,1,952.84
12334,547,555,4,2142.96
12335,4240,328,2,3577.68
12336,1381,596,4,3544.6
12337,3005,73,1,1205.25
12338,374,224,4,1102.76
12339,4626,102,3,2975.73
12340,547,203,5,875.51
12341,3735,24,4,454.76
12342,1611,72,4,513.35
12343,656,597,2,1101.5
12344,1325,690,5,3760.2
12345,2537,668,2,2056.94
12346,5431,735,2,2896.32
12347,1442,698,1,1949.92
12348,5601,551,4,1767.29
12349,3522,785,4,4119.84
12350,739,56,1,498.41
12351,2358,173,1,4174.28
12352,2594,116,3,406.02
12353,2328,305,1,194.71
12354,4618,366,3,480.52
12355,2344,507,3,3243.56
12356,5513,457,5,3359.1
12357,2481,204,1,1739.82
12358,1753,349,1,3377.9
12359,4684,669,2,230.53
12360,2098,517,5,4045.71
12361,4824,505,5,2902.58
12362,2812,164,3,2321.82
12363,2538,506,3,887.03
12364,4892,576,5,698.84
12365,2211,306,5,1093.84
12366,709,686,4,2195.21
12367,39,59,5,1419.23
12368,1838,289,3,3147.1
12369,3023,142,4,2278.04
12370,5323,228,1,506.82
12371,4348,648,5,2459.68
12372,139,437,5,1167.2
12373,1673,576,3,2442.89
12374,287,493,3,3624.56
12375,5344,32,1,657.43
12376,792,696,1,80.27
12377,5356,453,5,3665.27
12378,3964,333,4,4161.85
12379,2206,596,1,1698.38
12380,2970,721,2,3636.81
12381,3238,635,4,568.1
12382,5671,104,3,3129.23
12383,1056,282,3,498.68
12384,1915,558,5,1441.69
12385,3763,444,2,473.69
12386,5339,476,4,3510.97
12387,3488,203,3,3326.81
12388,2489,87,2,2423.23
12389,5456,638,3,1486.08
12390,1106,142,3,1522.22
12391,1538,429,2,2170.79
12392,321,281,3,3506.03
12393,3960,83,4,2470.75
12394,1901,214,2,2108.77
12395,4453,464,5,3976.95
12396,2262,427,2,699.16
12397,5892,50,1,1138.78
12398,3005,710,2,2130.1
12399,4613,323,3,2197.0
12400,5579,272,3,804.98
12401,5586,389,5,886.77
12402,5654,769,5,3940.39
12403,4109,135,5,201.83
12404,4445,131,5,3061.3
12405,4197,633,5,1320.5
12406,1673,91,3,4155.47
12407,5086,791,1,3935.29
12408,1860,609,3,1886.63
12409,3097,94,2,997.6
12410,5290,499,1,3142.84
12411,3996,410,3,1070.83
12412,5417,771,4,1725.92
12413,4170,727,4,2782.07
12414,5859,779,1,2944.17
12415,3713,85,2,612.54
12416,5980,784,5,3633.15
12417,1698,774,2,2767.74
12418,5479,741,4,689.01
12419,4113,472,1,3780.1
12420,1643,531,5,3580.82
12421,742,6,1,2736.07
12422,4450,703,4,619.94
12423,844,670,3,601.1
12424,1559,52,2,2164.18
12425,2217,181,3,1489.1
12426,515,295,5,1688.08
12427,763,387,1,4144.45
12428,5725,742,1,2872.36
12429,4667,771,3,2124.31
12430,2259,736,5,788.14
12431,1338,365,2,2042.38
12432,4672,322,4,425.5
12433,2208,487,2,3625.1
12434,2210,633,3,525.55
12435,2681,721,4,2557.3
12436,5838,31,5,1711.96
12437,1988,681,4,2908.23
12438,784,483,4,1147.9
12439,1359,346,2,3013.08
12440,1492,684,2,2958.77
12441,3223,235,2,96.55
12442,260,263,1,415.84
12443,4278,413,3,3140.94
12444,3817,60,4,4093.25
12445,3825,209,4,24.25
12446,1953,409,4,3492.19
12447,3244,756,2,3110.5
12448,638,713,4,756.95
12449,4744,615,1,4144.72
12450,2739,60,2,1083.75
12451,710,66,5,2087.69
12452,3520,234,5,251.52
12453,3220,799,2,4068.96
12454,2085,711,5,2755.02
12455,2715,192,1,3355.99
12456,2544,352,4,4178.82
12457,2390,676,2,248.3
12458,2140,105,4,1213.12
12459,5437,163,5,2376.73
12460,819,188,1,2793.38
12461,5547,797,3,3538.14
12462,4258,72,1,3038.09
12463,3090,436,5,3587.3
12464,2638,409,5,1599.79
12465,1567,566,4,3820.46
12466,4465,704,3,1916.26
12467,1400,624,3,2225.35
12468,2242,196,1,276.08
12469,1054,785,1,2486.82
12470,5370,759,1,2167.92
12471,1302,441,3,544.06
12472,2412,319,1,4070.21
12473,1435,149,3,2615.94
12474,114,389,3,399.33
12475,4641,765,5,4060.15
12476,1436,702,3,79.14
12477,2186,77,1,933.38
12478,1013,105,1,3551.41
12479,3122,433,3,3048.92
12480,4177,187,1,2713.89
12481,4033,452,5,334.27
12482,5363,472,1,3656.72
12483,3600,511,3,219.91
12484,4365,400,5,143.71
12485,5047,354,2,1217.96
12486,2444,11,3,3332.67
12487,1936,380,2,2594.72
12488,4412,501,3,983.7
12489,4209,57,1,44.95
12490,4948,479,2,3344.37
12491,3843,522,5,3760.83
12492,3260,553,4,1478.76
12493,3829,33,2,2013.47
12494,3568,325,3,3397.89
12495,2048,25,4,3527.61
12496,2348,41,2,3688.71
12497,4663,745,1,1821.12
12498,3439,45,5,3804.73
12499,5941,129,4,1742.49
12500,1556,268,1,2360.71
12501,3593,695,2,114.84
12502,2491,11,5,1840.74
12503,4670,110,2,4090.13
12504,212,65,4,3969.32
12505,743,421,5,1178.03
12506,2078,660,4,2802.34
12507,33,797,5,4104.2
12508,3603,168,2,955.04
12509,2972,485,2,3689.7
12510,830,320,2,2908.43
12511,5944,402,1,2027.12
12512,5788,455,1,518.42
12513,671,475,1,3054.39
12514,3072,655,5,1819.05
12515,2714,737,3,263.74
12516,592,176,2,1743.41
12517,3753,631,1,3452.7
12518,3369,159,1,3034.18
12519,4772,225,4,1517.61
12520,436,665,4,2066.72
12521,4440,680,5,638.21
12522,3293,695,4,3684.57
12523,1591,656,4,1632.54
12524,1396,82,4,691.5
12525,720,284,2,4197.28
12526,4344,758,2,1877.21
12527,1797,596,2,4137.86
12528,4963,187,1,337.43
12529,3815,287,2,1015.33
12530,814,286,1,4059.64
12531,5042,428,5,238.09
12532,4914,564,5,1620.16
12533,2679,511,3,1303.11
12534,1220,225,3,1285.06
12535,5884,67,1,3706.39
12536,60,335,5,1325.46
12537,3309,170,4,3678.79
12538,4301,34,4,3884.29
12539,3718,214,1,1596.44
12540,3077,397,1,1665.06
12541,5176,344,4,3638.11
12542,5491,550,5,2196.21
12543,1925,658,5,3751.33
12544,5223,400,3,1569.02
12545,4517,16,1,3356.32
12546,625,579,3,3245.48
12547,1139,496,1,2546.1
12548,5207,226,3,924.43
12549,2093,176,3,1088.22
12550,2138,788,5,3299.12
12551,4798,29,2,3564.24
12552,1482,558,4,1526.37
12553,3097,166,2,3127.29
12554,4066,610,2,1948.48
12555,1423,581,4,1147.48
12556,1207,322,3,1767.32
12557,4739,526,5,774.2
12558,5233,122,3,1546.96
12559,3163,441,3,1778.49
12560,5772,299,5,3107.16
12561,616,39,1,1925.62
12562,5528,703,3,313.1
12563,2174,199,5,2769.79
12564,2663,684,2,2241.08
12565,496,220,4,2882.45
12566,1558,72,4,2502.28
12567,4261,795,1,1518.65
12568,3062,781,1,4156.36
12569,837,84,1,1120.09
12570,497,686,4,3963.8
12571,660,754,3,57.64
12572,4487,133,5,75.73
12573,5904,690,1,2386.04
12574,1220,508,2,62.13
12575,844,359,5,2116.17
12576,1792,662,4,1216.99
12577,479,592,3,2193.67
12578,1122,262,3,2717.48
12579,4455,564,5,2667.63
12580,5021,482,3,1197.62
12581,3029,751,2,1671.79
12582,4391,9,3,401.57
12583,3095,448,2,370.91
12584,2841,554,2,2570.92
12585,5908,80,3,1659.06
12586,1629,259,3,111.99
12587,762,554,5,2842.54
12588,4196,177,1,262.73
12589,1621,772,4,4003.97
12590,4658,59,3,242.28
12591,415,695,3,428.18
12592,380,761,5,550.1
12593,967,365,5,1913.12
12594,5526,30,5,643.81
12595,5740,698,2,818.29
12596,448,30,3,3661.34
12597,3595,3,4,2591.52
12598,856,497,3,4180.43
12599,4766,376,1,1237.57
12600,4954,82,1,555.79
12601,3781,737,2,807.28
12602,1097,497,5,924.48
12603,124,185,4,3724.58
12604,5907,132,2,3314.31
12605,4260,532,4,1399.93
12606,4403,259,1,1676.41
12607,40,369,2,862.33
12608,4804,109,5,3319.11
12609,1757,67,5,312.67
12610,5715,792,1,3036.3
12611,1148,245,5,2150.98
12612,3495,330,2,3027.94
12613,4711,486,1,2719.45
12614,974,152,1,3677.06
12615,204,322,2,1697.19
12616,190,307,5,2460.63
12617,311,576,2,2882.48
12618,2077,770,3,2718.65
12619,603,233,5,3694.43
12620,424,537,4,692.19
12621,348,676,3,274.59
12622,1115,500,1,1582.68
12623,5936,730,1,1679.32
12624,381,569,5,3547.25
12625,5858,462,2,1350.08
12626,993,498,4,3471.76
12627,4977,296,4,3614.28
12628,445,702,4,3567.04
12629,3725,287,2,694.15
12630,4359,336,5,1853.16
12631,3306,399,5,1505.51
12632,5947,579,2,3140.49
12633,1523,414,2,1510.88
12634,957,553,5,3130.64
12635,5698,464,5,678.66
12636,3723,35,1,1384.46
12637,5485,166,2,888.42
12638,1144,700,4,2544.0
12639,3954,19,4,3203.65
12640,1361,216,5,2263.8
12641,14,670,3,2879.68
12642,2691,192,3,710.64
12643,2316,242,4,1186.67
12644,1832,263,1,1667.91
12645,5048,573,5,1182.58
12646,5397,107,3,319.28
12647,615,605,5,3236.14
12648,2519,798,5,1047.82
12649,919,707,4,1746.82
12650,2679,125,4,2277.82
12651,4743,96,5,2681.31
12652,1841,57,2,992.92
12653,491,493,3,874.5
12654,4079,528,1,2998.34
12655,1868,78,5,2186.17
12656,1002,647,5,976.15
12657,5524,501,5,1462.3
12658,279,265,4,860.36
12659,4535,513,1,2315.24
12660,2130,572,3,4001.92
12661,1250,661,2,3104.04
12662,5247,327,2,2189.06
12663,3960,66,4,1895.35
12664,4200,76,5,1809.65
12665,3513,53,1,2219.34
12666,1507,270,2,2926.78
12667,3294,443,3,617.58
12668,1405,696,2,2003.47
12669,2705,309,1,3902.36
12670,3006,774,1,1484.57
12671,1360,5,5,3362.73
12672,3382,403,5,275.65
12673,5686,761,3,2131.11
12674,802,308,1,3465.2
12675,1492,347,5,3473.38
12676,3604,110,5,2902.85
12677,827,87,3,120.68
12678,97,270,1,2850.59
12679,5077,486,1,1805.2
12680,5406,521,1,359.94
12681,5849,153,2,4199.51
12682,54,96,4,1425.94
12683,2129,699,2,904.92
12684,3521,307,1,133.21
12685,3291,642,2,2256.92
12686,1386,659,5,1988.77
12687,1977,697,3,2474.17
12688,3474,31,2,684.36
12689,4183,786,1,2202.19
12690,4209,456,4,4027.04
12691,1026,241,1,2555.0
12692,5951,353,5,3990.78
12693,3580,777,2,2415.41
12694,2369,353,2,3731.91
12695,4726,60,5,3666.04
12696,4714,122,5,1972.4
12697,2787,358,5,2742.83
12698,3397,238,3,3912.5
12699,5017,171,1,603.93
12700,307,649,4,436.79
12701,802,135,1,1140.63
12702,1690,144,3,393.58
12703,5161,685,1,3798.85
12704,2431,733,2,2313.08
12705,3523,268,4,1538.99
12706,2294,362,5,2790.97
12707,1341,584,4,48.55
12708,5698,409,3,3751.86
12709,5659,333,3,3034.44
12710,2363,684,1,780.75
12711,2326,279,3,3543.97
12712,643,554,3,608.17
12713,2503,497,5,1354.77
12714,1848,241,4,32.13
12715,3745,702,5,2522.57
12716,4960,784,5,3995.57
12717,4295,156,1,4041.95
12718,97,125,1,2604.07
12719,3353,603,4,1701.29
12720,2966,600,4,1812.13
12721,3471,460,1,3850.35
12722,540,670,2,4189.57
12723,3118,472,1,2151.46
12724,5401,147,3,2283.69
12725,4826,43,4,244.44
12726,5072,545,5,1073.58
12727,3072,274,3,1188.04
12728,338,376,3,3312.1
12729,4143,92,2,43.76
12730,412,625,3,3479.89
12731,2972,281,2,515.96
12732,1743,454,1,2222.1
12733,1778,165,2,536.23
12734,1087,347,5,3229.5
12735,5307,103,1,2131.58
12736,3615,354,3,2473.01
12737,4607,681,3,465.55
12738,587,294,1,3812.97
12739,2743,616,1,2135.07
12740,3492,595,1,3200.53
12741,189,240,5,1919.35
12742,870,145,3,1854.43
12743,347,262,3,2624.13
12744,5156,613,4,664.17
12745,1136,718,2,2995.63
12746,4923,172,1,3802.76
12747,3882,575,4,3510.4
12748,4751,751,3,3412.86
12749,1573,561,2,78.27
12750,3786,35,4,3214.85
12751,3186,670,1,3243.73
12752,5835,286,4,2193.0
12753,934,569,1,3943.99
12754,2668,777,3,2122.45
12755,1245,173,3,2636.63
12756,1854,579,1,2971.58
12757,207,618,2,2351.31
12758,4453,500,3,1893.64
12759,3753,526,3,2283.6
12760,5122,34,1,3621.38
12761,3167,370,3,3427.39
12762,5965,40,3,926.84
12763,5009,311,2,3417.19
12764,2843,13,2,1942.71
12765,5208,381,1,210.88
12766,1556,533,5,2867.12
12767,1440,354,4,2673.33
12768,4366,661,1,292.52
12769,2939,102,5,3170.44
12770,3974,227,5,1395.15
12771,4390,161,5,2086.3
12772,2872,382,2,2990.81
12773,5273,421,3,3798.25
12774,1904,511,1,2938.61
12775,4325,30,2,2613.96
12776,3592,413,3,1657.0
12777,4265,36,2,1586.7
12778,1403,554,5,439.82
12779,3184,232,5,508.36
12780,4542,325,5,2097.82
12781,4210,534,3,3005.41
12782,4050,154,3,1944.59
12783,5026,29,5,3659.91
12784,5701,485,5,3090.15
12785,4872,528,5,1011.08
12786,4330,304,5,1414.67
12787,5625,165,3,1374.03
12788,4417,386,5,3468.23
12789,5013,270,4,2524.75
12790,316,362,5,2301.35
12791,3243,344,5,36.4
12792,4199,152,1,2964.21
12793,2645,459,5,2750.98
12794,4116,603,2,2084.52
12795,69,6,1,2772.84
12796,2131,463,1,526.5
12797,4676,447,1,3471.86
12798,4347,298,5,2065.61
12799,5474,64,1,4022.24
12800,4453,523,3,1707.24
12801,363,646,4,3467.35
12802,1122,777,2,1962.45
12803,4954,433,1,4063.92
12804,3721,665,1,2305.71
12805,5072,280,3,3668.92
12806,2743,251,4,1227.29
12807,2277,797,2,1691.17
12808,5897,698,1,2834.95
12809,680,788,5,137.77
12810,5359,243,3,610.41
12811,5573,800,3,2644.44
12812,5110,502,1,3438.58
12813,5048,458,3,3638.91
12814,2169,69,3,1424.35
12815,5730,67,5,3870.03
12816,5018,583,2,1095.86
12817,5969,738,5,2100.15
12818,2198,13,1,1472.66
12819,3409,45,2,3443.23
12820,2444,430,4,3673.25
12821,4819,571,1,2460.7
12822,629,304,5,1174.22
12823,978,650,3,3098.02
12824,4573,46,2,315.57
12825,2578,451,5,2678.37
12826,2396,567,2,2800.74
12827,4177,384,4,1455.19
12828,2100,427,4,3156.56
12829,113,567,2,3293.26
12830,2522,483,1,3679.88
12831,2026,414,5,1140.93
12832,1833,19,3,3352.09
12833,4905,222,3,1303.96
12834,1727,165,3,3145.57
12835,5885,649,4,1128.33
12836,3300,764,3,4004.45
12837,5546,280,5,333.06
12838,579,794,4,1235.17
12839,1917,783,1,1171.69
12840,2442,553,2,2051.74
12841,3830,753,2,2631.89
12842,4172,593,2,2496.15
12843,3620,176,5,3581.78
12844,2990,297,3,2304.4
12845,690,601,1,2599.34
12846,5828,549,4,1467.49
12847,5657,675,5,2079.68
12848,1851,5,5,2982.62
12849,2488,186,1,1885.43
12850,5781,660,3,2180.1
12851,2905,534,2,1701.24
12852,5952,67,5,833.71
12853,5479,111,4,1037.37
12854,578,471,2,726.62
12855,3803,458,2,900.63
12856,709,713,5,867.9
12857,3914,406,1,538.19
12858,2738,184,2,2088.02
12859,2483,541,3,1077.15
12860,5520,158,1,3298.24
12861,1884,682,4,414.02
12862,3869,447,1,1923.43
12863,1410,387,3,3916.53
12864,4995,495,4,4089.16
12865,5123,586,3,1596.91
12866,2855,16,4,3824.46
12867,2039,483,4,1151.31
12868,493,424,2,2037.38
12869,4342,642,3,1638.23
12870,3086,294,1,1757.45
12871,3557,729,2,3764.01
12872,2677,29,4,261.65
12873,5672,189,3,1698.02
12874,4826,82,3,1856.94
12875,1366,524,4,914.46
12876,3170,31,1,2047.17
12877,3831,299,5,2880.35
12878,2555,682,2,2730.97
12879,5657,171,5,3838.37
12880,5626,25,1,2682.12
12881,3934,123,4,2431.79
12882,5266,661,3,1315.24
12883,461,587,2,3447.56
12884,5103,612,1,275.06
12885,786,685,5,3119.09
12886,580,189,3,1446.45
12887,4155,604,2,3136.55
12888,3481,95,3,3431.75
12889,3102,701,2,76.95
12890,2671,196,4,1480.29
12891,5341,761,5,3960.67
12892,4188,586,5,4141.68
12893,1100,125,1,2892.6
12894,1701,272,1,2526.63
12895,5501,601,2,3363.29
12896,185,396,4,139.34
12897,1753,186,5,1340.33
12898,2779,320,3,2341.13
12899,84,338,1,1787.44
12900,463,589,1,2178.18
12901,5787,11,1,324.74
12902,5537,444,5,348.49
12903,2588,608,5,2945.41
12904,3303,626,3,3999.27
12905,4344,137,4,2894.42
12906,1490,325,1,3892.59
12907,2425,275,4,2729.37
12908,2515,336,2,3501.14
12909,904,433,5,1487.52
12910,5203,412,5,2389.51
12911,974,380,3,2965.18
12912,123,4,4,3937.42
12913,3223,459,1,3843.98
12914,1061,189,3,1785.24
12915,1441,739,5,1138.4
12916,4424,116,4,159.64
12917,1132,197,2,1004.89
12918,5360,403,3,3194.89
12919,3774,489,3,1199.98
12920,2639,260,4,1117.0
12921,2710,36,3,2309.3
12922,355,701,3,2058.6
12923,2076,726,3,4010.03
12924,2875,691,2,1413.23
12925,2759,59,2,2230.89
12926,3489,314,3,807.57
12927,4140,336,5,2569.6
12928,5653,513,3,1843.66
12929,4248,48,3,3166.35
12930,3685,453,2,1768.64
12931,268,147,4,1144.89
12932,3025,627,4,4042.99
12933,2245,196,4,905.6
12934,5116,139,1,2495.77
12935,5793,544,1,1193.04
12936,2674,652,1,1011.28
12937,4308,212,2,797.53
12938,2653,173,2,1141.45
12939,5699,373,5,3957.88
12940,2075,258,3,1606.99
12941,3407,434,2,2053.94
12942,5773,745,5,2038.49
12943,2117,434,1,2589.37
12944,1864,184,2,443.36
12945,2743,761,1,3814.08
12946,3563,135,4,1609.24
12947,4575,41,1,3774.88
12948,4534,265,2,3749.62
12949,2287,202,2,298.02
12950,3952,729,1,1254.19
12951,5524,527,1,2548.46
12952,918,703,3,3672.61
12953,2597,15,2,1301.68
12954,290,170,1,4104.69
12955,4626,745,3,2718.03
12956,4391,607,1,1597.1
12957,112,430,2,990.37
12958,1292,52,3,3161.27
12959,3579,236,3,3299.37
12960,309,38,3,3058.54
12961,3879,355,4,1465.63
12962,4734,11,5,803.57
12963,5163,746,2,2745.12
12964,721,366,5,105.86
12965,4709,761,5,2862.38
12966,5979,534,2,2351.52
12967,5246,112,4,3333.02
12968,2255,53,3,3162.74
12969,3334,13,3,559.99
12970,5699,505,3,401.3
12971,3196,433,3,3302.46
12972,5590,766,5,3555.06
12973,5716,486,1,843.15
12974,2775,176,3,3960.16
12975,1725,245,4,2416.18
12976,208,65,1,3145.85
12977,5713,211,5,2030.3
12978,5463,647,3,115.34
12979,3747,372,4,2363.14
12980,4270,719,5,899.46
12981,214,682,2,4098.63
12982,1891,358,1,3898.08
12983,42,552,2,1363.88
12984,4898,236,3,1477.96
12985,1457,411,1,712.08
12986,1804,67,4,2216.71
12987,5042,174,5,2915.06
12988,2390,393,4,3753.15
12989,2778,668,2,2641.26
12990,1766,31,3,1463.02
12991,2612,269,5,3236.23
12992,4366,797,4,2077.65
12993,4855,755,2,1764.34
12994,2043,528,5,1494.88
12995,1454,738,5,3274.64
12996,4246,648,4,2994.85
12997,5030,230,2,3096.32
12998,1952,672,4,3988.23
12999,2920,116,4,1199.04
13000,2154,125,1,1941.41
13001,3977,438,1,4108.2
13002,2264,730,3,1300.48
13003,3238,56,3,1977.53
13004,3688,396,5,1100.95
13005,5214,99,1,2034.1
13006,1076,159,3,2415.94
13007,59,107,1,1233.47
13008,5795,331,4,1230.79
13009,5123,30,2,411.56
13010,2465,214,2,1029.62
13011,5237,618,5,2821.49
13012,4898,489,2,3324.76
13013,2864,744,2,2065.02
13014,3716,608,1,2382.84
13015,700,151,3,3716.03
13016,283,707,4,2250.86
13017,547,714,3,2857.14
13018,913,555,2,3055.58
13019,1784,777,2,4160.64
13020,1732,491,4,864.24
13021,3803,732,1,1670.22
13022,495,592,2,2305.27
13023,2045,354,4,1998.41
13024,305,204,1,1480.4
13025,5032,576,5,2494.64
13026,5228,48,1,1534.62
13027,1390,499,3,1439.39
13028,454,199,3,107.46
13029,5095,324,4,1744.13
13030,1047,433,1,3350.12
13031,3544,74,1,1818.3
13032,3548,73,5,3550.24
13033,3165,645,1,3393.11
13034,1154,359,2,722.04
13035,3426,42,1,1769.09
13036,5142,766,3,2594.9
13037,1349,599,1,3093.7
13038,3643,701,2,3865.15
13039,990,341,4,1557.1
13040,4518,245,5,1405.69
13041,2672,91,4,436.98
13042,2036,735,5,1934.41
13043,2978,269,4,972.32
13044,4825,229,1,1308.09
13045,851,723,3,800.46
13046,4328,587,5,2241.95
13047,2465,353,1,1031.8
13048,4217,389,4,3453.98
13049,1692,534,4,2184.15
13050,5138,757,3,757.7
13051,2470,241,1,3854.08
13052,5997,433,1,2751.88
13053,412,505,5,500.44
13054,3034,743,3,2577.97
13055,1727,457,4,3797.72
13056,2336,668,5,2707.41
13057,2407,793,5,1177.34
13058,5705,171,4,2346.36
13059,4327,503,1,815.44
13060,321,273,5,2015.56
13061,2868,598,1,3182.2
13062,2413,43,2,234.83
13063,1800,225,5,3448.73
13064,5428,59,1,2793.25
13065,2164,772,2,1112.72
13066,2287,172,5,3758.58
13067,3855,445,3,3462.34
13068,5707,258,5,1707.56
13069,3504,523,3,3042.36
13070,5390,302,5,315.1
13071,5123,239,5,457.54
13072,3590,614,1,1059.15
13073,3409,418,4,1141.09
13074,1959,418,1,3746.4
13075,5856,730,2,1625.68
13076,3001,636,1,3785.67
13077,1005,380,4,3799.46
13078,5890,597,3,3566.39
13079,1698,419,4,1011.12
13080,5059,332,1,1150.57
13081,5956,20,2,3356.35
13082,860,19,3,855.56
13083,5882,316,1,1674.57
13084,507,557,3,3902.06
13085,3767,102,4,2999.05
13086,1350,320,2,999.35
13087,4411,336,2,491.69
13088,2188,481,4,1662.26
13089,251,79,4,967.03
13090,3795,478,4,2506.37
13091,1194,322,1,2557.79
13092,5090,639,3,3665.18
13093,4992,380,4,3964.81
13094,3171,239,1,4079.9
13095,2573,55,5,3842.46
13096,4564,660,1,1735.15
13097,3071,480,4,3252.32
13098,5167,536,2,20.91
13099,379,604,1,2056.96
13100,4351,275,1,3003.06
13101,4145,526,1,231.06
13102,4663,468,1,3845.54
13103,67,48,3,1738.87
13104,1023,50,3,2644.47
13105,3993,54,1,1907.16
13106,3167,797,5,3697.36
13107,2659,455,2,2731.61
13108,936,571,4,1550.55
13109,3997,416,5,807.77
13110,412,343,5,964.76
13111,3063,21,5,1497.85
13112,1977,55,1,2322.65
13113,4533,611,5,2961.68
13114,4279,576,2,3470.84
13115,321,583,1,1895.84
13116,1504,253,4,3494.7
13117,5924,627,1,1180.69
13118,4977,177,5,432.36
13119,5580,401,1,3238.61
13120,5349,256,3,4194.57
13121,3086,72,3,1322.46
13122,2379,367,3,4131.9
13123,4982,453,2,1015.97
13124,3380,400,4,3271.9
13125,4924,504,2,2763.66
13126,3876,376,5,1282.4
13127,5314,549,4,1489.34
13128,4939,354,2,217.93
13129,1819,747,5,2716.99
13130,3895,583,3,515.56
13131,1365,322,5,1679.54
13132,2327,718,4,1719.98
13133,1520,124,3,3481.33
13134,1782,64,4,4038.34
13135,1200,172,2,3015.48
13136,1400,359,5,3545.06
13137,2681,483,1,1619.83
13138,3432,796,5,444.7
13139,944,48,1,3065.16
13140,2742,665,4,3869.31
13141,2832,477,5,1989.51
13142,361,701,4,475.83
13143,5389,82,2,1145.65
13144,1065,164,4,2794.29
13145,4054,730,2,70.06
13146,4562,208,3,2836.01
13147,4176,752,5,1436.61
13148,3746,539,3,1068.43
13149,2917,702,5,2565.87
13150,475,19,3,353.13
13151,4928,634,2,1673.31
13152,2374,127,5,775.16
13153,2418,323,5,2109.96
13154,630,633,3,1325.51
13155,1574,347,3,1038.25
13156,1652,217,4,2804.25
13157,44,237,1,1249.87
13158,4330,642,2,3726.49
13159,4079,371,5,1833.8
13160,3838,722,3,4026.68
13161,5695,542,1,2467.49
13162,4250,727,1,2736.2
13163,468,564,5,4037.02
13164,1310,587,3,3173.51
13165,2512,303,1,3557.38
13166,5210,751,3,1054.16
13167,3971,183,2,3985.87
13168,566,139,4,1300.8
13169,3837,70,5,3185.85
13170,3257,34,5,762.13
13171,1965,648,1,2156.28
13172,3452,600,2,2145.05
13173,4933,141,5,1010.92
13174,4715,526,4,743.51
13175,785,711,1,1902.52
13176,1707,632,5,2509.95
13177,1271,718,5,3154.54
13178,2456,366,3,971.03
13179,749,158,2,3711.78
13180,4183,126,2,1192.42
13181,1267,266,3,3379.74
13182,2285,186,3,377.32
13183,3260,399,5,861.62
13184,3250,143,2,3768.74
13185,619,15,4,48.35
13186,5714,280,1,1217.56
13187,3269,261,4,452.68
13188,3028,287,1,3559.98
13189,2792,283,3,1412.16
13190,739,764,2,661.0
13191,4317,177,2,3947.58
13192,3776,275,5,87.43
13193,4824,653,2,1188.78
13194,2970,731,3,1767.23
13195,1496,16,2,3207.47
13196,4494,446,1,326.05
13197,198,397,3,4127.29
13198,2827,487,5,229.86
13199,1685,392,5,124.09
13200,4944,465,2,1787.94
13201,1880,402,2,17.67
13202,934,101,2,975.39
13203,2392,330,1,2941.01
13204,3405,783,5,1540.78
13205,1861,456,3,675.71
13206,1289,521,1,1987.83
13207,4241,360,2,2605.65
13208,893,80,5,224.01
13209,5506,459,2,766.49
13210,455,468,3,1407.18
13211,2496,434,1,1411.43
13212,3874,698,1,2677.74
13213,5957,95,4,2710.98
13214,3020,381,4,2340.32
13215,4498,291,2,3729.17
13216,435,791,3,2132.39
13217,4423,470,3,4135.7
13218,183,354,2,1250.42
13219,1128,652,2,256.98
13220,2122,660,2,3117.87
13221,519,465,2,3560.47
13222,2933,134,1,1318.39
13223,1546,668,1,2767.82
13224,4655,496,5,1691.14
13225,5849,520,1,174.57
13226,2235,731,3,297.62
13227,1340,490,4,2834.82
13228,2479,550,2,2570.23
13229,5511,662,5,750.32
13230,2028,568,5,1376.45
13231,2294,518,2,127.95
13232,4408,481,5,970.95
13233,5278,444,3,3273.73
13234,5323,269,4,1137.51
13235,594,183,1,581.15
13236,1772,716,2,2500.2
13237,2235,730,2,1048.06
13238,2954,701,1,669.88
13239,5022,617,3,3925.93
13240,5174,262,5,2212.68
13241,2656,465,3,2384.47
13242,1195,310,3,2354.12
13243,1417,400,5,2598.84
13244,3090,649,5,2781.44
13245,5991,289,1,342.25
13246,328,261,2,1611.92
13247,3137,592,5,1670.07
13248,3147,247,5,3254.51
13249,5959,659,2,3393.67
13250,851,728,2,3815.64
13251,2363,364,2,3753.45
13252,2187,726,4,1656.31
13253,3343,613,1,1614.25
13254,5253,382,4,3156.0
13255,162,420,5,2795.07
13256,4395,642,5,57.3
13257,5047,158,5,2626.45
13258,3659,410,5,424.7
13259,2242,347,5,510.93
13260,2639,140,4,3336.05
13261,4891,340,1,577.38
13262,1383,772,1,2634.69
13263,2520,378,4,2256.02
13264,588,42,5,880.93
13265,2600,40,5,984.47
13266,3332,775,5,2645.43
13267,3742,168,1,2273.91
13268,122,363,2,2130.59
13269,1348,343,1,698.66
13270,374,279,5,844.28
13271,3573,116,1,190.43
13272,1607,358,3,4023.72
13273,50,723,2,1638.73
13274,1842,414,1,1468.91
13275,1937,516,1,1497.72
13276,2637,538,4,3211.48
13277,1500,733,2,2364.28
13278,456,473,4,90.32
13279,3673,277,1,2940.77
13280,4978,245,1,1785.88
13281,4883,347,3,2495.42
13282,438,424,4,4142.35
13283,4743,795,4,2711.03
13284,1167,331,5,3484.36
13285,5138,614,5,2775.9
13286,5555,387,3,3282.75
13287,2754,42,1,1756.57
13288,1576,408,2,159.1
13289,5682,606,3,4022.13
13290,2114,382,3,1924.74
13291,807,81,4,2160.4
13292,3951,58,2,3552.52
13293,5168,516,4,3566.5
13294,3116,107,2,1234.29
13295,3403,489,2,2559.75
13296,3273,277,1,1725.85
13297,4794,744,5,4167.4
13298,2523,521,3,2593.35
13299,4731,696,4,227.25
13300,697,359,2,1311.21
13301,4498,12,5,1038.54
13302,3558,600,5,2093.26
13303,2033,140,5,2758.24
13304,528,193,2,1327.94
13305,1323,150,2,337.95
13306,4830,752,2,1229.77
13307,482,608,3,2196.5
13308,5460,559,2,1040.8
13309,2520,759,4,2420.13
13310,4942,557,2,3766.86
13311,4469,473,3,950.5
13312,5761,42,1,738.25
13313,4835,519,5,674.02
13314,2503,431,2,1241.82
13315,5972,37,2,193.87
13316,871,791,2,3907.28
13317,1090,270,3,2516.98
13318,4983,452,2,1297.94
13319,3623,146,4,1770.25
13320,2488,744,4,3306.31
13321,1717,126,2,2181.36
13322,4801,49,4,2867.91
13323,5434,75,3,373.62
13324,1894,660,2,3917.82
13325,4807,452,4,1106.07
13326,920,333,3,1676.41
13327,805,556,1,613.08
13328,2776,280,4,2207.73
13329,3182,282,3,2675.59
13330,2594,733,5,559.71
13331,2612,25,2,1280.35
13332,314,743,5,1048.43
13333,3714,35,5,2395.68
13334,1036,35,3,1078.61
13335,1829,423,2,2346.55
13336,3445,249,4,2605.53
13337,288,704,5,931.93
13338,468,393,4,3401.28
13339,465,28,2,4138.86
13340,1742,39,4,321.99
13341,86,353,5,3783.86
13342,2990,662,2,2536.62
13343,1418,310,2,477.55
13344,5879,719,3,3896.07
13345,2523,369,1,2025.61
13346,1384,184,5,3341.93
13347,3397,76,2,961.38
13348,2992,344,5,3509.13
13349,4474,31,5,258.73
13350,1139,29,4,2502.1
13351,1867,434,2,527.22
13352,2284,325,2,3803.66
13353,1453,246,1,1795.15
13354,4137,498,1,104.33
13355,1480,779,2,3836.22
13356,4810,426,3,3559.74
13357,3493,87,5,3081.92
13358,106,651,3,3314.72
13359,3169,82,4,965.0
13360,3998,328,1,3182.54
13361,2608,113,4,1240.17
13362,4172,381,4,3810.45
13363,725,566,5,1846.42
13364,4477,406,1,3850.43
13365,4735,245,3,1941.47
13366,942,44,3,3408.76
13367,3563,12,2,2799.99
13368,1958,109,4,443.41
13369,5699,440,1,3546.76
13370,4315,36,2,868.14
13371,3511,618,1,3465.36
13372,4952,793,3,3422.14
13373,2034,138,1,2492.97
13374,1875,491,1,4144.59
13375,3155,662,4,1916.82
13376,2095,531,4,119.86
13377,4275,351,4,1688.83
13378,2463,426,1,2819.64
13379,3394,748,3,3044.56
13380,279,773,4,102.84
13381,4196,726,5,3291.13
13382,2703,400,1,288.41
13383,1950,658,3,1341.38
13384,219,695,1,1453.17
13385,4414,548,4,3082.28
13386,4267,442,2,3895.61
13387,5735,666,2,1495.69
13388,3541,170,5,3302.61
13389,1829,494,5,1060.37
13390,1308,596,5,2526.48
13391,2602,59,1,2431.66
13392,5973,322,3,3671.54
13393,5045,32,4,2112.35
13394,5358,550,5,3109.44
13395,4118,348,4,1362.16
13396,128,698,3,489.33
13397,1708,336,4,626.57
13398,3528,665,3,797.51
13399,813,548,2,1367.4
13400,3102,371,2,489.34
13401,2821,770,1,2376.26
13402,2134,111,3,301.99
13403,3700,415,3,1924.33
13404,116,80,3,3279.94
13405,3270,606,3,2957.46
13406,1557,395,5,1473.14
13407,2497,581,1,3260.67
13408,702,448,3,3136.75
13409,27,87,5,437.12
13410,765,392,4,1876.42
13411,171,731,3,3591.9
13412,2643,354,3,3908.94
13413,715,498,3,3253.54
13414,5316,661,5,604.66
13415,87,784,4,3419.55
13416,2548,374,5,2518.42
13417,4167,760,5,3757.07
13418,1070,388,4,2697.61
13419,2211,590,1,905.69
13420,3403,76,4,1951.2
13421,2801,615,4,3508.46
13422,1693,654,5,3248.44
13423,2959,332,5,845.45
13424,1201,758,3,712.93
13425,5090,464,2,1438.16
13426,2469,390,2,1329.61
13427,3144,225,2,2962.97
13428,5383,713,1,3165.84
13429,5191,499,5,3674.81
13430,115,219,2,4125.07
13431,5384,559,2,2135.58
13432,4347,654,4,2767.35
13433,4501,754,5,1490.22
13434,955,754,2,717.13
13435,2184,354,5,495.49
13436,5551,433,5,4051.32
13437,4493,548,2,3985.65
13438,2803,28,4,2882.59
13439,4499,223,3,1132.73
13440,1424,226,2,1455.95
13441,4064,660,1,4144.81
13442,2021,57,5,157.39
13443,2783,515,3,2218.94
13444,843,112,4,1813.02
13445,55,519,1,4186.37
13446,5164,383,2,2401.26
13447,2697,68,2,964.25
13448,5492,22,2,2949.39
13449,4140,189,3,359.7
13450,808,28,5,1866.27
13451,1781,51,1,982.67
13452,1539,37,1,1717.9
13453,784,592,4,1030.01
13454,991,654,4,1714.82
13455,2836,152,5,3410.89
13456,3327,146,1,1433.14
13457,1055,133,2,298.72
13458,1252,406,5,1328.46
13459,2497,758,4,608.73
13460,3081,432,2,2096.23
13461,2653,466,4,3261.25
13462,1772,550,1,1038.44
13463,1591,182,2,3809.07
13464,3827,425,1,1327.48
13465,129,790,3,4039.79
13466,5429,745,5,743.51
13467,5381,164,1,216.26
13468,2514,278,3,1148.2
13469,229,118,1,2562.28
13470,2688,600,5,1399.31
13471,3546,758,5,3438.1
13472,3538,748,4,2394.52
13473,6000,672,4,1421.72
13474,1875,76,1,3041.83
13475,4323,301,4,4083.73
13476,2214,720,3,595.12
13477,5443,561,3,670.59
13478,4384,717,4,1552.52
13479,2815,607,5,1682.79
13480,228,241,4,1513.58
13481,3953,86,5,403.73
13482,3843,465,1,2550.84
13483,2949,122,4,2901.29
13484,5665,148,5,203.48
13485,2695,475,4,1816.71
13486,2421,420,4,1475.46
13487,1609,113,4,1788.68
13488,487,719,2,3248.19
13489,5963,650,3,2944.07
13490,1480,752,1,3986.22
13491,431,188,1,2810.65
13492,3300,795,1,1488.03
13493,1681,193,5,2792.8
13494,9,243,3,2209.49
13495,800,757,4,1041.05
13496,1329,720,1,3213.62
13497,5563,154,2,1404.44
13498,488,695,3,3342.89
13499,3053,5,1,2182.76
13500,2989,129,3,3628.62
13501,4074,689,3,792.05
13502,4019,494,5,2492.92
13503,5294,788,4,1377.63
13504,1340,69,5,1842.35
13505,5773,392,3,3472.42
13506,4785,87,2,3513.53
13507,1203,204,3,2001.0
13508,4101,170,4,2417.98
13509,4310,15,5,1780.94
13510,1973,107,1,1557.05
13511,2784,301,2,2471.73
13512,3209,25,4,1712.45
13513,1996,694,4,888.86
13514,5846,199,1,762.44
13515,2683,594,4,2675.61
13516,5735,121,5,241.99
13517,3344,205,2,2919.9
13518,5894,402,5,172.56
13519,2786,360,5,1078.97
13520,1401,716,2,3147.61
13521,1470,64,1,3808.79
13522,4876,790,3,3288.79
13523,5799,475,1,1786.49
13524,1840,206,2,54.3
13525,2645,662,4,289.09
13526,5990,149,2,2095.63
13527,2132,553,1,396.87
13528,3989,668,4,3137.63
13529,5686,349,1,523.43
13530,2286,92,1,2813.35
13531,4935,754,4,2484.29
13532,490,694,3,886.78
13533,4837,681,4,4035.96
13534,2868,175,3,232.34
13535,3525,369,2,2904.43
13536,5942,766,3,1340.86
13537,2709,288,5,2894.56
13538,383,395,3,1127.96
13539,1345,193,1,2585.34
13540,2314,425,1,865.51
13541,5595,165,5,2831.61
13542,2008,218,3,3158.08
13543,471,252,3,2879.66
13544,1015,573,1,280.6
13545,1541,99,3,2823.86
13546,5832,87,3,778.29
13547,3429,661,2,1229.67
13548,5252,565,4,3483.79
13549,3479,621,3,21.97
13550,166,173,1,829.37
13551,2227,798,3,2459.95
13552,4121,54,1,438.42
13553,1841,2,1,1042.61
13554,5787,146,2,959.33
13555,3792,469,2,2448.96
13556,4821,74,4,3889.03
13557,4747,214,5,1791.77
13558,2936,60,2,1472.69
13559,1333,718,3,3305.35
13560,1665,695,2,3694.73
13561,5187,657,1,2274.18
13562,3375,683,1,2383.3
13563,4943,222,5,3001.31
13564,496,39,5,3922.02
13565,1646,642,3,1237.54
13566,2349,581,4,116.71
13567,4802,611,1,558.12
13568,4348,168,4,1946.72
13569,5789,760,2,1303.71
13570,5601,742,2,1020.27
13571,2572,724,1,570.0
13572,3135,499,3,495.17
13573,4576,344,3,51.72
13574,1585,182,4,3778.25
13575,1953,255,3,4140.93
13576,5223,626,2,2013.51
13577,541,307,3,2285.48
13578,5547,523,4,2312.93
13579,3926,50,2,354.23
13580,4254,69,4,2963.42
13581,4992,584,5,2144.89
13582,1764,492,2,228.01
13583,2699,542,5,3875.22
13584,2537,213,1,615.15
13585,1235,440,2,2685.95
13586,1559,346,1,2725.62
13587,1113,241,2,3652.46
13588,564,5,1,645.9
13589,2617,497,3,2532.43
13590,5216,602,4,833.16
13591,3650,205,2,3516.5
13592,3762,275,1,3080.02
13593,1716,503,1,1234.59
13594,1196,283,3,4081.32
13595,3724,146,4,795.5
13596,3289,233,4,805.74
13597,327,141,5,2257.08
13598,742,395,3,2573.72
13599,5255,27,4,2803.09
13600,2810,109,3,2867.32
13601,5444,94,4,1136.22
13602,5546,768,5,3387.7
13603,1472,320,1,2439.9
13604,1498,298,1,1847.1
13605,3180,720,1,34.59
13606,652,789,1,425.83
13607,980,21,5,2401.96
13608,2250,702,1,1554.93
13609,746,421,2,1204.36
13610,4652,347,5,114.9
13611,218,150,1,2510.88
13612,1156,691,1,2312.4
13613,1035,526,1,1247.89
13614,4841,104,3,1886.07
13615,3557,426,4,826.81
13616,4816,272,5,3811.88
13617,3625,564,4,172.13
13618,4474,556,2,3263.56
13619,1525,775,4,321.86
13620,369,711,5,355.73
13621,3119,348,4,1861.15
13622,2863,489,1,4169.38
13623,2007,20,5,2973.61
13624,5767,75,3,784.55
13625,4169,398,4,3260.0
13626,318,171,2,655.2
13627,3106,84,2,1094.92
13628,1931,134,1,1648.57
13629,5062,410,3,1909.99
13630,1717,416,4,1068.99
13631,187,402,4,3652.1
13632,1914,323,4,2648.34
13633,645,774,3,883.93
13634,5783,769,1,946.01
13635,805,89,1,1177.05
13636,3597,431,3,3736.01
13637,571,773,1,786.56
13638,2413,379,2,3484.77
13639,2144,659,4,2036.1
13640,3048,674,5,2560.83
13641,921,648,3,805.91
13642,5225,656,4,47.31
13643,3677,26,4,3246.45
13644,4659,207,1,592.56
13645,379,626,4,2036.78
13646,2136,129,1,447.39
13647,1632,699,2,3548.11
13648,2916,144,2,1302.82
13649,4190,558,4,1890.88
13650,5137,466,1,1634.85
13651,4200,240,4,2679.95
13652,3156,68,4,1063.64
13653,2179,59,4,1040.18
13654,1668,22,2,1921.15
13655,2224,498,5,3876.8
13656,3378,617,3,1787.21
13657,1413,308,2,1478.63
13658,961,386,3,1330.68
13659,5477,686,5,220.3
13660,1136,657,3,3481.31
13661,2894,164,3,3228.3
13662,3052,294,2,2166.12
13663,832,110,4,2676.31
13664,5131,295,5,232.9
13665,1307,18,2,1986.09
13666,3538,284,4,88.59
13667,2654,607,5,3589.16
13668,577,514,3,1077.43
13669,2320,596,2,1148.86
13670,3182,306,3,3934.01
13671,2144,273,1,2844.53
13672,110,533,5,2580.73
13673,3062,321,4,466.35
13674,3945,746,4,3238.79
13675,1128,131,1,2603.37
13676,1241,731,2,82.58
13677,970,272,5,1555.31
13678,4852,134,2,3532.62
13679,5216,129,1,949.33
13680,4184,558,2,3078.12
13681,4448,485,1,3309.29
13682,5660,196,1,2502.27
13683,1039,318,5,3489.35
13684,3461,336,1,776.69
13685,4503,272,3,478.98
13686,1512,720,3,3497.42
13687,3958,453,4,3598.39
13688,5297,543,1,3982.18
13689,2313,180,1,3084.64
13690,335,727,4,3174.55
13691,1632,627,2,2679.57
13692,3059,438,2,152.51
13693,218,460,2,3716.16
13694,2049,394,5,2252.04
13695,1954,167,4,2396.29
13696,588,766,2,2883.04
13697,163,306,3,4004.48
13698,914,519,3,2320.1
13699,3292,246,4,1046.66
13700,5806,308,5,609.95
13701,4254,592,1,3538.6
13702,2867,518,3,2243.29
13703,4085,237,3,3246.83
13704,3072,378,4,1131.52
13705,2445,109,1,1815.86
13706,53,141,4,4175.26
13707,1754,365,4,3442.7
13708,2168,301,2,226.62
13709,4270,119,5,2323.98
13710,5462,472,3,1862.67
13711,1294,469,4,3548.67
13712,5069,167,3,978.62
13713,1159,264,3,1146.47
13714,4576,225,4,1842.49
13715,5363,34,1,2320.16
13716,82,295,2,2088.73
13717,5261,52,5,3342.93
13718,2626,557,2,1433.48
13719,3490,32,1,1993.76
13720,2032,438,3,1234.07
13721,3726,436,1,1465.35
13722,2342,227,2,25.49
13723,5341,758,4,1060.53
13724,4426,341,1,163.06
13725,4074,108,2,3396.37
13726,1304,288,2,1704.63
13727,4552,507,4,1263.66
13728,3380,571,5,3709.78
13729,3293,364,3,1888.26
13730,2420,585,3,2538.3
13731,104,211,2,3328.33
13732,2199,534,1,1101.72
13733,3041,410,5,1730.96
13734,3651,359,5,2879.34
13735,4571,758,2,3820.33
13736,1071,595,2,631.3
13737,334,710,5,2433.05
13738,4339,381,5,2462.24
13739,1368,264,4,586.46
13740,2116,152,3,2281.47
13741,5534,746,3,251.74
13742,1067,163,2,1749.29
13743,2519,678,3,2148.42
13744,5088,338,2,2275.37
13745,3133,527,5,2615.06
13746,2749,580,1,3149.45
13747,5271,171,1,3506.47
13748,5159,172,4,931.01
13749,2490,388,4,3260.68
13750,3067,407,5,3015.13
13751,3702,95,5,3674.27
13752,3484,697,1,712.05
13753,2399,80,1,2363.09
13754,5859,423,2,3978.66
13755,4445,778,2,869.17
13756,2134,575,2,979.44
13757,3077,88,5,4077.55
13758,441,220,4,1976.38
13759,1547,57,3,800.65
13760,5087,416,5,676.03
13761,3011,80,5,903.77
13762,2971,264,4,2402.62
13763,3649,280,5,2512.79
13764,2534,631,1,3308.81
13765,2896,136,3,1006.35
13766,2839,253,2,852.11
13767,2768,281,2,1585.28
13768,3567,526,1,2860.1
13769,3089,204,5,92.77
13770,4985,727,4,321.56
13771,39,776,5,2025.78
13772,1029,390,3,3040.66
13773,1106,607,3,122.74
13774,2270,255,2,2907.82
13775,1837,565,4,372.28
13776,1205,718,5,85.62
13777,5991,488,3,2990.44
13778,1684,549,2,3999.93
13779,4541,623,1,1767.51
13780,5091,544,5,4095.19
13781,2320,763,3,596.87
13782,4550,403,3,3903.34
13783,5548,413,4,1872.18
13784,5546,58,2,1178.44
13785,1271,236,5,3123.68
13786,5353,774,3,2616.85
13787,3162,602,1,3327.01
13788,2197,367,1,553.49
13789,673,763,5,944.11
13790,2504,397,2,1446.31
13791,2061,672,1,3308.14
13792,5881,381,1,1414.27
13793,5377,550,2,1090.27
13794,31,327,2,479.14
13795,2775,684,3,3363.69
13796,4270,539,4,100.83
13797,5634,661,4,4162.36
13798,5254,450,4,120.04
13799,5519,773,5,4132.17
13800,149,6,2,3554.91
13801,2901,201,1,2539.53
13802,2946,245,5,665.47
13803,5700,540,2,572.81
13804,3878,699,3,689.44
13805,1509,314,2,1290.83
13806,4080,542,2,4075.47
13807,3221,613,4,1149.1
13808,5787,258,2,615.74
13809,4057,601,5,1749.93
13810,2299,99,4,3754.87
13811,606,637,4,3178.14
13812,3082,767,3,1612.1
13813,3177,500,2,619.72
13814,3664,103,4,1626.5
13815,4131,64,4,2354.68
13816,1927,117,5,152.71
13817,3410,743,3,3346.5
13818,5491,584,3,1988.25
13819,5760,682,2,2998.12
13820,533,536,4,1459.41
13821,262,401,4,3761.53
13822,3887,573,1,1663.82
13823,4939,597,1,3538.9
13824,5635,436,5,2213.02
13825,3942,186,1,3806.48
13826,2656,497,3,2693.97
13827,5451,299,3,1613.03
13828,3375,88,3,1304.39
13829,3697,218,2,3457.83
13830,1766,457,3,2013.16
13831,5491,614,1,2852.38
13832,763,576,1,3995.96
13833,3538,259,2,4059.07
13834,3410,318,1,1306.09
13835,2501,650,2,756.06
13836,3760,586,1,1880.82
13837,5182,376,1,2454.52
13838,2573,714,3,1058.83
13839,2653,185,5,16.53
13840,3967,106,5,297.99
13841,5606,123,2,3126.79
13842,5941,405,1,2884.11
13843,163,409,4,2418.98
13844,1323,377,2,3531.94
13845,4566,551,3,543.16
13846,3220,217,3,1095.52
13847,2554,256,3,3783.53
13848,5862,623,3,1065.93
13849,1230,523,2,2036.22
13850,494,68,1,2434.09
13851,476,207,5,2705.33
13852,3538,249,1,2755.08
13853,885,125,5,2636.21
13854,331,203,2,989.63
13855,2973,177,3,277.34
13856,2162,521,1,237.37
13857,5114,294,4,1144.08
13858,5511,306,3,3643.06
13859,4678,286,5,1137.0
13860,19,552,2,71.65
13861,3873,80,1,1627.71
13862,712,164,1,4033.6
13863,677,24,5,2657.9
13864,5240,147,3,3035.22
13865,752,114,1,1949.52
13866,5574,558,5,3253.76
13867,2628,160,5,3055.66
13868,4857,371,1,3483.29
13869,2316,363,5,3388.48
13870,2385,240,4,1899.79
13871,4763,525,4,311.0
13872,5037,500,4,63.6
13873,1257,717,3,3825.63
13874,308,779,2,2817.96
13875,544,364,1,2949.32
13876,1506,83,2,291.44
13877,905,219,5,3266.32
13878,428,317,5,1085.08
13879,5450,311,4,94.38
13880,1540,137,3,4106.8
13881,2456,181,2,1582.93
13882,424,12,4,3068.69
13883,2372,615,5,4035.8
13884,4773,689,1,63.4
13885,3628,175,5,2414.18
13886,889,247,3,753.94
13887,5643,83,4,22.5
13888,294,50,2,768.63
13889,5343,529,3,1601.85
13890,4491,534,3,1894.25
13891,3283,54,1,3839.58
13892,2227,283,5,1983.12
13893,4929,267,3,1798.57
13894,56,178,1,1704.91
13895,3322,470,3,3622.7
13896,5136,196,5,109.29
13897,2054,679,4,423.57
13898,4733,473,3,4024.32
13899,1748,555,5,2657.14
13900,5072,731,4,1737.62
13901,2429,370,1,2211.73
13902,53,409,2,607.74
13903,2498,315,5,2200.35
13904,997,186,2,3206.23
13905,3036,191,4,4045.96
13906,3372,405,4,1354.45
13907,1173,610,3,917.12
13908,1504,397,3,1921.95
13909,534,239,3,3910.75
13910,3580,712,1,3421.67
13911,2980,302,4,3271.36
13912,572,529,5,2254.27
13913,4736,318,3,3027.05
13914,4449,447,1,2633.68
13915,639,375,2,3855.94
13916,1380,493,2,1792.83
13917,5205,309,3,3770.69
13918,4788,102,1,3139.15
13919,378,532,4,3242.08
13920,1703,593,4,737.65
13921,3249,181,1,3188.26
13922,1222,32,4,228.85
13923,1342,632,4,845.85
13924,411,284,2,4029.54
13925,4816,242,1,2284.39
13926,5578,694,1,2043.54
13927,1775,452,5,2335.69
13928,414,56,3,81.0
13929,894,108,5,3829.73
13930,5773,52,3,2608.49
13931,2220,432,4,1002.71
13932,2283,700,2,2081.85
13933,4975,136,5,1498.85
13934,4877,19,2,3638.61
13935,4301,131,2,849.36
13936,2413,202,4,1714.47
13937,6000,32,1,1307.74
13938,4565,3,5,2371.75
13939,1547,357,4,1243.31
13940,1400,321,5,1358.89
13941,1088,515,4,2841.03
13942,5213,40,5,2962.83
13943,2760,275,5,462.5
13944,3215,555,4,607.23
13945,5316,211,1,615.05
13946,2730,107,3,1931.3
13947,2855,677,3,4188.94
13948,5645,669,2,3850.99
13949,2898,149,5,1074.21
13950,4970,528,5,2250.73
13951,2699,433,2,2239.04
13952,312,748,3,2402.01
13953,5117,183,4,3243.3
13954,4384,343,3,2449.08
13955,1154,377,4,569.68
13956,493,616,1,853.72
13957,3792,144,2,1315.43
13958,5913,722,4,1142.19
13959,770,660,4,3391.15
13960,1737,181,2,70.21
13961,4920,737,5,766.27
13962,4262,499,3,2426.22
13963,4099,37,5,920.9
13964,4547,81,3,1879.12
13965,1086,796,1,2180.23
13966,5461,446,3,717.68
13967,5387,745,2,2436.23
13968,5523,71,3,1352.56
13969,5317,42,3,2895.86
13970,365,173,4,938.18
13971,3006,623,3,1618.2
13972,2559,561,4,1474.16
13973,5743,688,4,3464.68
13974,1640,302,1,3216.89
13975,4260,217,1,3315.25
13976,1324,15,1,3916.2
13977,1148,726,5,3121.76
13978,847,378,5,2256.61
13979,5116,522,4,942.71
13980,4375,635,4,3724.55
13981,2509,227,5,123.66
13982,1478,342,4,2681.84
13983,4882,229,3,3821.1
13984,2185,629,5,2477.67
13985,3012,658,4,1428.33
13986,4774,683,5,1581.83
13987,1530,189,2,53.44
13988,2830,674,1,3593.51
13989,1888,463,5,2853.13
13990,2231,714,5,1620.04
13991,3001,536,1,486.59
13992,5826,68,5,1354.0
13993,3572,241,4,1303.92
13994,2596,272,3,1218.06
13995,3535,312,4,124.24
13996,388,458,3,297.51
13997,3911,14,2,776.66
13998,3364,178,4,1060.62
13999,5471,154,2,448.58
14000,144,565,4,4186.8
14001,29,750,3,171.3
14002,5075,411,3,1468.8
14003,3598,461,2,1782.52
14004,4952,360,3,2323.33
14005,5735,397,2,2370.48
14006,2738,724,4,3543.83
14007,4172,129,1,3362.14
14008,5374,302,1,2821.52
14009,1338,535,5,798.39
14010,1241,171,2,2890.2
14011,4385,487,1,3676.67
14012,3068,457,5,1553.71
14013,4018,320,2,1593.52
14014,4110,451,5,490.74
14015,5287,174,1,2327.35
14016,4629,13,2,3377.67
14017,669,642,2,2303.38
14018,2724,14,3,1730.56
14019,5466,349,5,1511.95
14020,1089,242,2,1614.64
14021,5993,242,1,626.11
14022,2793,769,2,3671.74
14023,1131,244,5,1672.76
14024,1745,510,2,2386.84
14025,3965,36,2,1096.1
14026,1127,684,3,2895.66
14027,3041,93,4,811.49
14028,4867,386,5,2095.91
14029,4672,600,2,3367.44
14030,5791,442,2,1263.74
14031,5666,786,4,440.67
14032,4419,586,1,2099.32
14033,4860,686,2,3355.73
14034,732,521,1,2263.82
14035,1641,421,2,1585.07
14036,2996,744,4,2192.08
14037,130,292,4,516.66
14038,5871,124,3,3632.79
14039,3051,31,4,3578.09
14040,3581,135,1,381.21
14041,57,792,2,989.33
14042,1439,373,2,1008.42
14043,1201,786,3,1735.26
14044,345,760,1,1918.52
14045,5156,484,3,791.69
14046,4379,586,2,58.31
14047,436,444,2,3745.7
14048,40,390,4,2174.07
14049,119,379,1,1928.22
14050,5067,783,4,2222.17
14051,1154,247,1,1969.19
14052,4554,565,4,2590.84
14053,5465,170,3,1631.52
14054,5827,372,3,3832.73
14055,1857,581,3,3483.54
14056,3312,170,1,811.62
14057,876,124,5,2949.22
14058,3895,553,2,356.22
14059,5486,139,1,3567.07
14060,1316,679,2,2076.73
14061,5397,137,1,611.25
14062,2205,765,4,1218.2
14063,558,501,2,1792.18
14064,3381,435,5,1640.61
14065,5883,622,5,3912.32
14066,1883,183,3,4179.5
14067,2008,317,2,3585.49
14068,1443,773,4,3668.88
14069,2487,247,1,2231.66
14070,1297,494,1,3481.11
14071,4682,151,3,3422.63
14072,2821,248,1,3643.29
14073,3332,285,5,695.6
14074,3480,18,4,1782.66
14075,4942,310,2,3999.36
14076,3875,93,1,1843.67
14077,1368,368,1,2227.71
14078,5805,561,4,1818.03
14079,4153,441,2,2522.16
14080,2496,372,4,1043.28
14081,4390,659,4,1838.96
14082,2627,689,5,3704.24
14083,1610,402,3,350.15
14084,3450,429,2,3943.68
14085,421,235,2,2642.13
14086,33,134,3,2985.23
14087,2294,469,5,1522.02
14088,2320,382,3,807.05
14089,1622,312,5,884.71
14090,2340,31,3,2449.02
14091,310,547,1,2345.41
14092,4722,56,1,1731.39
14093,5552,210,5,2039.73
14094,1556,540,5,537.85
14095,1585,723,4,3516.16
14096,3729,466,2,3866.32
14097,4017,306,4,3373.81
14098,2857,665,1,2082.0
14099,892,490,2,402.49
14100,3988,503,1,1624.1
14101,1877,700,2,3649.06
14102,2444,693,1,537.05
14103,5746,59,4,3045.85
14104,4461,262,5,872.83
14105,4795,488,3,3821.92
14106,4707,135,3,1973.0
14107,790,43,3,1474.15
14108,319,612,3,2456.73
14109,2276,458,3,3703.26
14110,4144,467,4,910.96
14111,260,451,3,1682.53
14112,1882,717,3,3195.15
14113,5082,12,4,624.54
14114,1144,766,1,1303.77
14115,285,134,1,37.02
14116,1866,652,3,1892.05
14117,3222,767,5,3817.74
14118,866,693,3,4021.25
14119,3750,42,1,3065.66
14120,455,316,1,3949.82
14121,1221,448,2,2819.5
14122,2418,383,5,484.17
14123,5681,580,2,3998.81
14124,3039,174,2,120.07
14125,2089,714,2,302.13
14126,5221,225,3,471.39
14127,3544,607,3,389.6
14128,1733,140,3,2629.52
14129,2108,506,2,373.0
14130,745,615,3,240.4
14131,4996,711,5,1375.0
14132,1340,343,2,3072.45
14133,5297,606,1,3855.64
14134,5536,154,3,2770.85
14135,5633,320,2,3603.38
14136,5136,605,3,1514.89
14137,5449,793,3,1420.62
14138,4371,191,4,2145.62
14139,2364,443,4,2805.66
14140,1723,423,3,2023.09
14141,1837,432,2,523.94
14142,1540,123,3,412.26
14143,1264,214,4,1868.81
14144,624,797,3,1327.75
14145,1179,508,2,687.47
14146,5571,530,2,3918.52
14147,1898,662,2,2436.97
14148,4852,510,1,3480.93
14149,2259,504,3,1180.29
14150,2094,422,2,2251.93
14151,3362,166,3,2586.81
14152,1549,615,3,1326.95
14153,1034,635,4,2206.46
14154,3581,89,3,651.7
14155,3612,181,1,3945.02
14156,4594,489,4,205.24
14157,5420,606,2,1971.27
14158,2027,278,3,1161.32
14159,4455,403,3,1529.55
14160,3291,233,5,1281.4
14161,5081,382,3,519.93
14162,1091,548,3,1846.38
14163,5108,55,4,1815.52
14164,1844,554,4,1638.04
14165,5239,274,5,2195.46
14166,461,92,1,1245.44
14167,3705,791,4,3421.01
14168,3849,718,4,2431.12
14169,5368,762,4,3847.97
14170,3451,484,5,1026.45
14171,1638,518,5,2119.17
14172,4481,300,1,1433.33
14173,5721,620,1,2785.88
14174,465,660,2,219.13
14175,2096,266,2,2254.5
14176,1791,28,4,3953.49
14177,5408,55,2,962.68
14178,5114,698,3,1218.85
14179,826,709,2,1078.8
14180,2540,509,1,3031.2
14181,1543,389,1,723.7
14182,740,721,2,4126.57
14183,2170,108,1,1589.28
14184,5863,496,5,419.64
14185,3948,416,5,3506.92
14186,3696,271,2,133.18
14187,2110,344,1,1573.86
14188,5597,576,2,606.96
14189,2288,466,3,967.13
14190,921,632,2,799.81
14191,5151,489,1,2791.67
14192,25,558,5,592.96
14193,1878,557,5,622.28
14194,5321,24,3,2104.34
14195,1561,611,5,2854.77
14196,3960,122,3,3019.2
14197,1591,153,4,2090.93
14198,5793,674,4,1981.25
14199,5334,417,3,2589.12
14200,5448,743,3,3552.89
14201,4490,443,4,2739.46
14202,4640,754,2,4065.22
14203,5326,259,3,3523.83
14204,5183,341,2,3191.74
14205,2947,411,3,3773.02
14206,4037,588,5,2435.23
14207,3699,528,1,432.99
14208,3160,390,2,3988.71
14209,1844,606,2,3784.69
14210,3351,3,3,1889.03
14211,2315,634,2,962.13
14212,3933,632,5,575.87
14213,1407,521,1,1407.17
14214,5153,767,2,1198.03
14215,4348,617,4,3569.51
14216,4782,40,4,4015.72
14217,5136,186,1,478.46
14218,2615,619,1,1076.38
14219,1719,403,2,138.74
14220,5943,26,5,936.03
14221,3764,692,3,872.16
14222,1075,215,3,1001.15
14223,4715,538,5,345.64
14224,5139,705,2,1956.78
14225,3207,503,4,3010.85
14226,4752,199,4,827.27
14227,2057,31,4,1829.55
14228,2159,690,3,2332.8
14229,1663,415,1,4090.61
14230,2472,197,2,372.73
14231,1120,365,2,1494.93
14232,2842,703,2,4106.07
14233,2828,700,1,4144.18
14234,3326,67,3,1629.96
14235,3619,791,1,3758.08
14236,1677,6,5,3044.96
14237,508,327,3,656.56
14238,3960,348,4,2091.98
14239,2323,202,3,455.63
14240,5648,527,1,948.15
14241,1869,299,3,2171.07
14242,711,378,4,2531.34
14243,5625,541,2,1083.12
14244,4037,441,3,4082.9
14245,2515,192,5,3435.35
14246,4161,598,1,3421.3
14247,5570,393,4,2035.94
14248,2981,48,3,2047.15
14249,4302,751,5,3669.89
14250,5032,618,2,1019.72
14251,3726,206,5,4153.02
14252,2402,322,4,1526.59
14253,5928,32,2,4122.3
14254,2411,683,5,1305.44
14255,5918,542,4,4166.73
14256,1803,796,3,80.39
14257,5738,351,1,1902.77
14258,3911,273,5,704.12
14259,5500,347,4,2911.74
14260,888,527,4,1624.96
14261,4379,129,4,3234.23
14262,3936,541,4,944.63
14263,865,247,3,3815.89
14264,5149,186,4,3972.25
14265,5428,1,3,471.69
14266,4817,291,5,3342.78
14267,4211,18,3,3799.32
14268,4652,53,1,2990.45
14269,42,131,4,435.02
14270,4301,285,1,778.71
14271,3028,366,1,3783.24
14272,5070,202,5,3962.13
14273,355,51,5,4088.42
14274,5566,379,4,1042.05
14275,1479,337,5,529.28
14276,5201,435,4,397.51
14277,1534,300,4,1019.66
14278,1654,699,2,3370.4
14279,4514,200,1,915.97
14280,624,238,1,1233.12
14281,5805,766,3,2578.07
14282,696,612,5,513.84
14283,5766,352,5,2601.75
14284,2849,78,1,1765.24
14285,5120,303,4,3571.87
14286,5770,333,3,3390.65
14287,3986,662,1,3238.76
14288,4215,227,3,2682.09
14289,1810,166,4,2160.14
14290,2429,91,1,3569.26
14291,1599,76,3,3654.84
14292,4047,226,5,3475.05
14293,4483,346,4,3099.86
14294,1321,9,3,2064.34
14295,410,447,4,3242.42
14296,419,368,2,2934.86
14297,5577,154,5,4193.71
14298,4421,421,1,238.83
14299,3447,49,1,1372.52
14300,1741,267,3,3347.78
14301,2678,576,5,196.16
14302,4961,608,5,3787.33
14303,4264,625,1,3405.97
14304,5193,508,1,3359.85
14305,5692,661,2,3911.65
14306,4070,231,1,3318.82
14307,4384,383,1,3169.33
14308,3945,708,2,1254.01
14309,1602,117,3,285.42
14310,1328,134,4,799.34
14311,3380,445,3,1547.1
14312,4465,789,1,2488.31
14313,3002,799,3,690.68
14314,4453,697,4,2394.78
14315,1810,3,3,4075.78
14316,5855,529,4,270.88
14317,2497,108,2,32.36
14318,3066,460,4,1575.57
14319,2573,401,4,2834.29
14320,5711,241,3,505.04
14321,4349,251,1,3137.04
14322,2163,624,4,1245.67
14323,4768,300,4,3262.1
14324,4808,272,2,3162.13
14325,5480,601,3,4076.79
14326,3242,274,2,3660.07
14327,2647,506,5,283.38
14328,1952,680,2,3159.82
14329,31,669,5,830.42
14330,5156,663,3,2685.12
14331,2433,532,1,269.4
14332,3902,147,2,2177.89
14333,4537,275,2,3743.48
14334,4366,306,2,2662.2
14335,5192,200,5,94.5
14336,3482,740,5,2680.48
14337,5657,296,3,3925.86
14338,3537,279,2,2535.7
14339,3103,737,5,2155.02
14340,138,549,3,932.55
14341,921,256,5,3581.63
14342,4955,42,5,1697.07
14343,298,342,4,1147.06
14344,2669,147,5,3081.09
14345,4213,311,1,2132.08
14346,5990,84,4,177.36
14347,3685,49,4,2652.31
14348,2035,72,2,3575.45
14349,1556,281,1,2359.37
14350,169,677,2,2102.46
14351,3360,776,3,288.13
14352,3220,572,3,1526.57
14353,4568,126,3,3999.86
14354,3044,443,3,3250.1
14355,324,693,3,411.97
14356,5245,492,5,1241.99
14357,1974,32,1,545.95
14358,2370,258,5,2356.96
14359,1457,336,3,2938.41
14360,5636,197,3,3093.05
14361,5902,64,5,1577.17
14362,2176,9,4,28.37
14363,2565,545,1,2075.56
14364,506,86,4,845.6
14365,601,400,4,2279.48
14366,1599,740,4,526.16
14367,3473,250,3,1483.43
14368,2797,714,1,568.57
14369,2525,329,1,2210.03
14370,5161,797,3,2842.38
14371,4498,262,4,1494.57
14372,4411,94,3,223.04
14373,1702,496,5,1843.08
14374,880,533,3,254.05
14375,5171,355,3,1037.6
14376,322,610,1,944.81
14377,2418,445,2,1309.45
14378,4771,267,2,2020.63
14379,318,80,4,3008.76
14380,1229,756,4,2245.57
14381,4346,203,2,762.88
14382,891,260,5,215.19
14383,5344,439,3,1663.86
14384,1699,334,1,3802.56
14385,2629,698,1,1244.22
14386,71,154,3,1581.58
14387,5614,69,4,3450.54
14388,3030,274,1,384.58
14389,3357,783,1,3504.44
14390,3648,524,1,2183.53
14391,2023,87,5,3728.62
14392,1730,438,1,725.75
14393,3958,82,1,3557.75
14394,254,395,2,2316.91
14395,3952,715,4,200.77
14396,3756,4,5,3440.32
14397,3472,348,2,838.7
14398,2551,514,1,650.58
14399,3695,169,3,1216.63
14400,5748,460,1,2544.38
14401,4083,650,3,1530.68
14402,3255,557,3,308.07
14403,3721,627,3,2706.83
14404,339,335,5,605.99
14405,5896,697,5,1238.46
14406,1154,49,4,3836.87
14407,3493,174,2,1715.86
14408,971,226,1,3981.13
14409,1728,452,3,1804.9
14410,1498,583,2,2501.57
14411,3581,304,1,3138.62
14412,2058,126,1,587.4
14413,3834,75,1,2641.24
14414,437,667,5,1078.04
14415,143,186,4,1684.55
14416,2208,381,3,1983.8
14417,1433,100,5,2005.26
14418,1293,277,2,3904.04
14419,1382,116,1,4174.5
14420,1365,172,3,2788.95
14421,2406,124,5,2902.46
14422,1485,612,2,3901.53
14423,5095,29,4,2969.52
14424,2602,625,4,879.33
14425,5699,224,3,354.52
14426,2124,517,3,2235.67
14427,2946,771,5,610.59
14428,482,778,2,3608.33
14429,4469,467,1,377.36
14430,1285,540,3,3143.61
14431,4344,125,4,389.01
14432,3702,124,3,1086.62
14433,1801,759,2,145.11
14434,3143,574,1,1059.74
14435,3416,643,2,248.38
14436,3284,103,1,1470.1
14437,5182,98,1,2756.09
14438,3571,279,5,2582.73
14439,5731,383,1,1160.94
14440,5964,680,5,799.85
14441,3248,617,2,3413.38
14442,404,722,4,1044.62
14443,4098,101,5,1617.98
14444,1673,198,4,1111.57
14445,3147,454,2,1071.56
14446,3827,686,4,980.0
14447,758,266,1,625.26
14448,3875,311,5,659.31
14449,2721,693,5,651.78
14450,5899,365,4,741.2
14451,5026,792,4,2305.12
14452,967,636,5,1991.31
14453,3816,138,4,1383.02
14454,2994,636,3,640.35
14455,1467,422,3,4181.14
14456,3212,53,4,4048.45
14457,3598,186,5,1893.7
14458,1856,6,5,1835.33
14459,45,243,3,1490.74
14460,3331,603,3,2147.43
14461,4474,314,3,1991.44
14462,298,282,2,1033.85
14463,965,247,2,2274.55
14464,4912,543,1,1049.34
14465,2700,338,5,1482.84
14466,2851,448,5,661.38
14467,4833,103,2,696.24
14468,570,740,5,1718.87
14469,4136,725,5,2055.69
14470,1435,386,1,2265.61
14471,564,266,5,1536.18
14472,471,58,2,2606.89
14473,2398,793,1,679.24
14474,5936,80,2,2264.12
14475,5486,305,1,4118.83
14476,1368,351,3,2416.12
14477,5335,716,4,760.16
14478,5004,291,1,2537.79
14479,2967,353,5,3053.45
14480,1200,42,3,3370.88
14481,5868,505,5,1130.08
14482,3614,785,5,77.89
14483,5702,96,2,4073.69
14484,2956,318,3,703.84
14485,766,470,4,3362.26
14486,965,397,2,2552.66
14487,3170,514,5,1863.77
14488,2583,513,1,2132.67
14489,2328,548,5,2504.57
14490,2534,165,3,920.4
14491,4280,56,2,1385.51
14492,213,486,3,3942.7
14493,5351,785,3,3494.41
14494,3297,452,3,2259.42
14495,44,621,1,2163.44
14496,3967,276,5,235.38
14497,4577,58,1,2199.39
14498,1119,356,3,610.47
14499,1135,507,1,3473.7
14500,5984,151,4,1594.36
14501,5532,331,1,1487.33
14502,2453,518,3,526.97
14503,4605,355,1,1786.83
14504,4869,471,2,4158.29
14505,755,186,5,1541.54
14506,4526,338,3,3575.0
14507,4322,120,1,1476.31
14508,4959,733,3,3595.68
14509,3608,777,1,784.73
14510,5537,562,2,862.15
14511,3515,486,1,828.77
14512,4992,173,4,2702.9
14513,1976,476,3,4145.7
14514,2807,326,3,2383.77
14515,1253,207,5,4019.38
14516,2915,797,1,253.95
14517,5585,152,3,1134.81
14518,5805,41,2,3497.12
14519,1754,278,2,2947.51
14520,1505,576,1,3066.11
14521,2286,53,4,2096.26
14522,1194,265,5,2471.56
14523,1521,230,4,3497.0
14524,4792,646,5,1008.73
14525,174,702,3,3473.74
14526,1940,682,2,3667.33
14527,5639,790,2,2535.54
14528,1153,501,4,2102.92
14529,637,284,1,4032.15
14530,3391,636,4,1444.61
14531,5406,469,4,204.09
14532,5548,131,1,3296.07
14533,5228,69,4,403.31
14534,2402,192,4,2782.61
14535,3963,518,2,3913.27
14536,1045,345,4,3575.19
14537,1534,374,1,2280.59
14538,262,446,2,3797.56
14539,4119,653,1,2442.51
14540,5512,644,2,1705.32
14541,3236,455,1,803.49
14542,4386,242,3,2859.9
14543,2286,679,2,1352.01
14544,6,388,1,3553.06
14545,3634,229,5,3266.96
14546,973,743,3,311.44
14547,2709,610,1,3924.83
14548,4612,437,1,728.65
14549,5894,141,2,3025.35
14550,1442,682,4,4110.97
14551,4520,471,1,3192.19
14552,1665,356,3,2198.45
14553,3859,640,4,3331.49
14554,5825,642,2,4058.82
14555,3143,404,5,1032.1
14556,4899,134,2,2914.01
14557,3686,556,3,3721.21
14558,1126,122,4,2762.24
14559,3041,250,4,1437.12
14560,4898,573,1,3234.15
14561,3483,636,3,2200.5
14562,4042,238,1,2032.57
14563,1735,611,3,2429.4
14564,3486,167,2,2719.24
14565,2980,551,3,2078.08
14566,4810,304,1,93.11
14567,3785,652,3,1630.63
14568,1114,496,1,3801.97
14569,2493,10,3,2489.67
14570,1697,266,1,272.2
14571,2215,255,4,3585.14
14572,4945,575,2,1563.71
14573,1417,376,5,2418.26
14574,2761,222,2,1473.89
14575,381,367,5,1552.03
14576,5124,181,2,1917.1
14577,5355,117,2,1715.51
14578,172,382,2,3737.73
14579,1687,519,1,1837.93
14580,2039,31,4,3323.21
14581,1884,58,5,3120.31
14582,615,536,5,2575.93
14583,2122,175,5,870.82
14584,3230,548,2,2021.22
14585,778,640,3,417.1
14586,2399,739,1,195.44
14587,951,118,5,631.7
14588,5599,596,1,3089.42
14589,826,164,5,1809.83
14590,3627,472,1,625.22
14591,2588,166,5,4178.75
14592,4673,763,2,44.77
14593,3638,798,5,2562.87
14594,397,277,1,1924.44
14595,4515,472,2,1665.99
14596,1681,456,4,1367.7
14597,2500,639,3,2802.91
14598,3089,184,2,2318.56
14599,203,314,1,3535.55
14600,5987,73,1,264.97
14601,5195,185,2,335.09
14602,1477,673,2,1525.03
14603,1256,30,3,3069.51
14604,255,405,5,1153.76
14605,5633,431,5,3343.82
14606,5840,644,5,2892.15
14607,5249,457,5,1154.6
14608,3754,372,2,730.75
14609,2735,726,3,2710.66
14610,1137,794,1,1173.68
14611,1075,525,1,2660.77
14612,364,311,2,2474.34
14613,2526,259,1,4040.43
14614,5383,171,3,3424.35
14615,2961,286,2,507.55
14616,3822,112,5,2475.96
14617,3701,227,3,3633.53
14618,1021,509,4,3589.38
14619,2373,297,3,3752.33
14620,2028,458,5,362.83
14621,3768,573,4,2935.43
14622,4162,639,4,527.66
14623,984,131,3,835.94
14624,1115,769,2,1392.76
14625,2669,286,3,3887.81
14626,501,751,2,2677.33
14627,3837,552,2,2852.19
14628,1975,692,4,3887.28
14629,4105,479,2,82.05
14630,3176,755,4,241.14
14631,2526,212,2,1980.06
14632,5545,366,3,53.43
14633,2353,319,2,1376.1
14634,4185,591,4,2739.37
14635,3250,794,1,1445.52
14636,1375,2,3,3664.73
14637,5366,619,1,2414.3
14638,3886,523,3,729.23
14639,1145,27,2,301.89
14640,4818,240,4,3076.73
14641,958,687,1,2127.18
14642,1600,528,4,2365.5
14643,5405,500,3,3651.34
14644,3704,782,2,1842.01
14645,5722,611,5,1638.9
14646,1087,142,1,966.44
14647,2201,661,5,4073.53
14648,169,416,5,1092.31
14649,2600,585,4,1550.91
14650,4242,311,1,462.25
14651,5151,530,5,1983.58
14652,2544,275,5,1380.58
14653,4679,40,5,1043.97
14654,462,240,5,1861.96
14655,5191,304,3,835.37
14656,5954,244,1,1253.79
14657,1697,79,3,2457.94
14658,5446,580,2,2546.52
14659,5622,147,1,1959.03
14660,2654,509,1,4190.01
14661,5519,731,2,3043.92
14662,1493,541,5,619.59
14663,2406,345,1,114.29
14664,2931,222,4,2809.22
14665,4922,691,4,779.45
14666,5332,132,1,1909.97
14667,4232,38,4,1378.61
14668,2995,9,1,2576.5
14669,2926,541,2,546.81
14670,4495,258,1,1689.99
14671,2101,719,1,106.38
14672,3371,634,4,2336.35
14673,374,293,5,1736.74
14674,565,207,3,2787.68
14675,3402,507,5,2771.41
14676,449,571,2,2737.35
14677,2924,50,3,2706.87
14678,213,770,1,3433.58
14679,748,655,1,2332.1
14680,4247,338,2,1496.94
14681,3508,395,2,3254.07
14682,3138,535,2,2354.32
14683,4304,621,3,232.9
14684,3069,54,5,2306.07
14685,2968,749,4,882.44
14686,1704,67,5,1559.74
14687,885,606,1,3075.08
14688,3039,469,4,2707.59
14689,4132,504,2,4026.66
14690,5710,349,1,1295.55
14691,1963,47,5,1534.81
14692,3542,409,4,3888.87
14693,3617,629,5,2305.8
14694,2938,129,2,3445.44
14695,2573,772,4,2595.43
14696,4748,685,4,420.98
14697,2365,718,2,758.0
14698,4304,271,2,3241.59
14699,4579,406,5,401.91
14700,439,72,4,515.08
14701,1598,628,3,3772.39
14702,961,268,3,600.78
14703,2370,779,4,244.31
14704,1390,226,5,2317.86
14705,4852,172,3,833.28
14706,670,710,4,3517.3
14707,1247,241,2,1166.06
14708,715,317,2,2397.39
14709,2683,259,3,4089.26
14710,427,718,4,2900.55
14711,4053,72,3,354.03
14712,5144,708,3,3859.61
14713,3943,212,2,3203.51
14714,3231,551,2,1935.4
14715,5750,328,3,1995.88
14716,3772,315,5,2494.48
14717,163,759,2,1694.35
14718,5110,120,4,1093.7
14719,5420,746,3,4037.74
14720,3686,343,2,4159.98
14721,4987,349,1,3686.38
14722,1777,618,3,1191.43
14723,3052,614,4,3682.51
14724,2317,734,2,1457.66
14725,5576,590,5,794.56
14726,5759,501,5,2076.85
14727,2034,375,5,2853.63
14728,3004,438,2,523.66
14729,2391,309,2,1451.34
14730,1732,567,1,1297.64
14731,5059,420,3,3883.67
14732,527,193,3,3415.02
14733,5467,494,4,674.57
14734,713,756,5,2873.21
14735,2041,240,3,2884.17
14736,4179,226,1,1527.89
14737,1382,213,2,4046.87
14738,36,379,4,1054.52
14739,2297,375,1,2035.46
14740,4977,291,4,3908.02
14741,4049,682,4,2367.6
14742,3473,135,2,3229.05
14743,4423,449,5,4087.51
14744,860,511,2,4145.59
14745,13,171,1,2943.25
14746,1581,470,3,3514.4
14747,4368,565,2,1829.39
14748,2106,343,5,2340.3
14749,2628,557,5,3267.35
14750,1237,690,1,423.32
14751,1198,342,1,2690.29
14752,4917,6,4,3033.52
14753,1756,450,3,4199.33
14754,1077,536,3,2126.61
14755,44,152,4,1092.51
14756,1900,613,1,2486.65
14757,5867,47,1,2524.98
14758,3536,104,2,2848.03
14759,2155,117,5,4151.65
14760,5238,475,3,1863.21
14761,867,544,2,3083.87
14762,5777,390,2,22.07
14763,3257,603,1,789.86
14764,599,84,5,274.97
14765,5382,588,1,2367.39
14766,844,71,1,427.76
14767,2245,247,3,3983.01
14768,5143,663,1,2661.57
14769,4925,382,2,1030.28
14770,3534,391,5,2078.24
14771,4365,641,2,987.77
14772,1516,791,2,872.85
14773,643,646,2,994.04
14774,2476,514,3,181.57
14775,2979,151,5,1003.49
14776,1615,283,3,4111.49
14777,4268,54,3,2401.85
14778,4248,373,2,856.39
14779,3963,482,2,1712.72
14780,1049,650,4,2858.82
14781,4886,510,3,3860.96
14782,943,507,4,2836.16
14783,132,81,3,1964.99
14784,4857,571,4,3158.38
14785,2478,744,2,3548.22
14786,4794,604,2,1333.82
14787,183,369,1,3610.85
14788,927,376,3,1026.37
14789,2729,547,4,1484.97
14790,4818,506,3,2445.68
14791,419,220,1,2563.43
14792,2811,291,4,2601.97
14793,3099,570,2,3989.31
14794,3042,358,5,2098.29
14795,2713,206,3,2235.85
14796,5232,290,3,3313.08
14797,5176,611,3,2125.43
14798,2022,700,2,3384.78
14799,5407,577,1,3433.45
14800,3340,776,4,3934.58
14801,940,376,1,3104.55
14802,3706,605,4,1203.83
14803,1453,25,2,3171.12
14804,2987,589,2,2134.78
14805,5642,272,2,205.14
14806,5329,219,5,4011.8
14807,444,341,2,1086.89
14808,3493,264,2,422.34
14809,2311,264,5,3434.21
14810,3709,449,1,337.67
14811,3177,178,3,3698.21
14812,175,155,1,1080.98
14813,1216,184,2,3198.26
14814,3879,595,1,1537.46
14815,561,68,5,147.56
14816,4908,257,5,3463.02
14817,4534,741,1,3978.71
14818,676,784,4,1604.73
14819,4418,319,4,382.76
14820,577,423,5,1498.23
14821,2553,402,2,57.2
14822,371,297,2,2911.97
14823,1678,578,5,2605.28
14824,4049,643,1,1654.35
14825,4585,756,2,76.61
14826,2116,53,5,3801.79
14827,268,595,3,2830.98
14828,2401,612,4,2632.44
14829,3377,579,5,3519.11
14830,2573,630,5,669.71
14831,534,404,3,723.47
14832,1089,92,5,3571.19
14833,3723,726,4,484.73
14834,383,108,4,1601.07
14835,3414,728,2,3005.66
14836,2337,703,3,2184.64
14837,2776,501,4,1988.3
14838,4280,223,4,2050.21
14839,2343,691,4,1018.29
14840,2711,403,2,3809.84
14841,2501,621,1,2918.28
14842,699,43,4,654.8
14843,5159,217,5,309.82
14844,5238,511,4,1249.07
14845,3038,381,3,1874.93
14846,4969,20,3,2161.88
14847,4151,725,3,1098.79
14848,5334,673,1,3997.31
14849,203,462,5,3049.84
14850,2104,62,1,4009.11
14851,2421,15,4,3867.59
14852,234,566,5,613.97
14853,3248,74,4,3251.85
14854,3564,726,1,1748.14
14855,4975,674,2,1892.97
14856,2507,214,5,4001.87
14857,2818,773,5,1880.99
14858,1865,75,2,2602.98
14859,5244,136,4,966.21
14860,3762,590,5,513.69
14861,3872,182,2,1013.03
14862,430,621,5,1623.53
14863,937,256,2,4153.22
14864,4652,583,3,3170.56
14865,597,63,2,1524.32
14866,1025,62,5,2438.47
14867,184,579,5,1897.08
14868,3183,163,1,2630.42
14869,5916,33,5,2018.47
14870,4739,608,4,3039.38
14871,5405,294,2,802.0
14872,5278,770,3,3917.25
14873,4424,308,1,3078.87
14874,3273,637,2,4037.9
14875,3646,188,3,401.77
14876,5208,606,4,2702.4
14877,1027,574,3,560.58
14878,1465,60,5,295.98
14879,3527,137,4,4121.63
14880,1519,102,3,1349.21
14881,5581,343,2,740.54
14882,2852,581,4,785.86
14883,2842,127,4,2354.72
14884,5384,101,1,3070.83
14885,1311,613,5,664.25
14886,5369,353,4,942.93
14887,5722,315,3,2655.9
14888,5990,580,2,4007.97
14889,954,443,3,35.65
14890,3800,356,2,1647.92
14891,2101,760,1,1883.9
14892,2161,55,1,161.07
14893,2027,178,4,2484.68
14894,2152,720,5,976.91
14895,5407,131,3,2044.32
14896,2323,602,1,3188.65
14897,3790,297,4,652.5
14898,2679,88,2,2659.8
14899,4687,392,5,3555.54
14900,1770,593,2,3270.04
14901,1501,618,5,1256.9
14902,4617,724,1,1355.39
14903,2173,640,1,2459.13
14904,2163,607,2,2693.33
14905,1150,35,5,2485.39
14906,4120,730,3,891.04
14907,553,150,5,1854.52
14908,3602,692,2,920.91
14909,4094,355,1,2713.3
14910,5662,576,1,1546.39
14911,266,660,3,1097.28
14912,4552,157,2,2494.67
14913,1771,4,5,749.24
14914,2375,393,1,3747.82
14915,4760,360,4,3052.67
14916,4727,92,1,1612.87
14917,279,186,4,900.44
14918,5055,106,1,3124.11
14919,7,788,4,1561.86
14920,4564,358,3,1730.56
14921,3197,725,3,1505.06
14922,2289,241,5,459.17
14923,2436,376,3,4027.76
14924,2161,67,1,2478.88
14925,692,707,2,3477.98
14926,1585,85,2,3355.87
14927,2956,632,4,486.08
14928,3483,229,4,1846.72
14929,1021,123,1,1664.65
14930,456,250,3,547.81
14931,1238,325,1,986.18
14932,4405,435,4,394.02
14933,2738,328,1,606.33
14934,248,314,1,2709.43
14935,2895,597,3,862.46
14936,2142,242,3,2759.36
14937,1496,630,5,1374.56
14938,4678,480,1,2823.57
14939,4359,245,5,2129.51
14940,4992,223,3,3244.96
14941,2591,16,4,2017.44
14942,5241,577,5,1600.69
14943,4084,316,1,1343.95
14944,2580,640,3,1368.2
14945,876,405,1,3854.09
14946,4546,491,4,2037.5
14947,1242,307,5,2867.17
14948,1390,719,4,2013.18
14949,2060,347,1,2511.31
14950,2608,12,4,1773.62
14951,1357,751,3,1638.79
14952,1672,669,3,1455.21
14953,5864,211,1,2635.01
14954,4295,771,4,791.27
14955,4433,398,1,218.69
14956,3792,141,1,1266.12
14957,4961,192,5,1207.29
14958,3124,227,2,655.22
14959,5873,416,5,4117.55
14960,3769,686,2,1574.19
14961,3755,690,3,3968.38
14962,1807,112,3,975.05
14963,2779,3,3,1104.36
14964,474,719,4,1726.04
14965,2347,448,1,3898.82
14966,29,150,3,3102.29
14967,892,56,1,745.69
14968,4822,55,5,2942.23
14969,2611,245,5,1650.82
14970,1856,662,2,2223.74
14971,5265,513,2,4161.0
14972,3901,797,1,3636.9
14973,5371,154,5,1692.1
14974,1617,375,4,1065.76
14975,1188,618,4,3904.43
14976,1639,775,1,2536.38
14977,1087,674,4,454.99
14978,1421,61,1,3735.91
14979,1005,261,4,3430.83
14980,5013,536,3,3008.5
14981,4094,526,2,1061.22
14982,2238,678,4,1784.81
14983,922,203,4,3495.55
14984,613,319,1,1571.91
14985,4832,9,2,1017.55
14986,5657,280,1,1670.51
14987,3161,798,5,353.44
14988,3891,717,5,729.07
14989,4382,620,5,1743.77
14990,863,722,2,943.58
14991,4760,280,1,3769.36
14992,935,636,2,2660.92
14993,1650,107,1,2363.25
14994,5094,93,3,3199.14
14995,4115,200,3,2926.11
14996,1792,639,2,553.33
14997,3883,430,5,101.86
14998,2990,89,5,2490.32
14999,2461,768,4,4157.05
15000,1322,707,4,2987.39
15001,2264,145,2,1643.18
15002,5333,320,4,2612.64
15003,3613,7,3,2548.81
15004,3718,110,5,4122.11
15005,1917,648,2,3969.78
15006,4122,87,1,3810.48
15007,3135,484,3,685.32
15008,3427,704,4,1751.25
15009,76,476,4,2630.51
15010,1436,291,3,957.81
15011,2422,23,4,1648.14
15012,1242,408,4,1762.9
15013,5958,788,2,3314.16
15014,1321,283,4,1037.5
15015,4451,55,3,688.36
15016,3742,741,2,775.67
15017,1723,307,3,2484.26
15018,3741,350,1,4187.08
15019,4259,404,5,1628.27
15020,651,315,1,676.88
15021,1422,668,5,4141.18
15022,46,1,3,3505.91
15023,2855,553,5,1111.18
15024,3714,491,4,3324.79
15025,3154,347,2,1991.52
15026,3640,466,2,1996.37
15027,4839,551,4,3973.74
15028,4073,606,1,2721.9
15029,980,70,2,4060.39
15030,1229,431,2,1611.23
15031,157,230,3,1960.37
15032,5839,162,1,1300.36
15033,2897,132,2,3225.76
15034,4829,446,5,979.02
15035,2273,178,5,3421.42
15036,2428,449,1,570.58
15037,3662,60,3,774.77
15038,640,8,3,1681.86
15039,5754,220,5,3815.81
15040,2109,168,2,1107.88
15041,2408,20,4,2304.69
15042,1036,598,3,3314.88
15043,259,345,4,477.71
15044,5896,309,2,1581.34
15045,2762,154,3,1230.85
15046,2816,133,5,1399.27
15047,2806,314,3,2184.36
15048,4117,715,5,3408.58
15049,348,426,4,2270.84
15050,3334,171,4,4130.03
15051,3433,685,2,1876.89
15052,1994,187,3,1748.41
15053,4508,235,4,244.69
15054,1809,591,2,158.74
15055,1940,125,5,1918.3
15056,3068,139,4,3550.77
15057,4502,476,5,4158.13
15058,4839,624,1,3789.34
15059,1268,416,2,2347.44
15060,576,309,3,586.22
15061,1108,154,5,4131.88
15062,4627,272,2,2971.4
15063,848,100,1,1931.5
15064,4118,721,2,1051.99
15065,4863,328,3,2502.19
15066,4530,697,1,4195.96
15067,4297,681,1,3468.77
15068,1135,278,4,2448.82
15069,2612,133,2,3117.42
15070,5793,458,1,3337.4
15071,2141,277,1,4180.92
15072,2336,719,3,4177.43
15073,4495,296,5,2416.06
15074,2268,603,3,1532.6
15075,2494,369,2,1639.43
15076,2562,497,1,3858.57
15077,4128,548,5,4107.15
15078,2037,536,4,923.78
15079,4462,593,4,1222.19
15080,5584,51,5,1357.2
15081,1716,31,2,648.51
15082,4417,156,4,1819.08
15083,196,530,5,2311.33
15084,2084,626,1,982.2
15085,2135,147,2,542.55
15086,2024,513,1,102.56
15087,922,585,2,1231.87
15088,3179,524,4,3308.79
15089,113,716,1,1173.14
15090,4041,453,4,3920.33
15091,1683,235,2,64.49
15092,1446,554,1,2737.87
15093,1005,463,5,2161.46
15094,3411,612,3,1866.62
15095,2385,657,4,1602.88
15096,4112,30,3,3787.74
15097,2309,35,4,3296.33
15098,5139,791,4,1741.58
15099,969,565,3,1700.71
15100,1750,604,5,2316.18
15101,2288,733,5,128.13
15102,2559,155,2,3875.62
15103,3316,521,5,2279.86
15104,212,543,1,1254.36
15105,695,31,1,3460.27
15106,1534,498,3,1735.18
15107,174,580,1,3412.73
15108,188,696,2,195.19
15109,3719,298,2,719.73
15110,4795,796,1,3481.84
15111,1693,378,4,2583.3
15112,3483,521,5,2932.58
15113,2985,652,3,1948.45
15114,5025,479,3,1425.01
15115,1556,324,3,3858.77
15116,5375,109,1,785.24
15117,519,528,4,3579.12
15118,2078,59,5,3298.36
15119,5571,278,1,3473.66
15120,2710,39,3,516.06
15121,5570,573,4,3181.88
15122,4558,610,4,369.51
15123,94,472,3,1393.83
15124,4491,349,5,1100.45
15125,507,548,4,47.45
15126,1687,568,3,924.86
15127,2974,130,2,4099.78
15128,85,113,1,3567.14
15129,4151,588,2,325.03
15130,616,92,2,3522.59
15131,1148,542,2,373.06
15132,744,92,4,2731.39
15133,4845,82,5,1688.74
15134,4840,284,2,2674.44
15135,5710,5,5,2237.38
15136,5836,484,1,598.35
15137,1187,381,3,1102.17
15138,3650,146,5,2243.49
15139,2907,430,5,1382.71
15140,909,579,5,2859.84
15141,5819,65,2,1658.35
15142,4904,540,1,348.0
15143,647,308,2,1031.3
15144,1570,435,1,2164.05
15145,4130,457,1,3261.55
15146,875,189,4,1032.42
15147,3692,749,5,3971.83
15148,4069,704,5,137.47
15149,2556,202,1,48.08
15150,5149,115,4,763.39
15151,3863,124,1,2178.52
15152,4656,739,1,3190.38
15153,4372,121,3,3821.55
15154,5895,613,3,4063.72
15155,117,99,5,533.67
15156,5073,559,4,239.18
15157,864,270,3,3756.28
15158,641,580,3,352.41
15159,4051,555,1,2645.39
15160,4292,62,5,2332.0
15161,2152,8,4,3163.66
15162,4,475,5,954.26
15163,4628,677,2,2488.3
15164,3511,616,3,2583.54
15165,2325,783,3,737.04
15166,351,360,4,3985.69
15167,1529,204,1,2158.72
15168,5479,129,5,1582.54
15169,2335,636,5,576.19
15170,4841,137,3,447.33
15171,404,704,2,2043.95
15172,2417,609,3,418.38
15173,5758,738,3,1171.18
15174,980,512,3,151.36
15175,1113,181,2,1590.26
15176,1041,781,5,2517.73
15177,1587,654,3,3865.33
15178,5816,772,1,3985.03
15179,1134,293,1,2074.57
15180,1444,688,2,4081.43
15181,561,555,2,322.81
15182,1260,570,2,147.14
15183,4387,496,5,2550.47
15184,5929,487,4,1770.69
15185,154,462,4,1702.22
15186,1609,400,1,3576.43
15187,3320,50,2,2267.42
15188,2240,624,4,3499.37
15189,1556,63,4,401.49
15190,1843,662,1,1960.31
15191,5422,321,5,644.53
15192,1184,45,4,2366.25
15193,2029,262,2,3122.3
15194,2650,442,1,630.53
15195,363,546,5,2208.61
15196,1470,170,3,1397.2
15197,78,757,2,3127.1
15198,5950,750,4,764.34
15199,1011,123,1,3382.23
15200,4763,421,3,3926.01
15201,5891,86,1,714.88
15202,4349,588,1,2541.88
15203,32,692,5,3788.02
15204,1776,736,1,3433.84
15205,5985,283,3,1542.01
15206,6000,375,1,2993.51
15207,5882,632,2,4081.18
15208,4283,576,3,2400.84
15209,5472,589,4,999.29
15210,5565,648,1,3193.73
15211,5512,494,1,3176.65
15212,1209,507,1,1185.24
15213,757,270,3,3681.98
15214,1053,316,4,1102.77
15215,1153,589,1,2358.77
15216,3709,728,1,3417.82
15217,2154,708,4,875.14
15218,1801,609,3,455.6
15219,5277,433,4,1580.73
15220,5576,50,5,3390.73
15221,919,434,4,604.72
15222,2730,714,3,3427.57
15223,1078,465,4,2855.99
15224,4879,746,1,3340.82
15225,3007,329,3,4013.49
15226,193,412,4,2627.47
15227,498,282,4,1747.45
15228,4028,165,5,2444.08
15229,630,274,4,1094.11
15230,3883,435,5,3493.93
15231,4893,249,3,119.27
15232,341,6,3,1449.72
15233,5656,421,4,2073.27
15234,5102,446,1,1064.12
15235,1861,261,5,4057.15
15236,3223,618,5,1719.54
15237,5356,298,2,1872.69
15238,2810,525,4,3806.11
15239,319,548,4,360.71
15240,217,39,4,3733.77
15241,294,231,5,2040.1
15242,4817,306,3,2348.69
15243,2459,342,4,1586.52
15244,1281,593,2,2563.46
15245,2706,270,3,3456.02
15246,676,352,5,2218.48
15247,4662,128,1,314.35
15248,1740,591,4,3371.81
15249,5144,346,4,2513.56
15250,4613,347,4,2688.51
15251,4439,164,1,612.35
15252,4327,390,2,192.01
15253,1721,88,2,254.28
15254,800,183,3,1776.39
15255,2363,146,4,1337.94
15256,4614,126,5,61.74
15257,982,360,1,3783.2
15258,2540,253,2,1890.85
15259,1281,575,4,1292.02
15260,1316,571,1,1147.61
15261,1109,738,2,2049.7
15262,1689,184,3,1790.85
15263,620,201,1,180.36
15264,924,754,4,2907.44
15265,2010,401,5,614.76
15266,5981,781,5,3098.55
15267,4664,429,4,2224.95
15268,3751,56,1,395.37
15269,5544,337,2,3692.82
15270,3368,786,4,492.61
15271,1964,189,3,640.86
15272,1498,437,2,1073.52
15273,3469,772,5,2356.79
15274,370,418,2,2569.3
15275,479,744,2,3262.49
15276,3052,202,1,2058.73
15277,1952,746,3,3077.43
15278,4561,663,5,3839.64
15279,3576,521,3,413.9
15280,2825,791,1,651.85
15281,1716,10,4,2644.6
15282,3481,498,1,1388.51
15283,3150,123,4,3731.21
15284,2103,558,3,317.58
15285,2139,354,5,1544.23
15286,2801,261,3,3879.25
15287,878,577,4,1826.66
15288,3004,386,1,2162.34
15289,1468,308,1,1463.97
15290,4175,256,5,1074.52
15291,3523,598,4,4138.38
15292,1175,103,1,271.01
15293,686,411,2,169.7
15294,2988,306,2,1074.66
15295,5410,424,1,1003.58
15296,2530,535,3,2259.88
15297,862,241,2,3337.05
15298,801,528,3,2507.12
15299,2356,689,4,1573.7
15300,3339,438,3,2242.76
15301,690,223,3,1700.52
15302,452,224,2,2600.89
15303,4856,598,4,68.11
15304,5791,273,5,3158.68
15305,5653,163,5,3435.39
15306,3861,369,1,3074.42
15307,1269,28,3,2925.87
15308,4689,120,5,4126.87
15309,3959,376,3,310.14
15310,2024,95,5,3876.87
15311,835,617,5,3448.6
15312,3462,598,5,1284.42
15313,458,413,3,3032.75
15314,4160,690,1,312.25
15315,5918,280,2,1035.95
15316,2794,697,1,277.58
15317,4183,634,4,2233.82
15318,4318,254,1,2111.33
15319,4617,151,4,3310.22
15320,4203,494,3,1708.37
15321,5002,497,3,1948.19
15322,3965,247,1,1047.79
15323,337,27,2,2047.09
15324,1760,242,3,4069.56
15325,1994,480,3,2657.12
15326,1783,785,5,196.69
15327,4846,620,2,2706.48
15328,3363,544,4,838.64
15329,2725,800,2,2867.37
15330,1149,173,5,787.05
15331,3963,433,4,607.02
15332,1700,452,1,2819.37
15333,4650,111,2,3659.27
15334,5234,443,1,3448.76
15335,5309,539,1,3697.32
15336,5625,725,4,3188.53
15337,5772,406,1,3178.7
15338,204,662,3,987.71
15339,1229,292,1,2278.02
15340,1844,176,2,1618.94
15341,2526,576,3,3299.45
15342,2850,403,3,2638.72
15343,769,200,5,291.48
15344,3123,8,5,2329.0
15345,5820,451,5,3153.14
15346,5053,567,5,4173.12
15347,1240,702,3,2220.34
15348,3248,152,5,1174.46
15349,3133,55,2,1302.4
15350,2104,635,2,3249.97
15351,4860,126,2,3916.32
15352,4471,350,5,2138.46
15353,4758,129,2,3225.5
15354,2643,205,3,1458.51
15355,2076,248,4,2073.53
15356,4015,201,4,2393.06
15357,1898,516,1,3500.42
15358,2287,239,5,2823.6
15359,5464,577,5,446.44
15360,960,657,2,427.96
15361,2725,434,4,1203.86
15362,4663,325,5,2692.11
15363,4895,393,4,2974.62
15364,1802,38,3,2836.47
15365,1869,709,2,1630.53
15366,5002,354,5,2139.79
15367,3728,533,1,3626.68
15368,5578,409,1,2125.65
15369,3597,19,5,3461.2
15370,670,517,1,1146.54
15371,5167,728,2,3554.83
15372,5693,615,3,3925.99
15373,881,72,2,3709.3
15374,2135,204,5,1790.75
15375,419,448,3,3389.0
15376,2799,715,2,2066.83
15377,4343,768,3,1765.66
15378,349,211,5,1029.24
15379,1902,4,2,1878.17
15380,504,755,3,1455.1
15381,1330,54,2,3139.74
15382,705,755,4,3756.92
15383,4314,112,3,2820.5
15384,3821,589,1,3717.92
15385,4328,796,5,1447.23
15386,2238,210,3,3871.17
15387,4401,111,2,2256.17
15388,2745,294,4,2218.8
15389,3029,86,3,3487.54
15390,1695,493,1,1896.14
15391,2923,733,2,1140.08
15392,2591,475,4,1676.17
15393,3465,387,3,1959.57
15394,4214,249,1,1041.03
15395,5449,621,1,2241.89
15396,168,259,5,819.41
15397,5372,148,3,3453.41
15398,4114,442,4,2243.58
15399,2134,163,4,1786.95
15400,3954,74,3,1667.15
15401,2823,585,3,1792.11
15402,4996,239,5,1861.18
15403,3963,617,2,834.51
15404,370,310,3,1301.36
15405,1671,453,5,3400.56
15406,3427,176,2,776.54
15407,3059,299,4,242.02
15408,4208,76,4,3513.11
15409,3120,708,4,3042.38
15410,1724,461,1,1959.69
15411,4368,61,1,3852.5
15412,4853,485,5,2474.75
15413,3746,697,4,563.44
15414,1925,149,4,3695.24
15415,1159,334,1,2124.48
15416,1694,32,2,2116.69
15417,2016,399,1,1099.24
15418,478,393,5,2590.24
15419,4299,666,5,1080.75
15420,2095,633,3,4106.29
15421,4477,761,4,3986.34
15422,215,459,1,344.41
15423,5513,142,3,388.36
15424,878,176,4,3974.44
15425,1646,330,3,2997.87
15426,3262,219,5,966.45
15427,1099,743,4,4187.44
15428,2639,169,1,101.49
15429,4446,417,1,1638.87
15430,1077,767,5,1256.04
15431,2240,312,1,2486.13
15432,428,318,1,120.01
15433,5955,438,3,447.89
15434,970,671,2,3249.05
15435,5798,300,3,328.99
15436,6,393,5,739.72
15437,1186,477,4,1106.53
15438,2737,784,3,3951.98
15439,4701,409,5,2681.36
15440,52,794,3,2229.63
15441,1915,673,5,3346.89
15442,4883,27,1,1012.13
15443,1847,226,1,2102.72
15444,2952,278,5,1641.81
15445,5280,362,1,3562.77
15446,2616,402,4,2002.35
15447,912,499,5,4159.72
15448,3372,608,3,1947.47
15449,268,789,4,2620.99
15450,5733,4,4,3517.5
15451,374,3,4,833.79
15452,2527,137,5,2733.09
15453,4069,587,4,124.11
15454,2136,155,2,2125.07
15455,1563,743,4,3013.9
15456,1779,648,4,1553.71
15457,4762,559,4,589.93
15458,5822,569,5,25.86
15459,3314,341,4,4099.0
15460,4720,317,3,1454.66
15461,5669,727,3,2739.77
15462,1526,485,1,700.4
15463,137,134,5,265.62
15464,5990,487,3,1726.04
15465,70,111,2,3472.62
15466,2511,797,5,74.0
15467,1087,607,5,1465.92
15468,4184,593,3,3187.74
15469,3945,215,2,3783.51
15470,3110,183,2,1978.15
15471,5304,301,2,612.15
15472,1231,328,5,4172.21
15473,2518,477,1,1715.41
15474,4603,163,2,1886.87
15475,733,683,3,382.98
15476,2493,719,5,307.58
15477,5052,292,1,733.42
15478,4063,36,5,3407.59
15479,1306,483,1,2101.74
15480,3004,485,2,2767.3
15481,2721,719,3,321.46
15482,5667,688,3,3105.66
15483,5407,238,5,767.59
15484,2542,252,4,262.84
15485,3170,467,1,2332.12
15486,3488,165,3,352.34
15487,1129,733,5,2708.06
15488,2128,651,1,1513.45
15489,318,286,5,2673.75
15490,281,326,1,3207.1
15491,3383,229,1,2052.04
15492,2277,541,3,2300.73
15493,1638,89,3,1844.73
15494,5342,142,4,566.23
15495,5930,666,1,369.93
15496,2911,329,4,3941.93
15497,3336,740,2,2259.46
15498,2936,648,4,2445.42
15499,1894,431,4,3819.87
15500,2721,660,4,100.47
15501,4369,61,2,1001.55
15502,4374,218,1,1380.37
15503,2673,511,3,3061.33
15504,1832,17,5,2166.11
15505,1329,652,4,2244.06
15506,3544,289,1,164.6
15507,1346,742,3,3245.46
15508,2911,378,2,2623.92
15509,2278,133,5,1550.48
15510,3310,255,3,2042.26
15511,4384,536,1,3568.09
15512,4771,495,4,978.56
15513,5376,640,2,3452.02
15514,1798,779,2,2023.48
15515,4120,118,1,3361.81
15516,3256,502,4,919.15
15517,723,368,1,1119.3
15518,4846,230,2,2380.17
15519,5051,294,5,1401.14
15520,4200,106,3,4093.9
15521,1029,408,2,2594.7
15522,2621,282,3,635.1
15523,2,519,1,2390.71
15524,551,472,1,317.46
15525,4767,469,3,3623.1
15526,3206,512,2,3705.54
15527,1263,236,3,3990.47
15528,406,729,5,2263.27
15529,1126,683,2,2159.05
15530,5706,373,5,4190.01
15531,3073,81,1,1942.28
15532,4397,393,5,3617.78
15533,1018,604,5,3033.76
15534,2805,457,1,2258.25
15535,2209,213,2,1339.79
15536,2696,473,2,2023.72
15537,1459,84,3,1918.22
15538,4235,337,2,4046.02
15539,414,341,2,2668.82
15540,1372,7,3,2628.11
15541,4667,624,5,1577.58
15542,5494,489,5,1058.49
15543,253,293,1,1071.01
15544,2145,314,4,257.43
15545,2970,508,4,3336.56
15546,4043,302,3,2067.96
15547,4788,143,3,2445.5
15548,5036,575,5,1409.88
15549,812,381,5,600.54
15550,4328,264,5,3406.85
15551,4536,561,3,2052.72
15552,4325,672,5,2507.39
15553,2905,431,4,1229.37
15554,2752,167,5,178.32
15555,3315,378,4,2067.81
15556,4248,246,5,2143.89
15557,3812,204,4,468.75
15558,5382,566,2,3519.39
15559,5641,768,5,1659.83
15560,4159,724,2,570.7
15561,2835,559,2,3830.81
15562,3869,739,1,3007.83
15563,2993,258,2,2087.41
15564,4615,411,3,483.92
15565,3822,586,5,816.23
15566,4005,247,5,1155.61
15567,5770,522,5,2548.41
15568,4209,668,4,362.78
15569,2185,157,1,2765.19
15570,5172,576,5,3711.6
15571,1416,120,3,1224.08
15572,2602,96,5,3306.63
15573,2256,372,2,1798.55
15574,1178,173,5,913.02
15575,700,560,1,994.2
15576,3849,453,5,890.02
15577,5976,161,3,4192.1
15578,1829,298,2,3425.4
15579,10,24,4,2974.9
15580,5344,496,1,2625.74
15581,4011,594,2,3688.94
15582,4109,596,3,3308.77
15583,5750,686,1,121.24
15584,3624,636,1,520.17
15585,5110,50,1,3066.74
15586,448,789,4,2565.2
15587,2994,687,2,3107.49
15588,2369,627,5,2964.26
15589,4436,517,4,788.53
15590,2540,427,2,1453.35
15591,5787,390,2,3835.75
15592,1285,751,5,169.61
15593,1156,761,1,1847.37
15594,2963,669,4,44.8
15595,3192,772,1,404.2
15596,815,213,3,903.64
15597,2010,445,3,1088.7
15598,1588,359,4,702.42
15599,2879,532,4,628.85
15600,681,720,1,3482.68
15601,3427,582,3,3677.13
15602,4613,785,2,2283.49
15603,5820,314,1,195.38
15604,3533,135,4,2385.88
15605,810,460,3,3175.25
15606,3301,412,2,2307.45
15607,4918,639,1,1136.47
15608,5721,390,4,3350.77
15609,4491,690,5,3118.03
15610,5766,711,1,964.21
15611,4810,2,2,1181.2
15612,1702,379,1,1699.06
15613,2190,403,1,2054.19
15614,1031,669,1,797.04
15615,1308,301,4,4138.32
15616,3166,14,4,2357.89
15617,3350,522,2,955.17
15618,5782,422,2,606.56
15619,3416,259,4,2556.75
15620,3344,343,5,2541.73
15621,3618,33,4,3431.43
15622,4297,472,2,995.54
15623,3397,477,4,774.74
15624,5723,685,3,3844.31
15625,3926,695,4,3771.4
15626,4469,459,5,1169.48
15627,2270,649,4,1005.66
15628,2319,289,1,3537.44
15629,4724,598,5,2549.4
15630,1836,777,3,3665.43
15631,4701,1,5,3893.55
15632,5041,767,4,2493.3
15633,2935,505,5,1794.05
15634,4650,525,4,1249.57
15635,4569,490,5,1817.23
15636,3888,722,1,621.01
15637,1848,378,4,4099.3
15638,4497,117,4,4162.88
15639,5087,269,1,2804.24
15640,4254,87,1,3779.13
15641,874,218,5,34.37
15642,2212,576,1,3730.4
15643,3047,502,5,3005.04
15644,3221,49,4,2297.85
15645,1641,86,2,2066.36
15646,2186,408,1,1602.21
15647,3200,170,4,3702.57
15648,4697,153,5,2511.1
15649,5694,381,3,773.17
15650,1501,120,4,1497.23
15651,1610,402,1,2415.71
15652,4510,499,5,3480.64
15653,4663,158,4,4040.21
15654,3375,228,3,1239.91
15655,4914,499,1,341.36
15656,2101,484,5,2574.13
15657,3735,159,2,2952.92
15658,3203,708,5,1898.12
15659,5638,27,2,1643.89
15660,431,219,5,1764.57
15661,1475,541,4,932.39
15662,4119,710,3,3964.53
15663,3819,543,2,927.01
15664,5534,641,1,1872.86
15665,5001,328,1,506.49
15666,5038,203,4,3917.2
15667,186,479,4,1512.09
15668,1295,478,2,2354.04
15669,971,22,5,3517.05
15670,3767,588,1,241.3
15671,2249,279,4,2605.18
15672,266,312,5,1946.63
15673,4250,144,3,1772.28
15674,4342,300,1,2524.46
15675,4979,461,4,2411.12
15676,639,445,3,4171.08
15677,1851,180,2,271.75
15678,599,624,5,234.64
15679,1906,425,3,2844.98
15680,990,120,3,1678.18
15681,3137,368,4,2803.35
15682,732,541,3,2374.25
15683,3752,357,5,2038.49
15684,5088,787,1,2869.49
15685,751,536,4,844.91
15686,1225,443,1,229.9
15687,766,238,5,842.27
15688,1174,129,2,3563.22
15689,3753,526,3,2156.66
15690,1705,133,4,3158.93
15691,1254,59,4,2737.49
15692,449,92,1,2147.06
15693,4570,723,4,3795.4
15694,5080,616,5,1547.8
15695,453,447,2,3400.23
15696,371,441,3,1024.29
15697,3533,53,1,3036.44
15698,5222,167,2,3727.13
15699,1993,255,3,1572.3
15700,4117,196,1,2334.6
15701,2108,686,4,2091.64
15702,4793,709,4,2865.25
15703,3404,787,2,1331.82
15704,1690,770,3,1018.72
15705,712,773,5,2026.93
15706,1404,774,1,243.19
15707,2687,239,1,2437.02
15708,5251,237,1,3014.93
15709,5208,791,2,1130.06
15710,2956,424,1,760.23
15711,2862,640,5,1653.17
15712,4123,290,2,1594.0
15713,2402,364,5,3998.47
15714,807,624,3,178.72
15715,2796,405,1,3026.97
15716,265,525,5,1298.63
15717,2391,550,5,1051.34
15718,1447,195,3,3328.08
15719,3458,644,4,1756.11
15720,4705,206,2,258.0
15721,863,211,1,201.22
15722,5638,303,4,1346.25
15723,2018,707,2,3286.91
15724,1379,409,1,1103.65
15725,4001,151,3,1416.25
15726,2379,493,5,3412.6
15727,5755,544,1,318.01
15728,2338,384,1,283.96
15729,5937,747,5,3863.3
15730,5811,177,2,2280.04
15731,5594,191,3,35.19
15732,4796,781,3,34.52
15733,2775,764,1,1295.84
15734,5216,760,5,1770.3
15735,5255,265,3,2072.13
15736,2375,694,3,2496.1
15737,5608,301,5,213.74
15738,4371,689,4,1528.73
15739,2601,797,3,2983.02
15740,3627,98,1,570.23
15741,201,215,4,2977.7
15742,93,112,4,253.76
15743,2061,375,3,2343.33
15744,211,350,1,3029.73
15745,2437,738,2,2239.34
15746,3445,311,2,3633.99
15747,1189,683,5,1944.9
15748,1920,744,2,810.13
15749,5855,15,2,868.49
15750,2705,380,5,2649.37
15751,3952,637,4,2635.37
15752,1335,121,5,3914.73
15753,5547,478,5,2109.61
15754,1759,10,1,3882.42
15755,3654,310,5,3657.2
15756,5624,512,5,1156.24
15757,729,690,1,3879.04
15758,2123,716,3,1461.28
15759,3078,442,4,458.39
15760,2444,561,2,1070.93
15761,5986,796,5,3100.35
15762,1799,692,1,1082.76
15763,1413,671,4,1060.74
15764,3115,654,1,518.55
15765,5151,252,3,3461.11
15766,5166,384,5,2412.28
15767,615,632,3,3315.55
15768,1046,778,4,708.04
15769,5809,75,3,394.95
15770,5252,256,5,926.52
15771,4798,276,4,2718.12
15772,1626,608,4,1062.36
15773,2483,270,3,1288.46
15774,1868,476,4,3825.97
15775,3318,243,1,3720.43
15776,2330,133,5,1303.22
15777,4167,412,3,208.79
15778,3888,402,4,185.69
15779,5869,117,4,405.24
15780,2616,570,3,3811.36
15781,1952,483,1,3113.42
15782,1816,551,4,33.9
15783,885,778,2,3381.76
15784,1852,431,4,1075.04
15785,3573,319,2,2829.16
15786,5961,485,3,264.84
15787,1480,58,1,1761.44
15788,2503,122,3,2604.03
15789,242,127,4,491.81
15790,4342,61,3,1257.49
15791,5718,727,5,1340.36
15792,3417,690,4,2976.1
15793,5038,310,1,3313.76
15794,291,399,1,3203.42
15795,612,239,3,3166.69
15796,1405,185,5,3492.09
15797,2820,339,3,1977.23
15798,4237,461,4,983.83
15799,1042,335,3,1360.01
15800,4992,595,5,3111.02
15801,5764,352,2,567.55
15802,2523,487,1,999.42
15803,3535,318,5,2403.22
15804,2199,317,4,2636.61
15805,1899,36,5,1948.01
15806,5694,466,1,369.05
15807,142,697,1,75.74
15808,5501,183,4,2653.59
15809,5523,793,1,4188.44
15810,5123,330,4,4168.1
15811,1238,704,2,3110.31
15812,1895,130,4,653.28
15813,3891,497,1,3030.51
15814,3349,775,2,3577.54
15815,2860,79,1,4060.12
15816,1121,91,4,3613.98
15817,183,716,2,3129.42
15818,4641,610,1,634.85
15819,912,503,2,329.76
15820,2756,407,2,2883.21
15821,3724,385,1,797.25
15822,2097,748,4,950.29
15823,2016,299,3,551.42
15824,5543,147,4,2032.23
15825,4666,230,5,2057.79
15826,2944,307,5,2191.36
15827,1132,541,2,3075.91
15828,5756,193,2,523.52
15829,4984,552,2,645.21
15830,2626,587,3,1678.41
15831,4136,624,2,1219.71
15832,5034,632,2,408.12
15833,3111,413,4,35.44
15834,2874,573,2,795.65
15835,1105,224,4,599.0
15836,1114,159,1,2983.53
15837,4419,657,5,3712.23
15838,271,596,1,2684.22
15839,658,142,4,893.4
15840,2508,344,5,2844.86
15841,2457,587,5,2888.98
15842,810,17,1,3081.64
15843,4739,382,4,478.18
15844,508,137,3,1527.94
15845,4458,539,2,3855.91
15846,3287,615,3,1145.9
15847,1552,146,1,3010.5
15848,2957,284,3,2735.0
15849,2214,560,2,3820.2
15850,3398,539,3,2663.59
15851,5784,240,4,4016.05
15852,2467,42,3,2905.9
15853,3259,75,4,3693.75
15854,1728,452,4,439.52
15855,1199,519,3,2208.66
15856,5648,76,1,386.4
15857,833,239,4,1981.55
15858,4748,559,5,2840.91
15859,2765,452,3,782.0
15860,2979,768,2,438.44
15861,4632,265,3,752.1
15862,1979,724,4,772.51
15863,2956,676,2,2342.5
15864,2759,663,2,2692.93
15865,5048,417,3,3178.69
15866,167,155,5,4076.61
15867,838,84,5,2078.51
15868,4190,632,3,2505.58
15869,856,465,3,1078.29
15870,2581,206,1,1470.15
15871,1463,221,1,1825.86
15872,5569,720,5,953.56
15873,2654,552,4,3103.31
15874,2890,535,5,3457.65
15875,5697,282,5,4144.2
15876,3545,290,1,933.33
15877,4680,100,2,1901.97
15878,4759,363,1,2115.98
15879,1790,256,1,87.79
15880,2498,473,2,1704.7
15881,2364,319,1,3875.17
15882,480,423,5,2901.04
15883,3696,786,2,2017.25
15884,1616,384,5,1138.87
15885,457,332,4,808.43
15886,1812,502,4,3477.67
15887,4262,295,3,2617.06
15888,3175,565,1,3145.52
15889,5870,660,2,859.66
15890,3148,473,1,3764.07
15891,1965,360,1,62.32
15892,771,787,5,421.03
15893,1574,689,2,3044.76
15894,5506,477,2,4144.14
15895,2535,498,3,2192.34
15896,4045,722,5,2496.56
15897,5736,303,4,418.61
15898,2022,742,4,3450.21
15899,1916,4,4,2644.29
15900,740,438,5,1140.31
15901,2157,321,3,2933.26
15902,2582,110,2,818.22
15903,2751,109,1,3551.65
15904,968,296,1,2037.56
15905,5400,417,4,2546.31
15906,2771,574,2,409.02
15907,1982,545,5,2616.35
15908,390,179,1,4170.31
15909,469,607,3,3967.7
15910,2815,251,3,734.51
15911,2211,64,5,2981.73
15912,5282,774,1,841.61
15913,3376,701,5,1920.93
15914,3515,635,4,2247.42
15915,5553,158,5,1595.11
15916,4150,457,2,1329.01
15917,5174,779,3,1961.21
15918,1973,107,5,3401.95
15919,2608,697,5,1554.5
15920,2185,665,5,3501.97
15921,1678,387,4,1806.5
15922,3787,268,1,2747.41
15923,925,389,4,3800.96
15924,5680,128,4,926.7
15925,3850,197,3,825.06
15926,4684,364,2,1532.79
15927,5914,528,5,1160.82
15928,1499,529,1,1792.93
15929,4087,646,5,2319.7
15930,4963,789,4,3849.2
15931,1942,378,5,2129.41
15932,4489,272,3,1033.26
15933,2793,443,1,3997.91
15934,1690,526,2,2760.8
15935,4347,143,1,3950.35
15936,5962,736,1,3361.91
15937,5834,192,4,3993.69
15938,180,601,3,3160.15
15939,4749,382,5,3141.0
15940,3445,325,5,947.44
15941,3087,584,3,2308.01
15942,2869,28,5,1787.05
15943,339,351,1,632.87
15944,480,482,1,3555.52
15945,1143,304,2,3088.16
15946,5310,521,1,3199.21
15947,4262,137,4,3133.65
15948,4853,561,4,1192.16
15949,101,705,5,2383.87
15950,5614,614,3,30.41
15951,2885,340,4,2404.36
15952,1327,104,1,4043.76
15953,2579,14,4,3809.9
15954,3827,693,1,1574.95
15955,4143,54,5,2467.54
15956,1296,141,5,586.5
15957,2885,126,2,92.64
15958,1337,425,2,638.66
15959,5923,106,5,3557.95
15960,1452,784,1,1619.91
15961,3568,78,1,1347.44
15962,1802,578,1,1932.16
15963,4370,752,2,3552.39
15964,767,219,1,787.02
15965,3015,464,5,2785.12
15966,810,522,2,3459.8
15967,2619,365,5,2810.61
15968,5904,677,1,359.75
15969,1706,774,5,4007.22
15970,3682,97,4,1050.93
15971,2876,163,4,2808.81
15972,4073,706,1,1856.75
15973,3396,343,2,953.78
15974,2608,79,3,2832.09
15975,4915,713,3,4120.77
15976,2691,523,2,2536.39
15977,1985,104,4,1450.59
15978,1291,757,4,3292.89
15979,5142,692,3,118.57
15980,4239,141,4,1997.99
15981,5925,489,4,2948.94
15982,4766,178,2,2668.42
15983,1682,56,2,693.38
15984,249,682,3,3904.09
15985,3006,451,1,87.22
15986,1048,376,4,4153.07
15987,4609,453,5,3220.4
15988,672,165,2,356.67
15989,475,392,1,1789.33
15990,3358,175,5,404.94
15991,5009,770,3,1158.75
15992,3069,173,2,3784.66
15993,3589,330,5,140.43
15994,4508,408,3,3004.34
15995,3614,696,3,4053.29
15996,5422,636,2,900.57
15997,4731,164,2,3981.29
15998,2823,428,5,1093.83
15999,2188,42,4,3345.03
16000,5157,53,3,3062.1
16001,3599,300,3,2571.68
16002,3915,353,5,3366.66
16003,4245,253,5,3840.04
16004,3870,726,2,4009.61
16005,5872,224,2,2265.7
16006,460,474,1,429.33
16007,2795,145,3,2307.73
16008,3256,441,3,1277.07
16009,894,462,1,1812.5
16010,3325,292,3,3414.43
16011,4307,754,1,3055.18
16012,5627,104,5,1017.64
16013,2258,386,3,4152.4
16014,2389,687,1,3765.19
16015,3102,760,1,1237.18
16016,1374,186,3,3278.24
16017,382,184,5,3046.29
16018,859,133,4,2158.94
16019,4130,337,4,1124.07
16020,2174,171,2,339.85
16021,1258,662,4,1930.32
16022,1384,796,1,213.75
16023,5198,29,5,2620.21
16024,763,195,3,437.34
16025,1579,441,4,3948.17
16026,2703,686,1,4110.58
16027,2583,291,4,1064.84
16028,4648,260,5,1281.42
16029,796,756,4,3247.17
16030,4410,618,3,4029.99
16031,3487,761,4,3790.97
16032,5661,480,3,1818.61
16033,5033,661,1,3409.39
16034,2779,783,3,2859.61
16035,2007,243,4,1057.05
16036,679,131,1,630.04
16037,1214,505,2,2083.09
16038,2683,101,5,1449.28
16039,1673,209,4,1964.63
16040,3740,534,1,2848.78
16041,3188,288,1,819.31
16042,896,279,3,2442.35
16043,5485,633,1,2576.37
16044,1551,532,5,3593.27
16045,381,546,4,477.2
16046,1652,329,2,2003.05
16047,4359,62,4,2197.77
16048,3193,310,1,217.32
16049,3595,126,1,2799.03
16050,2425,715,2,1208.05
16051,4008,707,4,3697.3
16052,3924,272,3,3893.85
16053,967,793,5,359.29
16054,1776,435,5,833.32
16055,3097,359,1,2390.79
16056,45,791,1,2571.61
16057,4047,248,5,3769.33
16058,5305,342,3,3123.09
16059,1774,281,1,1852.86
16060,5974,618,5,810.76
16061,3625,227,1,2452.42
16062,2248,561,2,977.89
16063,2483,663,2,3119.12
16064,1050,114,5,890.12
16065,819,352,2,50.48
16066,1988,234,2,2253.12
16067,296,793,2,4030.24
16068,5160,500,3,1691.38
16069,1802,34,3,1320.21
16070,3284,331,2,3106.06
16071,4115,118,3,1910.09
16072,1513,697,2,562.08
16073,3857,256,5,459.41
16074,1915,536,3,3979.39
16075,1706,530,2,2405.77
16076,557,298,4,3885.39
16077,3077,375,5,3316.06
16078,1493,144,2,818.37
16079,3116,150,2,2596.36
16080,4482,563,2,1309.99
16081,3972,452,1,96.14
16082,1225,406,4,3860.81
16083,1623,10,4,1682.96
16084,5373,370,1,758.42
16085,545,218,2,2149.23
16086,3328,525,4,2536.93
16087,3301,698,3,2292.62
16088,5326,260,1,2677.9
16089,2843,63,1,3340.32
16090,528,774,2,747.47
16091,77,572,2,4031.69
16092,4053,273,4,2069.03
16093,2486,583,2,686.15
16094,5632,116,1,1350.46
16095,2345,586,1,3341.68
16096,2525,25,2,1599.11
16097,614,143,2,533.21
16098,4613,384,1,58.18
16099,414,701,5,229.64
16100,3872,554,1,2370.95
16101,5686,312,1,2533.15
16102,4398,354,2,2687.9
16103,421,228,1,1472.73
16104,1020,448,4,3016.76
16105,4935,529,1,2329.19
16106,2859,188,4,3270.74
16107,184,542,5,652.82
16108,1809,310,1,175.39
16109,201,241,5,1314.34
16110,90,596,2,3766.09
16111,4803,74,1,855.01
16112,3872,263,3,2633.8
16113,250,25,3,3299.04
16114,2359,516,1,1356.7
16115,1724,90,3,554.62
16116,397,158,1,2706.22
16117,4994,7,3,2545.5
16118,1009,165,5,3518.13
16119,2039,362,3,2851.45
16120,5857,7,1,646.53
16121,1126,682,1,1232.51
16122,4650,5,2,571.26
16123,5305,397,5,1901.15
16124,5390,587,3,2673.8
16125,5001,678,3,2358.68
16126,5792,744,4,2820.58
16127,5130,307,4,3211.83
16128,3435,82,3,1445.8
16129,193,549,3,2915.21
16130,5722,350,1,608.13
16131,613,217,3,2101.04
16132,1530,445,4,288.18
16133,2542,68,4,2546.88
16134,3151,592,1,3931.26
16135,5977,537,1,2136.49
16136,5904,656,5,365.82
16137,2984,303,2,176.26
16138,4416,43,2,1790.17
16139,983,453,3,2482.54
16140,4654,419,4,191.36
16141,646,320,3,3277.35
16142,78,713,1,1314.69
16143,1896,529,1,90.35
16144,4968,710,4,2178.89
16145,3087,482,5,1888.68
16146,937,14,3,2691.36
16147,5849,235,5,1469.32
16148,3657,531,4,2198.12
16149,3604,280,5,799.07
16150,5407,104,2,2326.77
16151,302,76,5,3700.24
16152,5511,176,2,2077.21
16153,3583,486,1,3243.49
16154,1211,562,1,3380.38
16155,2309,95,2,2932.07
16156,2320,754,1,1828.37
16157,5713,451,4,2671.87
16158,3868,503,3,2546.83
16159,1830,308,2,1369.57
16160,1748,218,5,1155.98
16161,3646,555,2,1245.07
16162,4694,594,2,4193.09
16163,1553,521,1,1279.78
16164,3606,445,4,205.04
16165,5603,305,4,1241.04
16166,1854,681,4,2298.78
16167,2345,579,4,2793.01
16168,5522,275,4,3430.66
16169,4272,117,5,715.11
16170,458,294,5,2255.0
16171,4459,603,5,970.98
16172,2779,64,2,1304.75
16173,836,8,2,3412.27
16174,2264,636,1,2477.07
16175,1992,464,1,1998.74
16176,3517,151,1,1641.68
16177,2812,789,1,3759.41
16178,2474,797,2,2891.82
16179,2303,699,2,3711.81
16180,4218,261,5,720.62
16181,2285,223,1,2750.98
16182,3998,16,1,523.4
16183,142,261,4,392.47
16184,5678,175,5,1856.98
16185,4766,713,2,1983.6
16186,3964,555,5,2524.11
16187,1277,507,1,3753.31
16188,4247,444,4,2592.56
16189,4767,24,5,934.99
16190,998,54,4,3724.69
16191,2873,485,3,2252.92
16192,5318,319,2,3030.97
16193,5041,277,3,600.52
16194,2983,466,1,863.96
16195,4632,628,3,531.78
16196,4687,611,4,784.75
16197,2569,457,1,1980.83
16198,5286,182,3,3692.92
16199,4142,706,4,2958.84
16200,1774,251,1,1358.69
16201,1119,391,5,762.33
16202,5139,561,4,1758.52
16203,2505,792,1,2833.34
16204,3436,648,2,3636.82
16205,5294,154,1,1694.89
16206,4959,178,1,2309.99
16207,466,757,2,952.57
16208,3007,239,2,770.91
16209,4827,495,5,3834.85
16210,1857,206,3,1732.11
16211,1034,661,3,4162.56
16212,5446,113,2,2519.29
16213,5208,268,4,3242.74
16214,4333,253,4,575.18
16215,2223,246,1,1854.21
16216,5982,369,4,2033.05
16217,904,418,2,3815.51
16218,5969,756,1,1194.91
16219,4977,410,3,2443.92
16220,2681,450,1,824.43
16221,2951,780,5,2510.64
16222,1701,108,1,773.52
16223,2872,11,5,3632.66
16224,5766,177,3,2726.35
16225,5476,299,4,1701.23
16226,5432,30,5,751.96
16227,813,16,4,971.29
16228,4310,215,1,2769.15
16229,1307,32,2,1182.72
16230,83,566,4,2724.45
16231,1900,104,2,2645.82
16232,1252,617,4,1238.9
16233,3689,450,5,3510.37
16234,647,752,1,537.68
16235,3194,550,2,2581.8
16236,306,242,4,2843.22
16237,4378,452,1,1209.94
16238,4143,29,4,4168.42
16239,695,214,4,1949.53
16240,1939,599,1,2991.36
16241,5255,642,3,2031.93
16242,1654,462,3,2533.96
16243,1232,522,4,2862.59
16244,796,133,3,1729.95
16245,1907,531,5,92.59
16246,4722,524,5,1040.45
16247,3627,782,4,1757.08
16248,2879,467,3,1526.75
16249,3518,213,3,4127.57
16250,2800,488,4,86.86
16251,4719,334,4,2198.29
16252,4657,641,4,1811.59
16253,4876,414,5,1508.12
16254,2906,500,3,2536.57
16255,5078,514,5,3986.27
16256,4424,20,1,2974.16
16257,2817,762,5,3353.37
16258,4666,489,2,2451.16
16259,828,354,3,42.17
16260,5595,379,5,3600.46
16261,1562,65,5,2781.84
16262,5146,536,5,1246.12
16263,2128,169,3,145.85
16264,1808,208,4,114.22
16265,907,415,1,4182.39
16266,2471,103,3,765.25
16267,3464,291,4,1027.51
16268,1296,421,1,1456.12
16269,2453,416,4,3864.31
16270,4077,223,5,747.76
16271,2102,172,1,1198.3
16272,3678,694,2,3740.67
16273,3824,94,1,4061.09
16274,5709,288,1,2503.05
16275,2288,722,3,3590.18
16276,4918,426,2,3308.21
16277,1566,340,3,4003.91
16278,5613,97,4,3624.19
16279,5916,556,3,205.51
16280,4036,799,2,1824.07
16281,5967,346,1,3246.4
16282,781,239,3,392.01
16283,306,563,4,1875.3
16284,1998,127,4,1581.5
16285,3910,376,3,2320.23
16286,1889,660,5,2752.09
16287,3732,108,3,1186.91
16288,494,182,4,787.48
16289,5952,101,2,2933.53
16290,4571,638,2,3764.76
16291,3620,326,1,1723.0
16292,909,194,5,1265.26
16293,5971,219,2,3381.56
16294,280,350,1,1879.04
16295,654,769,1,449.42
16296,4200,294,4,3674.4
16297,3372,169,1,2293.83
16298,3390,165,5,769.32
16299,1738,464,4,2924.2
16300,1269,673,5,1795.22
16301,523,165,4,539.32
16302,3789,246,2,2573.36
16303,3031,428,4,2662.5
16304,975,632,1,532.32
16305,3781,783,1,2519.86
16306,3744,543,3,2199.34
16307,1911,449,4,341.86
16308,3018,377,4,1516.63
16309,590,116,5,3086.58
16310,4132,219,4,2666.79
16311,854,448,2,183.25
16312,3117,554,1,3466.12
16313,5826,524,3,1067.72
16314,2043,418,5,2988.05
16315,3839,218,3,409.26
16316,2236,366,4,3386.96
16317,4104,624,4,944.16
16318,839,382,3,3345.06
16319,4485,619,5,169.07
16320,2888,271,2,789.55
16321,5213,615,5,3818.92
16322,3477,43,1,166.85
16323,2335,117,2,1208.09
16324,4553,557,5,4144.29
16325,3850,628,3,1948.87
16326,186,435,4,4167.09
16327,1310,385,4,2150.79
16328,3903,101,3,1663.37
16329,1406,58,1,426.0
16330,4167,553,1,2676.92
16331,3939,16,2,1922.62
16332,1493,438,3,1708.26
16333,1795,728,1,3808.12
16334,389,12,1,2805.73
16335,5826,264,2,2263.36
16336,47,737,2,1232.7
16337,1539,597,5,2995.76
16338,3879,223,2,2565.35
16339,2091,654,3,2881.81
16340,1304,251,1,3365.46
16341,208,74,4,3798.86
16342,1515,493,2,3457.69
16343,2407,792,3,1243.01
16344,3858,387,3,2745.0
16345,4858,640,3,4051.0
16346,2641,466,3,1821.95
16347,1428,442,1,1514.22
16348,904,525,5,2284.84
16349,1279,485,4,2750.7
16350,5028,21,3,1693.3
16351,376,315,1,42.56
16352,300,484,2,188.6
16353,1772,382,1,3208.62
16354,659,418,2,3999.97
16355,12,38,3,2168.78
16356,2668,696,1,3194.97
16357,2440,300,2,2722.39
16358,241,549,5,1851.12
16359,409,230,3,1271.66
16360,808,105,5,1636.2
16361,680,402,1,1397.07
16362,1055,734,4,3059.63
16363,3354,29,3,1012.24
16364,1606,396,2,3035.74
16365,1722,595,4,2747.69
16366,945,81,4,1900.13
16367,4773,333,5,2201.12
16368,2847,759,1,3929.83
16369,3682,433,2,2278.47
16370,1650,654,4,1719.75
16371,1291,279,2,139.46
16372,5748,408,1,3300.4
16373,1923,216,4,3668.39
16374,3762,122,2,1738.73
16375,2541,708,3,3158.81
16376,3777,691,2,2094.36
16377,2212,236,3,2094.73
16378,5267,32,4,1732.25
16379,579,468,5,4134.08
16380,3374,357,1,973.46
16381,3142,686,4,719.08
16382,3202,349,1,2440.92
16383,4461,69,4,3397.98
16384,2755,178,3,3119.72
16385,3547,551,5,2066.01
16386,5556,182,2,3455.3
16387,912,262,3,1525.09
16388,3701,164,3,1065.09
16389,3725,138,4,3551.76
16390,942,610,2,1358.34
16391,4331,631,4,3393.76
16392,1627,448,1,3608.43
16393,1846,251,4,2799.32
16394,2832,238,4,2255.53
16395,5811,212,5,3808.51
16396,3171,255,5,1090.16
16397,5689,701,4,1069.57
16398,4550,350,1,1079.26
16399,2266,141,3,4090.6
16400,1769,559,3,1898.6
16401,5438,75,3,299.68
16402,4609,784,4,1470.39
16403,3349,330,3,2809.64
16404,248,330,4,2920.21
16405,2072,456,3,920.67
16406,374,406,5,3839.2
16407,467,784,4,3891.61
16408,4352,282,3,1899.9
16409,2808,557,3,4095.05
16410,1963,736,1,2502.07
16411,2819,541,1,2305.46
16412,5630,247,1,2924.69
16413,197,167,3,2368.97
16414,3839,49,3,1539.88
16415,1298,273,5,764.88
16416,2617,277,2,1553.63
16417,5773,126,3,296.85
16418,2991,63,5,3497.55
16419,1102,50,5,3449.48
16420,5037,282,2,2402.1
16421,4405,349,1,1759.46
16422,1529,231,3,1087.32
16423,1341,280,2,1628.5
16424,1547,796,4,788.3
16425,4960,195,5,135.19
16426,3835,512,5,3483.29
16427,519,430,1,665.25
16428,289,348,2,3711.65
16429,5943,660,2,427.91
16430,3968,700,2,1109.23
16431,1808,56,4,3550.33
16432,3818,115,4,1992.97
16433,4207,118,4,3837.79
16434,2061,459,1,2686.26
16435,5472,346,3,241.31
16436,1562,456,4,2289.98
16437,5924,216,4,2237.45
16438,5868,617,3,3503.54
16439,1135,412,5,3525.16
16440,4325,426,3,3347.44
16441,616,21,5,317.06
16442,1837,293,5,4165.88
16443,860,501,3,2561.85
16444,1322,636,4,911.09
16445,850,81,2,942.72
16446,713,2,5,2342.53
16447,5505,287,3,2528.65
16448,675,558,2,537.18
16449,4425,508,1,2841.99
16450,4367,634,3,514.76
16451,2055,412,4,1194.4
16452,4082,520,4,503.04
16453,3127,86,1,2109.71
16454,814,61,2,3715.77
16455,450,238,4,672.25
16456,3521,107,4,2397.85
16457,4659,773,3,2620.9
16458,4774,772,1,1167.6
16459,2562,306,3,182.33
16460,3168,366,1,203.01
16461,1302,527,2,1976.47
16462,3271,8,2,3452.19
16463,4924,564,2,3113.27
16464,4286,507,3,1242.89
16465,5164,317,3,3976.09
16466,4332,688,5,3848.34
16467,3898,552,5,3464.63
16468,131,287,5,3087.01
16469,2556,683,4,1524.49
16470,3197,720,1,3270.32
16471,4761,726,5,1015.63
16472,3906,517,3,1925.39
16473,5633,766,2,638.23
16474,2200,490,5,3441.28
16475,1591,58,4,1640.16
16476,600,77,2,1581.38
16477,690,158,4,809.88
16478,2821,86,4,2442.61
16479,4056,790,2,2450.33
16480,2454,402,2,3961.33
16481,4354,573,1,3488.73
16482,376,441,2,3587.68
16483,5416,627,4,1195.61
16484,255,74,3,1672.33
16485,2643,641,5,1437.4
16486,3751,105,1,753.42
16487,4452,284,1,2265.87
16488,5041,101,1,440.22
16489,2886,259,1,1477.89
16490,3395,503,4,2576.59
16491,5658,18,5,1665.41
16492,1775,546,4,101.88
16493,621,327,2,3505.73
16494,5706,152,2,737.37
16495,3193,620,1,3843.73
16496,2558,728,5,597.95
16497,3218,356,5,2575.66
16498,3573,301,5,2107.07
16499,3945,475,4,418.53
16500,763,171,1,4074.47
16501,2130,576,1,4119.78
16502,4628,222,3,86.48
16503,1735,72,4,2669.01
16504,2850,386,3,1517.43
16505,1014,202,5,3644.23
16506,1562,142,1,1210.38
16507,5799,502,3,222.8
16508,4991,340,4,3531.18
16509,5503,211,2,1669.8
16510,1536,526,2,198.13
16511,5725,333,4,2051.54
16512,5208,199,1,3644.04
16513,1545,153,4,1785.46
16514,1021,300,3,3548.5
16515,3057,763,5,3967.92
16516,20,316,2,242.29
16517,3510,578,1,1112.61
16518,5067,478,4,1860.99
16519,65,29,4,3285.06
16520,1277,707,5,3312.92
16521,5585,107,3,3455.57
16522,5655,669,5,1415.27
16523,2465,159,5,2589.19
16524,3274,629,5,921.48
16525,3877,508,3,4052.69
16526,2121,205,3,2798.96
16527,4974,139,2,4113.18
16528,5265,563,1,3596.0
16529,3936,73,1,73.7
16530,2468,303,1,2463.25
16531,74,546,3,1672.06
16532,4138,107,5,943.58
16533,1804,474,4,1777.26
16534,5587,560,5,508.6
16535,2501,608,2,3344.92
16536,1881,250,1,1903.14
16537,2063,111,2,1868.92
16538,1874,421,3,1574.97
16539,402,452,4,2709.95
16540,1449,252,2,4136.87
16541,1991,219,2,2368.0
16542,3251,771,3,1780.39
16543,3984,605,1,1918.74
16544,3356,338,1,237.15
16545,4213,361,3,2230.86
16546,2784,575,2,1357.01
16547,5526,557,3,921.78
16548,2224,589,3,3471.99
16549,2233,683,3,3019.19
16550,863,712,1,444.66
16551,3111,729,3,402.33
16552,1687,280,1,3050.78
16553,128,294,2,2919.33
16554,4334,798,4,2535.27
16555,3742,767,5,740.32
16556,573,243,4,3697.99
16557,2067,517,3,4176.47
16558,1047,528,5,2534.94
16559,3220,726,5,1494.15
16560,4305,33,4,698.17
16561,1706,467,3,1017.14
16562,5498,90,3,391.25
16563,3697,424,4,2689.2
16564,2329,106,1,326.52
16565,3247,84,4,1409.38
16566,710,621,3,2208.13
16567,2929,541,1,2609.68
16568,5362,387,4,2829.71
16569,394,698,4,2394.09
16570,5949,364,1,1158.91
16571,2321,197,5,1146.78
16572,1596,500,3,2918.28
16573,4372,65,3,2239.85
16574,3340,734,5,2395.92
16575,2459,706,1,1024.16
16576,4908,746,1,775.83
16577,1754,301,2,563.5
16578,4972,65,3,2711.96
16579,4923,512,5,2591.51
16580,3994,494,2,534.11
16581,3697,568,5,1826.21
16582,2976,205,1,1351.9
16583,302,458,5,3106.74
16584,1030,656,5,1540.8
16585,2940,493,5,2365.3
16586,4536,694,3,3359.4
16587,1725,397,3,3459.19
16588,4653,792,1,1747.38
16589,5336,423,5,703.58
16590,5268,244,1,3135.26
16591,3721,162,2,3405.32
16592,1239,542,1,350.6
16593,3969,502,5,184.82
16594,5222,561,1,3977.74
16595,4352,186,4,650.15
16596,5676,547,2,1825.09
16597,1589,556,3,3690.86
16598,1166,46,2,297.65
16599,3150,331,5,3798.44
16600,4966,427,2,2041.31
16601,227,361,2,124.65
16602,4332,574,3,2558.59
16603,4333,450,5,1294.78
16604,1635,463,3,1354.93
16605,2834,514,5,2077.73
16606,80,777,5,763.23
16607,575,524,1,1316.15
16608,2947,538,5,3453.36
16609,4309,387,4,912.1
16610,4468,720,4,134.38
16611,523,157,2,912.97
16612,1855,204,4,1865.45
16613,1550,754,1,1128.15
16614,1286,458,1,321.65
16615,1603,754,5,2367.83
16616,788,541,3,2951.82
16617,46,719,3,278.79
16618,773,648,2,1352.34
16619,5203,214,3,2694.59
16620,2388,324,4,3361.05
16621,3147,146,3,2077.76
16622,3550,782,2,3096.88
16623,4182,378,2,546.71
16624,3494,771,4,3608.5
16625,3568,621,1,3230.71
16626,4828,2,5,3926.52
16627,3647,755,3,2501.14
16628,5597,404,2,587.99
16629,393,607,2,610.59
16630,1453,331,3,2945.77
16631,2978,342,5,4030.21
16632,5263,513,5,3687.37
16633,2944,409,2,2932.53
16634,5295,660,5,315.06
16635,1113,672,5,689.42
16636,216,201,3,83.16
16637,1135,324,1,3961.81
16638,2123,146,5,2596.77
16639,5163,568,3,3361.15
16640,3205,78,2,1213.68
16641,737,335,3,1904.32
16642,2663,310,3,3026.32
16643,4279,276,2,1164.84
16644,4633,549,1,3110.07
16645,677,171,3,153.7
16646,5258,549,3,3843.75
16647,3756,282,1,265.26
16648,2345,281,5,2438.54
16649,4302,373,3,1993.4
16650,4087,685,5,3237.77
16651,5200,475,1,249.06
16652,92,16,2,3363.4
16653,4478,653,3,994.98
16654,3534,703,3,3262.3
16655,254,368,3,1963.17
16656,3808,128,1,3074.81
16657,3905,368,3,372.27
16658,4405,53,3,3996.54
16659,1917,367,1,1949.55
16660,1498,635,1,640.7
16661,2340,549,3,1126.66
16662,5583,204,4,3227.58
16663,1226,694,2,2048.25
16664,4389,252,5,3112.64
16665,4096,252,2,1653.0
16666,883,257,4,2675.86
16667,4691,120,4,2162.96
16668,3319,760,2,703.74
16669,3190,526,1,2949.18
16670,64,614,3,3796.33
16671,5983,703,4,1945.21
16672,5158,566,2,273.78
16673,3499,443,2,3823.85
16674,3697,428,3,1210.48
16675,2534,204,3,481.9
16676,5222,246,1,3525.4
16677,1596,662,1,1939.35
16678,4005,191,4,2252.35
16679,694,225,4,2726.34
16680,4015,756,1,76.74
16681,1569,276,3,4049.52
16682,2557,70,4,4155.5
16683,2719,524,5,1252.19
16684,4296,420,4,1745.88
16685,4044,164,4,735.73
16686,2802,442,4,3262.12
16687,32,618,2,1666.41
16688,4747,23,1,3700.53
16689,1236,130,1,424.01
16690,4594,775,3,1989.95
16691,2462,443,1,2654.02
16692,4922,691,2,2443.35
16693,3924,270,3,4191.07
16694,3691,603,5,2182.91
16695,2700,32,3,239.47
16696,3790,706,4,3114.34
16697,2840,440,2,827.9
16698,3952,97,1,48.02
16699,1247,616,1,101.84
16700,1322,352,1,3865.37
16701,3328,473,2,3077.5
16702,3807,142,5,3712.16
16703,2156,87,2,2637.33
16704,3568,277,3,2962.84
16705,3621,531,3,415.98
16706,4525,43,5,1155.54
16707,4765,696,5,4018.66
16708,5046,759,2,3545.55
16709,1687,780,4,219.86
16710,3295,381,5,2871.75
16711,3015,649,4,2868.76
16712,624,353,2,3590.78
16713,454,794,2,3850.64
16714,1017,280,1,3165.21
16715,5666,785,1,2993.17
16716,3860,66,2,2775.93
16717,3899,238,3,2574.84
16718,2172,557,1,3898.58
16719,4591,174,4,1172.12
16720,5041,420,3,128.63
16721,5919,112,3,1986.49
16722,918,472,3,1756.96
16723,865,227,4,1242.66
16724,824,419,2,2173.62
16725,3109,33,2,1126.74
16726,3964,612,1,3183.66
16727,5310,426,5,2025.98
16728,5644,293,2,2772.72
16729,2352,65,4,543.12
16730,5237,33,3,1584.21
16731,3974,153,5,1751.83
16732,3107,304,3,1418.72
16733,2343,267,5,2972.15
16734,3240,661,4,1264.23
16735,2519,335,5,631.08
16736,2704,193,2,3963.72
16737,601,319,2,1733.43
16738,2024,184,4,1286.06
16739,4519,466,5,122.51
16740,4905,226,3,814.91
16741,4804,60,5,3226.31
16742,1199,210,2,2767.4
16743,3870,619,3,1328.69
16744,4222,124,5,3607.24
16745,5207,4,3,2230.81
16746,3203,454,2,342.33
16747,1521,343,5,1392.85
16748,3381,266,4,2402.56
16749,5605,464,4,450.05
16750,554,119,1,4072.25
16751,3228,233,3,3081.3
16752,2000,708,4,268.31
16753,2671,561,4,3400.44
16754,1776,663,1,3191.73
16755,3188,594,3,1085.67
16756,5364,402,5,2155.34
16757,5979,408,1,1559.14
16758,5691,267,2,950.64
16759,968,39,3,380.04
16760,2100,190,3,2585.32
16761,2228,73,2,3201.82
16762,57,730,4,3166.46
16763,5893,92,4,1731.71
16764,667,279,1,2311.74
16765,4257,108,4,2432.7
16766,4836,200,5,1001.17
16767,2988,251,4,2945.74
16768,1759,611,2,463.0
16769,1538,651,2,3141.67
16770,3842,626,4,3769.61
16771,1115,11,3,3183.04
16772,5208,553,5,3288.07
16773,3607,306,1,3558.52
16774,593,538,2,3337.3
16775,2158,671,4,2227.21
16776,766,462,3,3196.22
16777,2479,205,4,227.7
16778,116,733,2,3328.33
16779,5114,409,4,3140.25
16780,2406,385,2,3436.49
16781,5395,631,3,151.34
16782,523,360,4,2583.75
16783,5832,77,3,3179.12
16784,2770,533,4,3341.31
16785,4379,216,1,1640.5
16786,4459,458,4,276.36
16787,2792,335,4,3336.76
16788,2479,492,3,2392.69
16789,4047,744,5,297.83
16790,5710,720,5,2997.79
16791,1572,357,1,694.32
16792,1035,564,3,575.43
16793,2636,607,5,3637.63
16794,3370,551,2,1071.95
16795,700,685,3,1853.02
16796,3180,171,4,670.26
16797,5290,484,2,1235.95
16798,5582,125,4,3860.63
16799,1467,516,4,1469.01
16800,2108,452,2,2237.2
16801,1182,604,3,637.08
16802,5906,172,5,1447.5
16803,1694,368,4,1980.36
16804,167,187,4,87.84
16805,4501,628,2,1808.59
16806,3346,45,5,1771.26
16807,3513,16,4,2655.6
16808,4072,728,4,1256.42
16809,3766,346,2,461.0
16810,678,606,4,2685.82
16811,1391,344,3,3592.57
16812,5052,373,2,2770.6
16813,3063,152,2,442.2
16814,5602,384,1,2294.71
16815,5053,15,2,2216.72
16816,4407,779,1,3472.2
16817,1982,488,5,3736.97
16818,3470,380,1,1624.26
16819,2090,323,5,2429.9
16820,4475,371,2,81.64
16821,4782,34,2,1804.41
16822,1198,713,3,3046.59
16823,2127,337,3,169.03
16824,1397,701,2,3249.47
16825,4578,433,5,541.42
16826,2575,127,1,3876.83
16827,3502,142,1,3773.15
16828,1121,388,4,1648.15
16829,1357,292,3,2189.41
16830,588,291,1,911.14
16831,2724,486,5,1615.79
16832,2811,625,3,151.5
16833,2443,210,1,3494.73
16834,1605,57,4,3652.42
16835,341,617,4,3104.53
16836,3836,9,3,3152.23
16837,5208,56,1,2190.06
16838,2708,391,3,1574.52
16839,384,588,1,1791.24
16840,695,141,3,3488.02
16841,3350,272,5,342.26
16842,5191,529,3,1113.84
16843,532,549,4,300.5
16844,4564,228,3,2714.79
16845,804,262,4,4062.27
16846,3796,279,5,948.06
16847,4741,553,3,661.1
16848,3324,543,3,3835.72
16849,5453,178,2,1774.13
16850,128,468,4,1892.2
16851,5515,624,3,1992.71
16852,2860,597,3,973.11
16853,2152,634,5,3919.57
16854,5636,118,4,3237.81
16855,5672,326,5,3941.67
16856,4679,343,4,2141.26
16857,1093,289,4,1966.43
16858,2677,620,5,2185.51
16859,2591,745,1,2024.6
16860,1478,532,5,2387.7
16861,1424,76,3,4172.24
16862,950,790,1,3765.33
16863,1867,565,2,3724.57
16864,2898,659,4,4199.18
16865,4910,80,5,1544.87
16866,493,268,3,1761.15
16867,501,596,4,2260.72
16868,4901,726,4,1438.0
16869,3317,156,1,1135.25
16870,1408,171,5,1885.16
16871,4688,302,3,67.44
16872,5397,554,4,1407.93
16873,472,125,2,3498.52
16874,1609,271,3,1852.45
16875,3525,737,4,3389.48
16876,3386,347,5,3417.55
16877,3845,267,4,52.53
16878,5530,171,4,3079.58
16879,3518,457,5,3862.9
16880,5259,450,2,1339.07
16881,5562,644,5,3254.06
16882,2360,701,3,1216.31
16883,3241,198,5,3805.29
16884,5172,306,2,839.4
16885,200,741,4,2004.76
16886,4899,39,3,2459.57
16887,1522,335,1,1883.36
16888,4503,800,3,3608.74
16889,2140,436,5,1208.97
16890,3684,727,5,3600.46
16891,1030,17,2,949.74
16892,4852,705,2,464.31
16893,5458,446,3,563.69
16894,1106,69,3,3107.1
16895,487,155,3,3262.17
16896,3040,493,2,4186.78
16897,49,669,4,1985.51
16898,3120,15,5,1100.9
16899,5526,247,4,982.37
16900,5250,468,2,723.5
16901,5166,271,2,3287.05
16902,4735,165,2,3603.4
16903,2678,132,1,2285.67
16904,1821,189,5,1991.34
16905,3664,535,5,1222.03
16906,2216,587,5,2933.53
16907,3142,374,2,637.45
16908,3777,369,2,266.17
16909,5288,107,3,1182.86
16910,2393,266,1,4150.68
16911,5230,710,5,76.53
16912,1476,460,4,3180.02
16913,2475,269,3,2512.63
16914,4321,485,3,2432.02
16915,336,666,4,2934.47
16916,748,38,3,1570.12
16917,3624,787,1,3495.24
16918,5850,377,3,2212.39
16919,4793,262,4,891.28
16920,2951,376,2,1880.71
16921,2875,13,1,1738.32
16922,1534,187,5,586.69
16923,1527,347,1,3245.77
16924,343,51,1,309.46
16925,4770,411,4,910.17
16926,1159,101,4,3984.65
16927,2324,800,5,2415.54
16928,3395,477,5,429.13
16929,4313,261,5,3531.38
16930,2829,468,2,882.93
16931,5519,157,1,2094.54
16932,5641,259,3,4167.84
16933,4272,381,5,2416.99
16934,5539,424,4,124.68
16935,4768,51,4,3492.39
16936,801,419,3,1475.68
16937,4320,385,5,1195.87
16938,118,143,5,691.26
16939,5727,126,2,1021.09
16940,75,632,4,4043.12
16941,2301,144,1,4093.85
16942,2084,748,3,3662.4
16943,3685,495,3,4191.3
16944,2994,715,2,3179.01
16945,4270,670,1,3462.48
16946,4942,119,4,1818.11
16947,3231,301,4,1067.09
16948,5333,447,2,2380.99
16949,5572,408,3,1784.96
16950,4608,327,1,3739.65
16951,1784,669,1,1706.38
16952,4633,126,4,3527.15
16953,5968,10,2,970.12
16954,571,553,4,1781.74
16955,4731,435,5,2194.73
16956,2613,527,3,701.99
16957,5436,397,4,392.93
16958,5795,451,3,122.14
16959,4251,94,3,682.05
16960,5355,354,2,1904.93
16961,3489,626,2,2968.52
16962,2336,243,2,3113.68
16963,4592,52,3,672.52
16964,5651,28,2,1347.61
16965,2412,429,4,847.37
16966,4780,303,3,4015.4
16967,2223,245,4,2281.32
16968,2113,371,4,3051.89
16969,5185,593,4,2933.45
16970,10,487,2,3404.65
16971,4126,747,4,4099.81
16972,3950,590,5,1590.14
16973,5848,769,2,1854.2
16974,5609,449,4,2955.84
16975,5714,423,2,193.28
16976,4105,632,4,133.27
16977,2604,537,5,2139.3
16978,4910,584,2,3861.66
16979,1013,351,4,609.47
16980,3633,382,3,2283.51
16981,4097,540,2,2137.36
16982,4097,151,1,1314.87
16983,2434,507,5,3380.81
16984,3534,17,3,4011.54
16985,2111,287,4,858.19
16986,5710,381,4,1454.68
16987,5095,454,5,2086.91
16988,1433,395,2,2369.4
16989,4021,289,1,1918.06
16990,221,346,5,654.33
16991,2514,226,2,3818.51
16992,2776,214,1,305.62
16993,5646,198,4,3195.29
16994,1228,562,3,3667.56
16995,147,6,3,920.24
16996,5662,216,3,702.4
16997,3369,332,1,1966.55
16998,1466,347,5,257.46
16999,3074,716,1,2772.83
17000,4935,347,3,3053.58
17001,4241,384,1,4035.53
17002,2407,440,2,2757.5
17003,4210,764,5,2391.12
17004,3127,608,1,2413.67
17005,1625,401,3,1045.04
17006,814,787,1,1537.69
17007,4170,692,5,940.54
17008,3568,694,4,3511.65
17009,5915,276,4,4178.91
17010,1011,589,3,2485.24
17011,2206,244,1,3603.42
17012,949,119,4,231.48
17013,2831,493,1,254.18
17014,5927,291,4,3776.86
17015,819,114,1,2447.73
17016,3639,578,3,2018.81
17017,1156,542,1,2761.37
17018,3052,17,3,2707.32
17019,3647,555,4,2167.23
17020,4497,731,5,2405.74
17021,3117,614,1,547.76
17022,854,131,2,2992.79
17023,2777,723,4,3314.6
17024,3368,168,1,969.07
17025,4790,553,5,2887.73
17026,5191,336,5,3380.2
17027,5077,393,3,592.75
17028,385,128,1,952.52
17029,1196,292,1,3268.42
17030,3934,338,3,879.92
17031,2668,522,2,2712.37
17032,4060,449,5,1211.03
17033,4242,219,1,3954.87
17034,5297,359,3,3609.17
17035,5622,230,2,2868.57
17036,4481,290,4,1755.68
17037,5694,113,3,1976.54
17038,3234,224,2,1823.68
17039,4997,266,2,3261.67
17040,2215,693,3,3203.42
17041,3674,544,4,2179.92
17042,2301,14,1,3853.79
17043,3289,390,4,176.55
17044,3508,295,4,2936.11
17045,1266,736,4,217.89
17046,1944,618,1,752.26
17047,5421,468,3,990.94
17048,2525,695,5,2699.47
17049,4518,265,2,226.88
17050,3765,475,4,1628.03
17051,2399,176,3,1853.18
17052,5407,697,4,3743.05
17053,4790,295,4,2680.82
17054,2299,501,5,550.06
17055,686,514,5,3916.17
17056,4265,594,1,3789.82
17057,3718,33,1,1052.51
17058,2469,685,4,2747.21
17059,3323,675,5,840.22
17060,1077,337,2,3942.14
17061,3926,220,5,3439.66
17062,4080,294,5,1978.6
17063,5775,10,2,3132.33
17064,4843,612,4,3295.43
17065,4816,43,5,950.8
17066,4113,694,5,2482.05
17067,3425,542,5,2908.19
17068,3565,445,2,2906.51
17069,4983,545,4,1676.91
17070,2629,228,3,869.42
17071,5162,600,5,1087.0
17072,30,687,2,2123.33
17073,219,250,4,1646.8
17074,5006,723,1,1038.41
17075,4943,441,3,2090.41
17076,1515,372,2,2871.3
17077,4496,714,3,4079.26
17078,4852,691,2,3312.01
17079,1316,474,1,1510.33
17080,2762,24,2,3360.3
17081,61,350,3,2848.19
17082,2963,312,3,1328.11
17083,2877,701,3,2149.19
17084,3052,51,4,2473.39
17085,1883,26,3,574.75
17086,5083,68,2,4122.02
17087,891,459,2,224.12
17088,2939,507,2,3342.06
17089,164,245,1,2865.23
17090,1994,562,5,1781.87
17091,5856,207,2,4142.56
17092,3228,35,1,1179.44
17093,4170,277,4,474.82
17094,5604,472,5,3489.86
17095,3860,188,5,2441.27
17096,4474,12,1,2962.22
17097,4333,11,5,3724.06
17098,2716,613,2,3018.61
17099,5957,253,3,2039.99
17100,3142,392,2,3104.54
17101,5371,310,4,2542.03
17102,315,19,2,847.6
17103,2530,491,3,3657.1
17104,2135,677,3,1993.58
17105,2604,374,3,1470.31
17106,1938,494,3,803.66
17107,1859,346,4,3331.73
17108,5195,730,3,3255.95
17109,2396,682,3,3818.06
17110,4415,254,4,1167.12
17111,4229,17,3,62.85
17112,1933,134,5,99.0
17113,1345,690,3,1126.9
17114,4125,142,3,746.66
17115,193,796,3,4195.49
17116,4457,185,4,2218.97
17117,3359,707,1,3554.13
17118,2189,334,3,177.43
17119,3007,94,5,2710.81
17120,4984,435,3,1170.2
17121,5782,202,1,156.84
17122,1996,648,4,2446.63
17123,5795,54,3,518.12
17124,3985,9,1,950.74
17125,5455,581,3,2019.76
17126,592,246,2,1753.63
17127,5071,636,2,3798.0
17128,1199,85,2,1278.88
17129,1253,199,4,229.46
17130,3804,60,3,1160.53
17131,3487,382,1,827.07
17132,2517,396,1,1046.11
17133,165,680,3,1418.95
17134,2433,391,1,2015.4
17135,3465,241,5,1003.74
17136,5270,520,5,903.88
17137,1938,14,2,4076.62
17138,2458,255,5,2381.03
17139,2175,496,3,1641.71
17140,4306,541,1,634.2
17141,4535,372,2,911.62
17142,1530,457,2,2197.78
17143,4475,571,3,2915.84
17144,1803,642,4,1576.42
17145,5971,735,1,2296.43
17146,286,256,1,2230.57
17147,2458,370,4,3613.15
17148,5065,638,1,1959.17
17149,3104,89,5,2304.3
17150,5975,108,4,2649.12
17151,1280,230,2,1686.39
17152,399,23,5,2474.99
17153,3672,64,1,1799.08
17154,3220,652,1,3066.36
17155,4464,279,5,2410.04
17156,3061,593,1,2909.63
17157,4186,622,5,2860.42
17158,3423,772,4,3811.14
17159,1920,630,4,2731.64
17160,3157,337,2,1120.64
17161,4824,583,1,2697.12
17162,4687,746,2,3555.41
17163,722,202,5,1086.69
17164,150,168,5,2870.07
17165,5101,74,1,2915.99
17166,4086,415,1,489.09
17167,4491,29,1,1147.58
17168,5847,391,2,3482.07
17169,5087,320,1,3719.45
17170,4007,557,3,3214.03
17171,4138,126,1,4008.94
17172,1557,221,1,792.6
17173,1465,79,2,2944.77
17174,4598,609,1,3277.44
17175,5155,585,2,1437.75
17176,3686,577,1,2361.75
17177,4188,130,4,3834.46
17178,4189,644,4,214.11
17179,1750,36,1,1807.86
17180,3638,619,3,553.49
17181,4307,33,5,1022.99
17182,1352,526,2,697.3
17183,4004,285,2,525.85
17184,909,253,4,3890.48
17185,275,463,2,355.82
17186,3139,713,1,3827.54
17187,4119,134,2,2267.33
17188,4254,73,4,3604.38
17189,273,147,2,480.68
17190,2515,93,1,1665.74
17191,3833,365,3,345.42
17192,3493,385,3,3474.78
17193,795,408,1,2855.31
17194,1898,582,5,245.98
17195,3511,333,3,3798.71
17196,4550,798,2,1641.32
17197,901,637,5,939.49
17198,2610,111,2,2841.46
17199,3191,629,4,543.57
17200,1866,458,4,4067.81
17201,3376,281,2,3825.5
17202,334,655,5,4027.7
17203,1273,606,3,599.87
17204,4336,796,1,2489.87
17205,683,494,3,1381.59
17206,5839,246,5,222.11
17207,1666,702,3,568.23
17208,54,370,1,3399.66
17209,4795,345,4,481.26
17210,1579,635,3,2096.31
17211,3259,18,1,1961.56
17212,3018,433,2,1611.8
17213,2250,642,1,3215.36
17214,2453,241,5,3760.98
17215,642,621,3,2548.85
17216,119,347,3,2465.45
17217,1717,207,1,973.94
17218,1683,65,2,2251.67
17219,59,698,3,2699.21
17220,3592,69,1,387.94
17221,3230,221,1,3979.48
17222,390,100,4,2145.71
17223,100,710,4,3661.12
17224,2281,595,2,1458.45
17225,3023,217,4,2923.54
17226,2299,441,1,3895.03
17227,4428,439,1,2894.44
17228,4551,662,3,2782.19
17229,4904,577,5,795.05
17230,3680,594,3,1766.53
17231,3004,523,3,1950.93
17232,3455,528,4,3736.85
17233,4568,796,2,2814.25
17234,4332,665,1,614.56
17235,2936,156,2,3712.33
17236,1064,8,4,1871.47
17237,3633,491,1,3252.09
17238,2214,530,1,2469.18
17239,3891,624,4,1406.25
17240,604,95,3,1563.27
17241,1598,573,2,2349.51
17242,1364,126,1,58.46
17243,1906,307,2,1241.02
17244,5521,149,1,1527.34
17245,1240,288,5,556.33
17246,2621,748,2,1222.84
17247,2545,654,3,1341.68
17248,4317,31,3,2745.86
17249,4533,629,3,1878.98
17250,4295,206,4,2679.79
17251,431,680,5,1752.08
17252,5925,617,1,2870.88
17253,1481,387,2,2367.87
17254,2379,680,3,2545.35
17255,5840,655,4,1084.11
17256,874,307,5,3870.02
17257,4096,378,1,361.9
17258,102,692,2,3644.88
17259,3467,670,3,1765.28
17260,3726,130,4,905.97
17261,1188,132,2,3256.15
17262,1224,203,5,1296.68
17263,492,450,4,4001.71
17264,2236,518,2,1887.83
17265,5426,783,5,47.32
17266,5055,188,3,1092.98
17267,4103,620,3,25.33
17268,2971,154,5,1027.58
17269,5111,266,3,2522.81
17270,274,330,1,3978.78
17271,3853,791,2,1973.33
17272,2154,674,2,1166.22
17273,4520,627,5,377.41
17274,3512,639,4,1836.34
17275,1643,163,5,3724.51
17276,5214,61,5,997.31
17277,51,534,5,4168.39
17278,2197,524,5,719.34
17279,1268,611,3,254.09
17280,4396,63,5,671.68
17281,555,587,1,2568.33
17282,3826,591,3,970.25
17283,4245,198,3,2780.8
17284,2416,164,3,1590.97
17285,3240,128,1,424.41
17286,4707,25,5,1974.39
17287,5077,723,2,2551.23
17288,4318,309,5,2445.26
17289,4799,418,5,2399.35
17290,5413,199,3,363.05
17291,1104,702,2,1702.48
17292,2555,585,5,424.78
17293,2139,152,4,122.23
17294,3477,750,5,2524.32
17295,4804,248,3,42.88
17296,5815,486,4,3589.41
17297,1316,481,5,2851.15
17298,408,579,1,3747.26
17299,2012,225,5,4027.55
17300,1626,535,3,3701.63
17301,2242,135,2,376.3
17302,5345,706,2,1196.84
17303,1300,36,5,1509.11
17304,1344,39,2,3420.68
17305,5394,1,4,3684.61
17306,2814,704,1,3948.35
17307,4226,600,3,2756.87
17308,4958,352,1,104.92
17309,500,48,3,2172.6
17310,5081,770,4,3647.19
17311,4935,646,1,1165.91
17312,4445,231,5,1164.63
17313,1110,70,3,93.98
17314,2002,683,1,1573.09
17315,5901,531,4,2976.92
17316,2246,650,5,2003.59
17317,1707,293,4,3173.81
17318,742,537,5,2324.13
17319,2212,73,2,517.25
17320,4715,323,1,1323.91
17321,3939,379,2,3785.68
17322,4517,53,2,396.46
17323,2942,24,4,1737.6
17324,1748,299,3,1021.04
17325,197,557,2,1495.12
17326,1562,151,4,2490.93
17327,5540,61,4,1871.78
17328,960,589,2,124.58
17329,5609,563,5,973.28
17330,1680,505,3,39.11
17331,3583,25,4,1886.85
17332,1279,687,3,1832.07
17333,951,707,2,2026.97
17334,1138,704,2,2921.13
17335,1830,706,3,393.87
17336,3687,588,5,2117.96
17337,3063,546,2,2422.39
17338,289,424,1,3864.64
17339,5331,213,5,1026.99
17340,5475,44,3,2153.7
17341,1520,259,3,2485.66
17342,5719,750,5,3707.52
17343,4458,650,2,861.45
17344,2645,112,5,2625.75
17345,3451,128,1,2343.11
17346,5481,311,5,3809.31
17347,649,41,2,2498.35
17348,3450,301,1,3891.55
17349,3548,66,1,3192.91
17350,5779,479,3,3303.45
17351,2629,367,2,3863.87
17352,5077,358,5,2491.67
17353,27,542,5,777.25
17354,1750,79,5,1324.91
17355,1097,650,3,1073.54
17356,4636,51,4,4188.71
17357,5224,492,2,2746.61
17358,1150,178,2,1048.12
17359,624,600,2,4096.2
17360,1771,85,5,2810.79
17361,5734,370,1,1514.79
17362,5521,677,3,3086.67
17363,5168,518,4,4157.82
17364,4202,171,2,3264.16
17365,2197,480,5,2285.79
17366,3669,625,1,117.53
17367,5187,260,2,3829.01
17368,4222,115,4,1124.88
17369,1534,127,4,1423.68
17370,5106,99,4,2962.03
17371,67,620,4,2852.32
17372,974,321,2,2368.99
17373,4614,734,2,2494.81
17374,5729,739,3,226.98
17375,618,669,1,2873.57
17376,4634,486,4,2796.98
17377,5623,166,3,3363.48
17378,5485,162,4,2360.62
17379,5590,759,5,1287.35
17380,4099,83,5,4158.06
17381,3544,30,4,3496.36
17382,4299,460,2,2620.2
17383,3600,83,2,3302.32
17384,129,491,3,60.23
17385,4502,656,5,2794.95
17386,5328,61,4,2183.63
17387,4483,508,3,2760.42
17388,5662,604,2,1856.27
17389,3280,113,1,2232.59
17390,2527,655,5,3836.77
17391,1436,668,2,1755.7
17392,5389,359,3,2379.66
17393,5335,545,1,3740.61
17394,922,575,3,4136.87
17395,278,95,1,3188.25
17396,5642,334,3,3732.59
17397,2849,576,4,704.23
17398,1589,59,2,3389.27
17399,1399,106,2,3644.3
17400,5072,449,4,3323.35
17401,1958,102,4,2130.71
17402,181,470,1,2178.11
17403,2542,290,4,1860.62
17404,4098,669,2,3090.2
17405,3389,92,2,960.36
17406,782,600,1,3893.15
17407,4163,141,5,2503.15
17408,4689,107,3,2451.09
17409,782,333,1,3785.16
17410,876,434,1,4182.97
17411,5045,308,2,1333.81
17412,4638,410,2,1100.53
17413,4962,703,2,1833.66
17414,2765,299,1,867.86
17415,802,99,3,169.84
17416,237,389,2,3609.9
17417,1226,301,5,3938.69
17418,1668,554,5,4180.47
17419,3180,418,3,2575.87
17420,2223,639,1,3624.67
17421,1542,756,5,3732.31
17422,2402,509,2,1495.22
17423,3444,343,3,3203.54
17424,2028,796,3,2419.27
17425,3113,786,4,985.51
17426,1114,526,3,2703.16
17427,5546,208,2,1570.94
17428,265,185,5,4072.02
17429,1669,324,4,2993.94
17430,4107,79,4,1809.94
17431,4698,288,3,3365.55
17432,3832,243,2,2952.01
17433,2801,769,1,3464.28
17434,1158,80,2,3456.2
17435,707,141,4,2429.07
17436,286,111,4,3313.24
17437,5790,253,3,2030.27
17438,4733,684,5,2936.93
17439,993,555,3,2087.54
17440,3464,643,2,777.56
17441,5493,276,3,2577.6
17442,864,89,1,2135.19
17443,2471,498,3,3009.31
17444,295,730,4,1730.09
17445,4453,747,4,1838.79
17446,3454,168,2,2808.6
17447,4851,182,1,4007.66
17448,4628,786,4,1509.99
17449,4421,395,5,4045.95
17450,2220,376,5,2873.83
17451,1645,606,3,959.38
17452,3074,574,3,1278.05
17453,5091,201,3,54.78
17454,163,80,2,4121.18
17455,4574,710,4,321.52
17456,1062,571,3,1732.4
17457,3426,192,5,2450.71
17458,5226,719,1,3799.11
17459,3181,20,3,2647.91
17460,4363,96,4,848.92
17461,5029,359,5,2817.75
17462,2611,407,5,3125.42
17463,3887,248,5,1989.31
17464,4924,313,4,512.2
17465,3037,388,5,3621.24
17466,5856,660,1,2286.47
17467,4989,390,4,1430.6
17468,425,467,5,751.29
17469,3160,177,4,3285.19
17470,5712,520,3,3647.8
17471,5473,110,1,1559.54
17472,862,712,5,798.38
17473,1956,256,2,1204.68
17474,4676,205,1,3768.14
17475,4374,703,4,446.38
17476,1556,644,2,1674.39
17477,4882,90,4,61.51
17478,184,387,3,3829.31
17479,1124,237,3,3592.06
17480,5927,462,4,3688.52
17481,2335,332,4,800.56
17482,4015,47,2,3255.1
17483,2935,491,3,1951.15
17484,1045,459,2,1191.69
17485,4158,183,1,1311.63
17486,4569,692,5,3473.21
17487,5680,273,4,2440.91
17488,5264,25,3,216.87
17489,5312,26,5,1840.16
17490,3168,89,2,3521.57
17491,1063,503,4,65.75
17492,3945,765,3,1987.0
17493,4229,605,4,3433.33
17494,2292,654,2,3190.7
17495,859,137,2,2240.52
17496,2255,698,5,2533.33
17497,5324,549,3,3817.28
17498,4616,344,1,2545.9
17499,1296,380,1,479.35
17500,626,699,3,3381.58
17501,5717,112,3,3269.24
17502,1749,629,3,2408.4
17503,3236,546,3,3184.77
17504,5488,668,4,4174.75
17505,623,140,2,93.23
17506,5162,96,4,70.18
17507,2715,720,2,4069.94
17508,4014,279,5,2908.83
17509,3626,289,2,2298.6
17510,3621,177,3,2962.57
17511,5721,481,4,212.48
17512,1008,67,3,2943.23
17513,2403,614,3,66.0
17514,4097,590,4,1483.49
17515,1648,377,2,2143.36
17516,1056,471,4,3199.76
17517,5360,123,2,965.1
17518,541,516,2,2727.58
17519,1909,102,2,3603.42
17520,2283,526,1,3742.33
17521,5534,775,1,3810.22
17522,3721,296,3,3959.7
17523,5753,190,2,1772.24
17524,3959,26,2,3208.4
17525,1642,544,5,502.01
17526,2062,611,1,730.39
17527,4148,526,4,3044.74
17528,3596,449,1,4142.61
17529,3820,305,4,1493.72
17530,3581,221,5,4065.37
17531,4464,585,3,210.09
17532,3380,438,3,1929.58
17533,5440,546,3,2111.02
17534,395,196,4,3256.36
17535,5855,127,2,3392.61
17536,1797,408,1,2116.6
17537,5555,445,2,1160.18
17538,2160,177,3,1920.76
17539,3205,217,2,2965.76
17540,3127,468,4,2115.67
17541,3535,161,1,2307.28
17542,2127,184,5,3500.36
17543,4763,629,2,2020.66
17544,2905,632,5,523.3
17545,2624,293,5,3956.91
17546,3187,260,2,3875.48
17547,4036,98,2,2114.43
17548,4912,324,4,1734.21
17549,327,19,3,3380.88
17550,267,760,4,4185.93
17551,3002,258,2,2486.56
17552,2597,790,3,3873.27
17553,5436,145,3,482.58
17554,5063,220,3,420.79
17555,672,607,2,3645.44
17556,5369,252,1,1361.3
17557,2,475,4,2393.07
17558,5144,39,1,3898.9
17559,1447,475,5,1706.13
17560,1762,577,1,4084.86
17561,5429,537,4,1937.31
17562,4821,193,1,761.92
17563,2361,91,3,1694.7
17564,4098,190,2,1881.22
17565,1508,162,3,1634.77
17566,2767,231,2,57.08
17567,3580,396,5,330.89
17568,783,114,5,2642.83
17569,3680,479,5,481.92
17570,3732,611,2,3591.08
17571,2419,416,4,3903.34
17572,5920,192,2,3076.62
17573,328,119,2,3646.96
17574,2600,70,4,1510.1
17575,5389,350,5,876.4
17576,1051,763,3,555.54
17577,3503,92,4,2978.17
17578,5781,167,2,3014.31
17579,1353,583,4,1131.37
17580,1060,642,4,3407.62
17581,4399,563,2,3468.88
17582,3311,799,2,1088.62
17583,3870,238,1,1601.89
17584,1590,281,1,512.92
17585,2576,638,4,2307.39
17586,5878,684,5,3382.8
17587,4449,793,4,3941.91
17588,352,383,2,1323.1
17589,2,693,1,3068.08
17590,2068,120,1,2381.99
17591,5223,624,2,3626.38
17592,1494,444,4,572.85
17593,4622,50,5,2613.67
17594,2198,796,5,1977.47
17595,3243,113,3,259.69
17596,1504,216,4,3219.56
17597,4952,624,2,2505.5
17598,4331,422,4,1561.67
17599,1975,222,4,901.07
17600,5264,401,5,2623.28
17601,4468,520,1,3013.89
17602,3617,88,2,164.75
17603,4833,440,2,745.21
17604,5612,180,2,93.95
17605,2429,387,3,2129.49
17606,2010,319,5,1040.29
17607,541,564,4,1206.29
17608,4208,461,1,2983.54
17609,1827,665,2,2667.7
17610,5507,308,1,1890.44
17611,2617,129,3,1316.34
17612,3432,370,1,2450.83
17613,1525,275,1,186.89
17614,134,448,4,3665.73
17615,1988,76,2,3692.64
17616,4406,615,4,2660.97
17617,4067,555,5,38.43
17618,5018,200,1,3735.9
17619,3763,636,5,1065.8
17620,2503,380,2,2533.32
17621,1708,224,1,1494.53
17622,2141,458,2,3770.09
17623,1269,431,2,2643.22
17624,4369,25,5,2918.4
17625,1531,594,2,830.35
17626,725,288,1,3789.78
17627,160,28,3,1978.65
17628,730,153,1,431.73
17629,4988,124,2,3642.08
17630,1931,571,2,2483.64
17631,3055,224,3,4178.82
17632,4313,237,3,832.62
17633,895,139,4,88.61
17634,1664,665,4,21.69
17635,2942,533,1,3024.43
17636,3605,587,1,3263.35
17637,4475,521,1,2418.53
17638,4199,791,4,1216.51
17639,3045,442,3,2482.55
17640,1870,246,2,3436.23
17641,1364,479,1,3400.51
17642,5038,435,5,3579.78
17643,320,684,5,3417.32
17644,5402,352,1,408.53
17645,2105,775,1,653.19
17646,575,642,3,1333.67
17647,1737,753,2,225.23
17648,1237,791,2,3483.35
17649,4253,679,1,463.33
17650,932,122,2,2904.67
17651,3350,23,1,2198.82
17652,4628,46,5,3564.35
17653,1180,37,5,2574.25
17654,2802,359,1,2174.32
17655,1918,211,3,1153.27
17656,4754,612,2,649.86
17657,3868,754,1,1418.96
17658,3779,377,2,1198.61
17659,251,317,4,1763.98
17660,1575,199,4,2024.95
17661,622,191,3,2707.79
17662,3879,251,3,1286.82
17663,2176,44,4,2282.35
17664,1401,95,1,3974.88
17665,2260,698,1,1196.85
17666,4052,102,1,2015.57
17667,3979,441,5,1919.07
17668,937,725,2,405.66
17669,4299,695,2,1428.35
17670,5378,164,4,2416.74
17671,1180,637,4,3930.45
17672,2627,721,3,3763.6
17673,4848,568,5,136.68
17674,4490,261,2,1997.9
17675,3122,388,4,3128.37
17676,4715,387,2,2497.06
17677,3660,24,1,2455.95
17678,2895,50,5,592.95
17679,2428,620,5,3836.16
17680,4850,149,3,632.2
17681,517,716,1,3509.94
17682,255,460,3,3338.55
17683,4294,755,2,2321.03
17684,3556,312,5,812.14
17685,2081,620,3,3600.58
17686,5116,700,4,1600.64
17687,3085,43,4,3380.16
17688,1234,112,1,1680.88
17689,4438,223,3,383.9
17690,5330,4,2,827.72
17691,3194,652,4,278.33
17692,3397,194,1,546.61
17693,4724,434,4,1352.61
17694,2027,447,2,156.96
17695,2211,767,3,3426.04
17696,3843,691,5,1998.41
17697,3232,132,5,789.96
17698,3469,747,4,3484.77
17699,2941,500,4,3257.72
17700,59,36,2,1736.93
17701,2833,597,1,3935.65
17702,276,454,5,1745.87
17703,4760,110,1,517.02
17704,5277,590,4,1891.86
17705,953,541,2,3969.08
17706,1690,404,2,4129.44
17707,85,480,2,2327.88
17708,4718,472,5,781.12
17709,2914,469,1,4174.64
17710,5077,196,3,3252.64
17711,672,35,4,3949.37
17712,3053,789,5,12.8
17713,4234,661,4,653.11
17714,5619,384,3,209.27
17715,3432,77,5,4042.39
17716,1767,651,1,2463.11
17717,2885,714,2,2629.8
17718,5739,195,1,241.73
17719,856,322,1,2896.09
17720,5326,173,1,3101.32
17721,4096,727,2,3103.3
17722,5430,167,4,928.44
17723,1937,63,4,2243.65
17724,5880,646,4,875.28
17725,720,587,5,456.15
17726,82,341,2,2678.46
17727,3349,555,1,3782.25
17728,5933,94,3,2180.68
17729,4916,139,2,2609.23
17730,1542,172,5,396.21
17731,4267,558,4,2573.08
17732,3011,121,2,758.56
17733,5475,490,3,2871.43
17734,535,111,3,3380.78
17735,383,353,5,3010.87
17736,4087,117,2,3454.01
17737,2792,275,3,2260.93
17738,120,398,1,1968.97
17739,4230,87,4,3358.84
17740,4592,357,4,3901.59
17741,4203,753,1,1174.01
17742,743,274,2,1477.75
17743,2943,171,5,3338.33
17744,1295,779,3,1008.0
17745,710,763,4,789.71
17746,105,241,2,2743.78
17747,5728,757,3,3615.42
17748,4083,181,2,3702.1
17749,2072,476,1,838.84
17750,1318,337,5,2113.23
17751,4153,528,1,75.07
17752,955,410,1,1391.53
17753,1837,191,2,4182.03
17754,3441,407,2,904.33
17755,3999,12,4,4051.8
17756,1084,791,5,1412.29
17757,5327,785,4,2098.93
17758,173,508,2,1443.72
17759,1852,277,2,3803.82
17760,4653,584,3,803.42
17761,1869,84,2,1527.35
17762,1559,778,5,1304.66
17763,3314,34,4,753.17
17764,1844,140,5,593.46
17765,2286,557,5,3841.11
17766,528,64,3,2411.81
17767,2061,749,4,1574.19
17768,3317,238,4,752.93
17769,874,119,1,3884.84
17770,1186,716,2,1525.83
17771,1271,407,5,3266.11
17772,2343,68,3,2682.68
17773,5990,214,2,1288.72
17774,3505,224,5,299.67
17775,1809,543,3,297.98
17776,4971,741,3,2920.22
17777,4799,619,5,248.27
17778,557,540,4,125.1
17779,3005,730,2,1062.13
17780,773,692,3,1285.93
17781,4522,192,3,3062.32
17782,5683,745,5,1633.98
17783,2407,264,5,1274.63
17784,4161,775,1,325.36
17785,5260,123,5,1774.57
17786,1277,478,4,1315.43
17787,2543,765,4,430.31
17788,1774,535,2,937.0
17789,1857,418,3,2384.77
17790,811,186,1,2344.73
17791,719,566,3,138.49
17792,1361,356,1,1918.97
17793,5467,58,3,2081.62
17794,2014,641,5,3618.08
17795,2059,229,5,1618.58
17796,4380,99,2,1390.67
17797,17,148,5,4147.67
17798,4623,356,2,547.09
17799,1189,542,2,1738.98
17800,4994,319,4,4173.49
17801,2108,84,2,3127.59
17802,4490,604,5,2536.46
17803,1183,651,3,1117.64
17804,903,109,5,227.31
17805,3692,77,3,2742.66
17806,48,534,4,1443.95
17807,504,345,3,2111.03
17808,5049,740,1,929.58
17809,1909,447,4,4056.35
17810,4308,413,5,3181.49
17811,5874,726,2,846.39
17812,2928,758,5,683.13
17813,28,314,2,1350.62
17814,4904,362,1,3086.57
17815,2354,494,1,3052.05
17816,5990,264,4,650.2
17817,4655,37,5,228.1
17818,5620,742,3,1130.64
17819,2234,784,3,357.11
17820,5737,493,5,1808.96
17821,4946,386,3,2751.9
17822,2552,19,5,2435.52
17823,736,332,1,1757.15
17824,5688,18,5,447.79
17825,4185,404,5,1807.44
17826,1667,196,2,1207.33
17827,5505,380,2,933.25
17828,5231,732,3,3280.79
17829,1541,264,1,3555.68
17830,5067,477,1,1357.46
17831,4548,470,1,1445.7
17832,1567,458,2,3904.4
17833,1918,592,5,3289.12
17834,3504,308,5,1924.42
17835,775,6,3,807.98
17836,2789,798,5,2080.09
17837,1912,397,1,1037.32
17838,801,319,4,908.77
17839,2485,639,2,2473.38
17840,4862,94,3,1663.81
17841,5257,532,3,2558.88
17842,3236,540,3,2160.1
17843,1117,266,4,294.3
17844,4098,198,2,3365.0
17845,1632,656,4,275.17
17846,5557,158,3,2373.64
17847,2603,289,5,3334.07
17848,1540,479,1,2190.88
17849,5596,255,2,1526.28
17850,2289,486,1,3788.81
17851,5058,88,2,2847.83
17852,1532,750,3,395.21
17853,5610,319,1,3522.65
17854,5182,555,2,3515.38
17855,3982,523,1,346.01
17856,5906,23,5,3435.89
17857,1130,315,3,2670.73
17858,4741,121,4,1233.27
17859,305,12,5,726.25
17860,4221,477,4,1486.46
17861,2197,86,5,3839.55
17862,3105,127,2,927.65
17863,726,637,5,826.59
17864,1798,451,1,3705.58
17865,1016,545,4,3894.65
17866,1157,562,4,3505.52
17867,2567,289,1,3241.14
17868,108,385,4,3427.25
17869,5668,348,1,1744.14
17870,4045,662,4,198.13
17871,592,638,4,3051.45
17872,3462,182,2,3722.91
17873,3029,740,2,2673.95
17874,2701,635,5,3219.36
17875,4333,477,5,2565.5
17876,117,174,4,377.17
17877,543,609,1,3185.62
17878,1009,12,3,3731.4
17879,3520,562,4,3264.03
17880,2649,324,1,2245.81
17881,691,228,4,2168.29
17882,1152,687,2,1250.66
17883,1406,749,4,1016.19
17884,5319,753,5,3570.31
17885,5669,246,5,3949.8
17886,1254,502,4,3423.35
17887,4692,745,5,3609.27
17888,3468,605,2,1828.82
17889,5347,598,4,1349.14
17890,1875,580,4,2146.61
17891,4421,675,2,4134.14
17892,5246,665,1,23.07
17893,1126,397,4,1993.0
17894,1917,132,4,2677.72
17895,4887,257,1,917.41
17896,1351,439,5,3164.17
17897,1861,182,5,518.58
17898,3384,120,3,3054.56
17899,5449,574,5,2280.6
17900,3201,765,3,3512.32
17901,2866,307,1,250.7
17902,161,274,3,1615.01
17903,5258,338,5,3313.24
17904,5290,669,5,4055.13
17905,2755,89,2,1883.43
17906,1996,617,5,521.3
17907,5333,216,5,2559.82
17908,3284,512,2,3754.14
17909,1028,26,2,2883.06
17910,2590,115,5,629.22
17911,4258,129,5,1708.07
17912,5633,409,4,14.11
17913,5151,740,2,969.86
17914,1932,155,3,1146.48
17915,1376,16,1,1228.72
17916,4071,587,2,1444.82
17917,13,228,3,3847.98
17918,5311,781,4,667.81
17919,5090,130,2,3172.99
17920,4659,748,1,2063.53
17921,1743,202,2,746.22
17922,1434,414,1,3217.32
17923,1602,376,3,1704.95
17924,5313,432,5,2122.36
17925,3690,318,3,3224.24
17926,4736,404,1,3707.42
17927,2040,51,4,1574.12
17928,1834,238,2,868.19
17929,5895,663,2,2062.29
17930,839,136,1,961.03
17931,1138,343,5,1623.9
17932,3361,683,4,1686.91
17933,3277,737,2,3801.8
17934,4334,102,5,2036.22
17935,3821,423,2,596.72
17936,5391,401,1,2222.99
17937,4837,214,1,2666.24
17938,5310,717,2,3468.27
17939,2163,719,5,1685.15
17940,995,614,4,2550.51
17941,4462,619,4,1267.7
17942,4549,417,4,3823.16
17943,981,579,2,4091.56
17944,3799,635,5,1247.89
17945,2019,490,4,1769.56
17946,4107,428,5,13.92
17947,5202,290,4,108.38
17948,1337,622,2,3635.53
17949,2533,360,4,1619.73
17950,1734,795,1,4010.49
17951,2543,132,1,1908.45
17952,996,319,4,3642.49
17953,4371,169,2,3990.44
17954,1497,271,5,3776.76
17955,4253,175,1,280.26
17956,1979,479,3,14.28
17957,1685,121,2,1155.87
17958,1171,783,3,492.32
17959,601,284,5,1945.23
17960,2765,767,5,923.26
17961,527,266,1,2924.96
17962,2802,583,2,272.91
17963,3934,791,2,3184.5
17964,779,57,5,88.96
17965,4067,165,4,498.43
17966,3019,456,1,36.94
17967,2218,476,3,546.93
17968,5864,464,2,3094.17
17969,2321,510,4,3816.56
17970,840,672,4,1145.43
17971,4521,800,1,2744.87
17972,4453,467,5,1862.76
17973,4034,31,5,2818.48
17974,5728,692,5,499.41
17975,4062,735,3,4147.52
17976,3561,540,5,116.19
17977,1687,786,1,3753.66
17978,952,126,1,2833.62
17979,1327,645,2,3267.74
17980,1046,376,1,1125.04
17981,1684,46,4,3934.94
17982,792,636,3,2792.52
17983,4125,672,4,2374.72
17984,4287,505,2,2368.46
17985,4979,472,2,1506.5
17986,3900,732,5,1948.89
17987,5907,679,5,2388.9
17988,5899,550,4,74.06
17989,1537,629,1,3838.98
17990,2033,130,3,928.11
17991,3640,106,2,1471.25
17992,2107,454,1,3627.97
17993,2413,767,3,356.93
17994,572,349,1,1157.6
17995,4087,570,1,39.4
17996,1935,697,5,3954.43
17997,459,286,2,1151.73
17998,5763,573,2,772.27
17999,5671,789,2,776.76
18000,1451,670,2,3079.55
