id,cliente_id,fecha,estado,total
1,784,2024-07-01,entregado,4018.13
2,1254,2024-01-24,enviado,827.92
3,1496,2025-04-15,enviado,4032.24
4,774,2025-02-02,entregado,239.66
5,906,2025-12-16,pagado,334.92
6,889,2024-07-16,pendiente,1801.17
7,1819,2025-03-25,pendiente,1919.66
8,51,2025-09-10,pagado,2943.68
9,321,2024-03-26,pendiente,2656.84
10,1155,2025-02-06,cancelado,1279.68
11,1879,2026-02-25,cancelado,2832.44
12,684,2024-04-28,pendiente,523.23
13,658,2024-09-27,pagado,2565.05
14,680,2026-01-31,cancelado,82.13
15,1743,2024-10-12,pendiente,630.77
16,1064,2024-03-15,enviado,1573.66
17,1930,2025-01-04,enviado,2896.52
18,859,2024-01-10,cancelado,2321.57
19,425,2024-07-08,pagado,582.29
20,1283,2024-10-04,enviado,4096.42
21,833,2025-08-31,pendiente,1797.48
22,1185,2024-01-28,enviado,3708.74
23,1424,2025-07-29,pagado,3336.96
24,1413,2024-01-20,pagado,3702.45
25,534,2025-04-22,pendiente,1771.34
26,1117,2024-07-11,cancelado,311.79
27,1037,2024-03-11,entregado,1215.78
28,700,2024-09-24,enviado,3192.76
29,1323,2026-02-14,enviado,1862.96
30,1592,2024-11-15,entregado,3728.15
31,52,2026-02-24,pendiente,2220.88
32,779,2025-08-28,entregado,2038.76
33,94,2024-11-05,enviado,4016.03
34,606,2025-11-30,enviado,3925.97
35,8,2026-01-26,entregado,1264.86
36,295,2025-08-31,entregado,3231.15
37,1430,2024-02-02,enviado,2039.04
38,73,2024-06-29,enviado,3454.4
39,606,2024-09-15,cancelado,1484.46
40,744,2024-10-19,entregado,2585.27
41,221,2025-01-26,cancelado,1422.4
42,550,2026-02-05,pendiente,3441.56
43,1184,2024-10-06,pendiente,60.02
44,1611,2025-03-18,pendiente,898.21
45,1393,2024-09-09,cancelado,2430.9
46,1823,2024-04-08,entregado,2607.59
47,1376,2025-03-10,pendiente,1309.01
48,541,2024-07-10,cancelado,3263.12
49,1168,2024-08-30,pagado,3248.38
50,1925,2025-05-24,entregado,68.7
51,1321,2024-02-21,pagado,1515.08
52,196,2024-11-27,entregado,4022.99
53,1376,2025-01-07,pendiente,2244.28
54,659,2024-06-06,entregado,3271.35
55,641,2026-03-07,entregado,2266.18
56,1030,2025-03-13,pendiente,1849.96
57,966,2025-08-31,enviado,3273.33
58,1054,2025-04-05,entregado,2144.34
59,7,2024-09-26,enviado,577.07
60,1904,2024-07-03,cancelado,2834.74
61,60,2024-11-08,cancelado,2904.76
62,1273,2024-01-08,cancelado,1659.28
63,1152,2024-12-04,pendiente,4146.29
64,671,2024-09-28,cancelado,2722.15
65,889,2025-01-05,entregado,2772.51
66,366,2025-06-29,pendiente,2751.99
67,356,2025-09-06,cancelado,2633.21
68,349,2024-05-15,enviado,383.2
69,1485,2026-01-05,entregado,1034.58
70,1139,2024-03-26,pendiente,3728.57
71,643,2025-10-02,enviado,1548.09
72,1243,2025-09-14,entregado,487.02
73,782,2025-07-01,pagado,4187.56
74,1643,2025-08-08,entregado,2222.07
75,1521,2024-07-09,pendiente,2594.32
76,1331,2025-02-20,entregado,3091.94
77,32,2024-12-25,cancelado,4010.99
78,1375,2025-08-31,entregado,3854.53
79,72,2024-05-08,entregado,3838.86
80,1855,2025-05-12,cancelado,3991.37
81,630,2025-12-26,cancelado,2035.96
82,175,2026-01-23,cancelado,2725.9
83,991,2025-06-18,cancelado,2301.57
84,546,2024-02-29,pendiente,2581.35
85,403,2024-12-06,entregado,1258.69
86,1236,2024-07-19,pendiente,4011.76
87,485,2025-08-09,entregado,3924.21
88,1278,2024-01-13,pendiente,2921.92
89,36,2026-01-12,pagado,3091.05
90,1696,2024-11-22,entregado,2679.53
91,573,2025-11-14,entregado,959.53
92,1595,2025-11-12,pendiente,2938.71
93,495,2025-11-27,pagado,1800.62
94,648,2024-02-08,pagado,1858.7
95,800,2024-09-08,enviado,3736.53
96,1072,2024-10-05,pagado,2415.22
97,177,2024-07-23,pagado,2216.75
98,1396,2025-09-30,cancelado,36.01
99,1599,2024-10-07,enviado,1658.03
100,47,2026-02-27,enviado,4079.42
101,528,2024-05-17,pendiente,3439.85
102,388,2024-12-30,entregado,4189.37
103,5,2026-01-17,enviado,2418.63
104,1243,2024-05-04,enviado,4158.8
105,367,2025-06-20,entregado,3802.52
106,374,2024-01-11,cancelado,761.64
107,467,2024-01-21,pagado,2408.14
108,1918,2025-02-19,cancelado,1742.55
109,1631,2024-05-31,entregado,83.91
110,470,2024-04-23,cancelado,2615.23
111,1301,2025-07-13,entregado,2693.54
112,907,2026-03-08,cancelado,1146.76
113,1180,2025-12-04,entregado,527.74
114,875,2025-10-07,pendiente,3688.41
115,204,2025-04-12,pendiente,2000.09
116,1502,2024-05-07,entregado,3316.53
117,1884,2024-11-30,enviado,1881.6
118,56,2024-03-26,entregado,1247.64
119,749,2024-10-05,entregado,1985.15
120,1807,2025-08-21,cancelado,747.43
121,1350,2025-03-01,enviado,3864.45
122,893,2025-04-17,entregado,3044.57
123,456,2024-11-27,pagado,1898.26
124,1488,2025-09-04,pendiente,1768.67
125,308,2025-06-20,entregado,1882.76
126,545,2025-08-14,pagado,1513.4
127,184,2025-11-04,pendiente,1273.55
128,1393,2024-03-29,pagado,1755.46
129,447,2025-11-09,pagado,677.26
130,825,2026-03-06,entregado,3992.72
131,544,2024-08-06,entregado,3659.7
132,665,2024-03-12,entregado,554.42
133,938,2025-10-27,entregado,351.5
134,1219,2024-08-22,cancelado,1331.34
135,922,2025-07-24,pagado,3234.61
136,1895,2024-07-16,cancelado,1693.66
137,326,2026-02-08,enviado,179.31
138,312,2025-04-21,pendiente,764.46
139,661,2026-02-12,entregado,441.8
140,523,2024-08-08,enviado,3897.87
141,1633,2024-05-22,cancelado,3948.59
142,1533,2024-08-10,pendiente,87.16
143,1168,2025-09-26,pagado,579.46
144,1103,2024-06-16,cancelado,2192.67
145,39,2024-08-09,pendiente,2922.3
146,833,2024-01-24,pagado,2118.35
147,110,2026-02-27,pagado,3593.87
148,1897,2025-03-08,enviado,576.67
149,766,2025-10-30,pagado,3988.97
150,718,2025-05-01,enviado,4149.79
151,308,2024-01-29,pagado,383.26
152,622,2025-09-06,pendiente,899.67
153,655,2025-09-06,pendiente,3974.1
154,1025,2025-11-03,pendiente,1420.84
155,976,2024-06-24,pendiente,3554.8
156,252,2024-03-06,cancelado,2952.48
157,1865,2025-06-25,pendiente,744.11
158,391,2026-01-09,pendiente,3709.54
159,10,2025-09-16,enviado,554.4
160,633,2025-12-27,pendiente,3751.34
161,330,2025-08-18,pagado,842.93
162,1714,2025-12-15,enviado,1776.73
163,539,2024-01-21,pagado,2800.14
164,1118,2024-11-26,entregado,618.69
165,217,2025-12-27,pendiente,3486.94
166,1447,2025-04-05,pagado,3693.23
167,1033,2024-10-25,pendiente,369.9
168,966,2026-01-09,pagado,512.46
169,1031,2025-11-23,entregado,1607.29
170,22,2024-05-22,enviado,3432.3
171,31,2025-04-16,cancelado,294.13
172,857,2025-08-27,cancelado,1192.88
173,1678,2025-11-11,pagado,3065.39
174,571,2025-11-23,entregado,1373.09
175,461,2024-09-21,pendiente,630.89
176,400,2025-03-01,pendiente,214.75
177,1027,2024-12-12,entregado,3945.19
178,890,2025-05-06,entregado,1264.97
179,1631,2025-04-06,enviado,2438.15
180,371,2026-01-19,pagado,3629.05
181,826,2025-03-31,entregado,1097.34
182,128,2024-07-28,pendiente,3763.77
183,1184,2025-04-23,entregado,4186.24
184,20,2026-01-29,cancelado,258.33
185,711,2024-01-31,cancelado,2595.74
186,1692,2025-06-19,cancelado,2303.36
187,181,2025-12-03,enviado,2504.21
188,706,2025-01-12,pagado,703.53
189,1298,2025-05-18,entregado,363.9
190,1043,2024-03-17,cancelado,646.95
191,83,2024-08-14,pagado,1872.84
192,1747,2025-09-28,entregado,1726.76
193,1635,2025-08-09,pendiente,3562.81
194,859,2025-04-09,pendiente,1175.71
195,1126,2025-08-24,pendiente,379.04
196,1978,2025-08-14,enviado,3393.27
197,1690,2025-11-29,enviado,1907.27
198,864,2025-12-04,pagado,4171.91
199,1492,2025-01-10,pendiente,2589.72
200,1697,2024-09-27,pendiente,3899.29
201,80,2025-07-30,pendiente,2042.2
202,228,2025-05-27,cancelado,2031.95
203,34,2025-09-09,cancelado,4140.33
204,443,2026-01-28,pagado,1701.2
205,1085,2025-03-17,entregado,547.72
206,351,2024-03-22,pagado,3114.36
207,865,2024-07-12,enviado,1561.94
208,965,2024-09-27,entregado,242.19
209,1388,2025-03-16,cancelado,610.99
210,1445,2025-08-27,enviado,2689.66
211,1949,2024-08-24,pendiente,1967.88
212,270,2026-01-15,enviado,2181.99
213,1624,2025-06-04,cancelado,854.51
214,1861,2025-12-05,cancelado,1509.97
215,1260,2026-01-02,enviado,3358.89
216,1778,2026-01-07,enviado,4022.04
217,1931,2025-05-23,enviado,122.54
218,624,2024-09-04,cancelado,1263.43
219,888,2024-10-19,pendiente,693.08
220,1954,2024-08-16,cancelado,1452.02
221,242,2026-02-20,pendiente,415.82
222,174,2025-07-20,pendiente,559.21
223,1357,2025-08-28,enviado,1099.15
224,1100,2024-08-31,cancelado,2372.99
225,831,2025-07-13,pendiente,3385.22
226,1116,2025-01-01,cancelado,1850.63
227,1734,2024-02-25,entregado,925.1
228,1458,2024-01-20,entregado,1245.31
229,1107,2025-05-27,enviado,2395.14
230,1483,2025-07-19,pagado,2217.91
231,1489,2025-10-24,entregado,215.24
232,1271,2025-06-02,cancelado,3160.5
233,521,2024-12-03,pagado,3026.18
234,955,2026-02-23,pendiente,946.55
235,898,2025-12-03,pendiente,3968.99
236,1163,2025-03-13,cancelado,757.71
237,731,2024-12-09,enviado,899.32
238,1159,2024-09-20,entregado,3724.96
239,596,2024-07-18,entregado,566.79
240,343,2025-07-10,pendiente,2045.92
241,919,2025-07-31,enviado,4044.06
242,743,2024-06-01,enviado,3926.17
243,1017,2025-10-12,pendiente,2699.98
244,1517,2024-02-16,pendiente,1730.34
245,1751,2024-08-04,enviado,1442.97
246,1841,2024-12-06,pagado,3259.15
247,1698,2025-02-19,cancelado,2531.72
248,1477,2024-07-23,pendiente,2092.16
249,1812,2025-07-04,entregado,1022.86
250,1560,2025-12-16,entregado,2844.84
251,1522,2026-01-24,pendiente,2048.59
252,499,2024-09-15,enviado,2710.75
253,419,2025-03-16,cancelado,3481.84
254,468,2024-08-05,enviado,697.77
255,1538,2025-06-27,enviado,3004.74
256,1395,2024-05-30,entregado,3431.92
257,532,2025-05-08,enviado,3003.86
258,1606,2025-09-03,entregado,561.99
259,577,2025-09-12,cancelado,3823.83
260,1030,2024-08-21,cancelado,2064.11
261,988,2024-12-07,pendiente,3033.9
262,1120,2024-11-16,pagado,1883.56
263,17,2024-06-02,enviado,3563.77
264,1406,2025-11-27,entregado,1905.11
265,1310,2024-03-18,entregado,1044.04
266,1871,2024-02-15,entregado,3390.57
267,1424,2024-06-29,entregado,3968.6
268,1928,2025-05-29,cancelado,2534.73
269,1594,2025-06-15,pagado,3004.51
270,994,2024-05-20,pagado,618.01
271,1087,2025-03-30,enviado,2941.04
272,1591,2025-11-30,entregado,146.55
273,203,2025-11-26,enviado,154.84
274,1936,2025-09-14,enviado,643.28
275,1423,2025-03-01,cancelado,2063.75
276,1590,2024-07-10,pendiente,341.98
277,1054,2025-11-17,entregado,4059.61
278,1635,2025-10-19,pendiente,1343.74
279,350,2025-05-27,enviado,1892.04
280,1504,2026-02-05,pendiente,3038.83
281,1929,2025-09-16,entregado,186.87
282,1825,2025-09-16,enviado,2332.7
283,220,2025-02-02,pendiente,438.13
284,1885,2025-12-23,pagado,2294.47
285,74,2024-11-19,entregado,3322.14
286,1333,2024-07-05,entregado,852.7
287,252,2025-02-16,pendiente,477.98
288,1157,2025-12-25,cancelado,4097.18
289,876,2024-11-17,pagado,3594.15
290,14,2024-07-26,pendiente,3372.77
291,1486,2025-10-26,entregado,998.57
292,121,2024-10-22,cancelado,985.93
293,888,2024-02-29,enviado,2368.17
294,1083,2025-11-19,pagado,15.56
295,1226,2024-02-28,entregado,1168.33
296,977,2024-02-25,cancelado,4068.76
297,1181,2026-03-01,enviado,1285.34
298,695,2025-06-17,pagado,2520.71
299,1176,2025-07-12,pagado,1048.39
300,1681,2025-09-19,cancelado,1388.59
301,432,2025-02-05,cancelado,2691.7
302,516,2026-03-04,enviado,1330.7
303,1798,2024-04-12,pendiente,1082.39
304,1483,2024-04-19,enviado,2849.05
305,1521,2026-03-05,pendiente,831.65
306,15,2025-12-15,entregado,1652.6
307,515,2025-10-01,cancelado,2326.13
308,1282,2024-05-20,enviado,3468.88
309,1355,2025-02-12,entregado,1187.92
310,1806,2024-02-17,cancelado,2953.08
311,1557,2025-07-03,pagado,2095.68
312,737,2024-01-03,entregado,3771.02
313,389,2025-04-24,enviado,595.2
314,1021,2024-07-02,enviado,4039.92
315,1002,2025-02-11,entregado,3233.29
316,1926,2024-03-03,pendiente,4099.68
317,138,2024-08-27,enviado,2371.94
318,1509,2024-11-15,cancelado,656.09
319,1616,2024-03-26,cancelado,3447.0
320,1858,2025-08-02,pagado,378.86
321,1582,2025-08-04,pagado,1064.27
322,1356,2024-08-08,pagado,3834.97
323,1006,2024-12-25,cancelado,226.1
324,1663,2024-06-23,enviado,3745.87
325,278,2024-02-28,pendiente,402.67
326,1677,2024-12-09,enviado,4094.78
327,860,2024-02-14,entregado,3747.75
328,241,2025-12-01,cancelado,2305.92
329,1027,2025-03-09,enviado,3335.93
330,1425,2026-01-01,entregado,2407.16
331,1310,2025-09-23,cancelado,361.55
332,62,2025-06-29,cancelado,1657.57
333,537,2025-10-04,pendiente,704.55
334,1147,2025-01-06,enviado,2140.0
335,1421,2025-07-13,entregado,1999.12
336,1755,2025-05-02,pagado,1573.03
337,467,2024-10-28,cancelado,327.2
338,1762,2025-05-22,enviado,2371.61
339,316,2025-04-15,enviado,755.27
340,78,2025-10-31,pagado,2146.83
341,293,2025-04-08,cancelado,3534.65
342,1907,2024-10-09,cancelado,2546.59
343,1506,2024-07-10,cancelado,2504.63
344,644,2024-02-03,pagado,2501.23
345,187,2024-06-11,enviado,899.06
346,638,2024-02-15,enviado,926.22
347,1854,2025-12-21,entregado,811.06
348,137,2025-01-09,pagado,1348.21
349,320,2025-10-06,pagado,364.24
350,227,2025-11-25,cancelado,3644.93
351,423,2024-08-11,pendiente,1577.39
352,136,2025-06-10,pendiente,4073.53
353,1845,2024-05-17,enviado,3680.15
354,1486,2025-02-02,cancelado,2602.79
355,258,2026-01-08,entregado,3103.39
356,1039,2025-04-27,entregado,3930.49
357,1749,2024-07-30,entregado,1426.98
358,1362,2026-01-20,entregado,1295.03
359,1289,2024-03-27,enviado,1426.17
360,592,2026-01-23,enviado,376.27
361,1101,2025-11-14,pagado,700.8
362,1494,2025-12-02,enviado,1502.69
363,739,2025-10-16,pendiente,762.72
364,997,2025-04-29,pagado,200.56
365,424,2024-05-30,cancelado,1921.16
366,779,2026-01-30,pagado,2034.51
367,904,2024-01-12,pagado,4004.68
368,1432,2025-05-22,entregado,4033.49
369,598,2026-01-30,pagado,4080.27
370,1427,2024-06-14,pendiente,2844.73
371,664,2025-03-23,pagado,3147.46
372,1564,2026-02-01,pendiente,1379.42
373,1389,2024-03-24,cancelado,15.59
374,459,2025-06-08,entregado,2620.48
375,284,2024-08-26,pendiente,1496.43
376,294,2025-03-01,enviado,2472.94
377,1957,2026-02-12,enviado,3263.98
378,962,2024-04-20,pendiente,3366.23
379,747,2025-08-14,pagado,1549.57
380,1942,2024-08-26,pagado,240.5
381,1216,2024-03-23,enviado,1475.27
382,493,2025-04-13,pendiente,500.23
383,216,2024-06-20,pagado,4144.03
384,1781,2024-11-13,cancelado,3913.8
385,1716,2024-09-14,pendiente,671.88
386,14,2025-01-10,enviado,197.2
387,883,2024-11-28,cancelado,3077.95
388,1668,2025-02-01,pagado,2777.14
389,1777,2024-12-07,entregado,3751.43
390,1424,2024-05-28,enviado,2546.36
391,1527,2025-01-06,cancelado,469.62
392,1865,2024-07-20,enviado,236.02
393,1231,2026-02-10,entregado,3547.19
394,1823,2026-02-13,pagado,1645.0
395,579,2024-06-19,cancelado,4048.56
396,1582,2025-06-28,enviado,3759.88
397,199,2025-03-08,entregado,936.19
398,1722,2024-08-18,pagado,2400.26
399,1026,2024-08-16,cancelado,3672.3
400,734,2024-02-19,enviado,3121.39
401,100,2025-08-26,pagado,3187.47
402,160,2024-07-05,pagado,4066.55
403,509,2025-10-10,cancelado,596.28
404,1722,2024-07-23,enviado,819.91
405,498,2025-02-14,entregado,2939.03
406,620,2025-08-28,pagado,2857.26
407,1666,2024-07-19,cancelado,4107.25
408,1496,2024-05-01,pagado,462.85
409,1788,2025-07-29,pendiente,2071.97
410,189,2025-08-24,pagado,1544.17
411,1096,2025-08-11,entregado,812.07
412,562,2024-03-02,entregado,1638.78
413,1629,2025-05-09,cancelado,743.8
414,1860,2024-12-04,cancelado,624.39
415,764,2025-04-06,enviado,2038.95
416,120,2024-05-08,enviado,1075.79
417,967,2024-06-23,pagado,2437.56
418,735,2026-01-18,pagado,309.09
419,1435,2025-10-06,entregado,698.48
420,1643,2025-09-22,cancelado,4069.54
421,1425,2025-07-18,cancelado,3307.15
422,188,2025-10-07,cancelado,2136.53
423,276,2024-12-18,entregado,3269.45
424,994,2024-08-04,pagado,1078.47
425,27,2025-06-02,entregado,1767.63
426,205,2024-11-09,entregado,3289.9
427,506,2024-09-22,cancelado,295.72
428,1517,2024-06-12,enviado,277.49
429,435,2024-02-13,pagado,3372.46
430,1828,2024-05-26,pendiente,3051.49
431,1293,2024-07-15,cancelado,1108.5
432,538,2024-11-17,entregado,3637.49
433,1177,2024-10-08,pendiente,4127.85
434,1462,2026-01-30,cancelado,2428.9
435,862,2026-01-20,pagado,4124.58
436,1004,2024-01-31,pendiente,235.39
437,1194,2024-01-05,enviado,2155.51
438,1457,2026-02-03,pagado,165.65
439,614,2025-04-10,enviado,1551.92
440,1860,2025-04-19,enviado,3136.02
441,1588,2024-02-24,pagado,4170.34
442,1099,2024-01-02,cancelado,114.01
443,318,2024-11-01,enviado,3114.67
444,93,2025-05-03,pendiente,1687.46
445,733,2025-05-26,entregado,1001.58
446,1009,2025-02-02,enviado,2997.29
447,537,2025-11-18,entregado,1456.42
448,248,2024-04-16,entregado,2543.43
449,650,2024-02-02,enviado,2197.51
450,830,2025-01-07,cancelado,2657.86
451,1846,2025-01-20,enviado,2243.91
452,1535,2024-04-07,enviado,2025.48
453,1970,2026-01-01,cancelado,1193.61
454,1869,2024-05-29,pagado,3256.76
455,1266,2024-05-06,pagado,1292.55
456,1661,2024-12-10,cancelado,3119.27
457,1671,2025-04-03,entregado,2530.27
458,1710,2025-02-07,entregado,3713.03
459,235,2024-03-01,pendiente,2196.32
460,1665,2025-07-14,enviado,1197.39
461,362,2025-10-19,enviado,3938.49
462,1911,2024-05-26,enviado,20.65
463,1519,2024-07-16,pendiente,2157.61
464,700,2025-10-02,pendiente,3528.61
465,843,2024-06-01,pagado,1629.82
466,260,2025-06-17,entregado,1844.42
467,1278,2024-04-17,pendiente,4065.79
468,989,2024-10-14,entregado,3760.48
469,749,2024-07-11,cancelado,914.59
470,35,2025-04-28,pendiente,558.29
471,1768,2026-01-26,cancelado,2063.77
472,1265,2024-06-21,entregado,3104.37
473,519,2024-10-24,enviado,2305.29
474,713,2025-08-16,enviado,834.63
475,992,2026-02-20,entregado,533.5
476,836,2026-01-01,pagado,3194.61
477,955,2025-04-13,cancelado,1852.58
478,854,2024-06-25,enviado,1988.36
479,1141,2026-01-21,enviado,3058.29
480,124,2024-03-18,cancelado,1290.89
481,987,2024-11-07,entregado,88.39
482,911,2026-02-16,pagado,112.44
483,1986,2024-04-15,cancelado,1219.84
484,74,2024-06-07,entregado,975.49
485,530,2024-02-10,pendiente,2844.28
486,22,2025-11-11,pendiente,3388.35
487,1119,2025-07-04,pagado,3096.84
488,1360,2024-03-06,enviado,274.48
489,1239,2024-05-06,cancelado,2753.07
490,1208,2024-02-27,cancelado,953.27
491,1693,2025-12-15,enviado,1878.25
492,1734,2024-06-23,enviado,228.3
493,1135,2024-12-29,cancelado,1462.88
494,1495,2025-10-27,pendiente,448.07
495,1977,2024-06-21,enviado,3856.67
496,306,2024-12-15,entregado,1046.58
497,895,2025-07-26,cancelado,2664.51
498,1182,2024-02-26,entregado,4116.58
499,356,2025-01-31,cancelado,224.98
500,1125,2024-06-19,cancelado,4191.01
501,466,2026-02-23,enviado,1051.76
502,1874,2024-08-02,cancelado,1261.74
503,1256,2026-01-17,pagado,3290.45
504,1903,2024-07-31,enviado,2491.22
505,867,2024-05-19,pagado,2878.38
506,855,2026-03-08,pagado,394.96
507,1694,2024-11-22,entregado,2243.79
508,284,2025-02-14,cancelado,869.34
509,867,2025-07-28,entregado,2637.98
510,1517,2024-07-16,enviado,2642.78
511,1871,2026-02-03,entregado,1601.42
512,993,2024-01-14,pagado,2019.04
513,1028,2024-09-01,pagado,980.81
514,1628,2025-10-01,cancelado,1696.21
515,96,2025-03-28,pagado,292.24
516,462,2024-01-01,cancelado,3147.73
517,504,2025-05-31,cancelado,4139.75
518,431,2025-08-09,pagado,982.57
519,1668,2024-08-23,entregado,1934.9
520,417,2025-12-25,cancelado,1678.09
521,114,2024-12-03,cancelado,1746.51
522,6,2024-06-11,pendiente,1537.98
523,1387,2024-12-06,pagado,3528.73
524,57,2024-03-01,entregado,425.5
525,331,2024-10-24,enviado,4184.23
526,53,2025-08-18,entregado,3288.52
527,291,2025-08-07,pendiente,3200.2
528,495,2025-02-14,enviado,1904.85
529,1139,2026-01-18,cancelado,391.22
530,1515,2024-09-09,pagado,2359.57
531,1376,2024-05-28,enviado,1060.95
532,1826,2024-03-25,pendiente,3582.09
533,1403,2025-02-18,cancelado,3960.89
534,411,2024-07-26,pagado,3005.59
535,1032,2025-01-04,pagado,3148.22
536,1480,2024-12-04,pendiente,4165.71
537,1275,2025-04-08,entregado,278.75
538,19,2025-01-05,enviado,860.36
539,911,2025-10-20,cancelado,2554.43
540,953,2025-08-03,cancelado,3148.81
541,1444,2025-10-10,enviado,2288.36
542,777,2025-07-28,enviado,3122.55
543,476,2024-11-04,cancelado,786.52
544,838,2024-07-20,entregado,3542.53
545,101,2024-11-30,cancelado,2596.94
546,60,2024-06-15,entregado,2927.18
547,562,2024-10-14,entregado,1919.99
548,1976,2024-10-24,enviado,3658.04
549,566,2025-01-07,cancelado,1542.76
550,116,2024-12-02,enviado,3997.68
551,65,2024-02-19,pagado,2917.05
552,544,2025-06-10,pagado,3737.32
553,1144,2024-11-30,entregado,2298.85
554,1056,2024-04-09,pendiente,1125.41
555,1837,2025-04-18,pagado,405.98
556,1628,2025-02-21,pagado,2548.25
557,1762,2025-10-27,pendiente,683.41
558,764,2024-05-13,enviado,2403.05
559,451,2025-07-10,pendiente,1032.99
560,321,2024-06-02,cancelado,968.12
561,756,2025-03-04,pagado,4148.4
562,1516,2025-11-16,pagado,3567.01
563,1255,2024-08-15,pagado,3996.67
564,931,2024-11-25,enviado,1961.81
565,980,2025-11-07,cancelado,2572.91
566,1224,2025-08-31,entregado,3789.22
567,278,2025-08-28,pendiente,3047.77
568,320,2025-06-09,entregado,345.13
569,918,2025-05-09,cancelado,1378.22
570,666,2024-06-02,cancelado,2255.58
571,773,2024-11-06,pendiente,2381.46
572,855,2025-04-03,pagado,651.75
573,596,2025-05-16,cancelado,3021.9
574,916,2025-08-18,entregado,2494.66
575,677,2025-12-19,pagado,124.17
576,1758,2025-11-24,enviado,3039.12
577,61,2024-11-28,pendiente,2088.25
578,1194,2025-07-07,enviado,3481.13
579,632,2025-04-14,entregado,217.63
580,1653,2026-01-26,enviado,1347.05
581,1325,2024-03-28,pagado,765.24
582,1907,2024-08-26,cancelado,2182.8
583,103,2026-02-05,pendiente,3287.18
584,1495,2025-11-18,pendiente,3902.06
585,1779,2024-06-27,pendiente,3980.9
586,328,2024-03-18,pagado,130.28
587,653,2024-03-21,pagado,1683.31
588,1203,2026-01-27,pagado,3029.05
589,1238,2025-02-09,cancelado,3773.44
590,1149,2024-06-04,pendiente,2628.04
591,1768,2025-05-10,entregado,4080.95
592,1598,2024-06-03,pagado,2740.75
593,1134,2024-03-24,entregado,2606.51
594,1629,2026-03-04,pendiente,2275.08
595,1184,2024-12-30,pendiente,1861.24
596,305,2026-01-22,enviado,329.75
597,233,2026-02-10,cancelado,3452.86
598,769,2025-07-28,pendiente,759.69
599,433,2024-09-17,enviado,903.95
600,1206,2025-07-29,cancelado,1381.91
601,1835,2025-11-06,pendiente,610.91
602,262,2024-08-20,entregado,1645.87
603,844,2025-08-29,entregado,2721.05
604,242,2026-01-21,enviado,1253.74
605,278,2024-06-26,enviado,3564.97
606,208,2025-04-11,entregado,1870.48
607,62,2025-10-22,entregado,2035.22
608,1722,2025-03-14,pagado,1391.18
609,649,2024-12-22,pendiente,1810.68
610,1753,2024-05-18,enviado,3254.93
611,813,2024-09-16,pagado,2095.64
612,1003,2025-12-18,cancelado,721.68
613,343,2024-02-27,cancelado,781.77
614,1728,2024-02-22,entregado,2565.41
615,456,2026-01-16,entregado,2788.79
616,1984,2025-03-11,pagado,1000.81
617,1150,2025-11-13,pendiente,453.44
618,1542,2026-02-23,enviado,1048.1
619,393,2025-10-03,cancelado,1417.79
620,205,2026-02-04,enviado,505.66
621,279,2024-10-18,pendiente,517.7
622,712,2025-09-17,entregado,4019.18
623,1597,2025-02-27,entregado,137.73
624,731,2025-04-23,enviado,1656.77
625,925,2024-10-26,pendiente,3634.18
626,461,2025-11-06,pendiente,731.24
627,260,2024-11-21,cancelado,1925.95
628,1111,2025-09-18,pagado,1220.87
629,189,2024-11-25,cancelado,3334.16
630,947,2025-03-29,cancelado,856.46
631,725,2024-03-12,cancelado,334.2
632,1803,2025-05-07,enviado,2379.9
633,866,2026-01-21,entregado,1573.97
634,1718,2024-07-14,entregado,2130.66
635,1288,2024-01-18,enviado,2458.67
636,848,2024-08-21,enviado,2648.08
637,526,2025-06-20,pagado,2113.97
638,892,2024-12-28,entregado,1031.54
639,666,2025-02-22,enviado,4146.3
640,1551,2025-07-03,pagado,2042.86
641,140,2025-03-18,cancelado,184.86
642,1129,2025-12-28,pendiente,107.89
643,757,2024-12-01,pagado,4129.42
644,1525,2024-06-22,pendiente,2053.61
645,1800,2024-05-02,pagado,2473.36
646,930,2025-01-19,pagado,3684.48
647,827,2026-03-10,pendiente,1834.98
648,194,2025-01-07,enviado,3502.35
649,1310,2024-03-14,cancelado,2254.76
650,107,2026-01-02,cancelado,1090.22
651,468,2025-04-16,pendiente,231.32
652,566,2024-08-07,pagado,1431.1
653,469,2025-03-20,pagado,3466.93
654,1309,2024-01-06,pagado,3935.57
655,1563,2025-11-04,pendiente,925.15
656,1599,2025-10-07,enviado,1673.34
657,1268,2025-07-22,enviado,440.65
658,876,2024-12-22,cancelado,1134.18
659,1223,2025-03-06,pendiente,2809.92
660,1088,2024-11-16,entregado,629.42
661,1516,2025-05-06,entregado,3339.33
662,1258,2025-10-25,enviado,603.59
663,1496,2024-02-15,entregado,3041.71
664,1407,2024-01-04,enviado,829.52
665,900,2024-01-26,cancelado,484.98
666,712,2026-03-03,cancelado,1528.86
667,1081,2024-08-17,enviado,387.75
668,1308,2025-07-26,pagado,4189.01
669,1996,2024-03-15,pagado,1727.5
670,1228,2025-07-11,cancelado,401.73
671,1362,2025-12-21,enviado,1805.54
672,253,2024-11-19,enviado,643.46
673,1955,2025-06-24,pagado,1085.72
674,870,2024-09-05,entregado,1326.72
675,890,2026-02-13,entregado,4025.88
676,178,2025-03-21,entregado,2844.24
677,1216,2026-02-16,cancelado,1479.41
678,1256,2024-10-08,entregado,2205.52
679,1724,2025-03-09,entregado,1514.59
680,574,2025-02-03,cancelado,453.28
681,570,2024-05-30,enviado,2341.57
682,1801,2024-04-27,pendiente,2704.86
683,1626,2026-01-18,cancelado,3541.71
684,1387,2024-03-14,enviado,674.17
685,1457,2024-04-30,entregado,2130.66
686,794,2024-06-03,entregado,562.46
687,688,2025-10-06,enviado,3709.67
688,1186,2025-07-06,enviado,3084.1
689,549,2025-07-16,enviado,1921.31
690,1787,2024-04-17,pagado,2460.35
691,566,2024-02-21,enviado,3602.98
692,1374,2024-03-23,entregado,3658.31
693,184,2025-03-16,enviado,420.18
694,1357,2025-04-06,cancelado,662.67
695,969,2024-04-01,cancelado,457.51
696,194,2024-11-15,pendiente,70.98
697,1168,2025-07-29,pagado,1444.08
698,1990,2024-08-27,entregado,2425.48
699,1947,2025-04-12,enviado,309.49
700,1028,2025-02-27,pendiente,3926.69
701,485,2025-02-08,cancelado,3479.85
702,515,2025-06-25,cancelado,1586.4
703,1369,2024-10-11,entregado,3306.34
704,1871,2025-09-09,entregado,103.52
705,1950,2024-04-02,entregado,3435.43
706,1687,2025-02-25,pagado,88.26
707,1653,2024-06-19,cancelado,2830.21
708,1809,2026-03-08,entregado,3655.02
709,1937,2024-05-12,cancelado,1047.68
710,546,2025-03-14,entregado,895.13
711,458,2025-12-07,entregado,506.52
712,663,2024-08-18,cancelado,3904.68
713,1354,2025-07-27,cancelado,1925.49
714,383,2024-07-19,cancelado,1319.12
715,1936,2024-06-29,entregado,2746.01
716,76,2025-11-22,enviado,3694.2
717,916,2025-07-02,enviado,3651.77
718,1848,2024-12-09,pendiente,2646.5
719,636,2024-08-06,entregado,3397.46
720,1117,2024-08-08,pagado,1755.35
721,1240,2025-11-26,pendiente,400.41
722,974,2025-12-25,cancelado,147.06
723,467,2026-02-09,pendiente,3513.41
724,472,2024-09-16,pagado,722.39
725,1193,2024-11-11,pagado,1780.11
726,1572,2024-02-07,pagado,2644.88
727,997,2025-06-17,pendiente,455.97
728,979,2024-06-02,enviado,392.75
729,473,2024-01-03,pendiente,3432.24
730,343,2025-05-29,enviado,753.65
731,1476,2025-10-24,pendiente,4065.22
732,1027,2024-11-07,pagado,2380.05
733,1911,2024-04-02,entregado,805.73
734,610,2024-12-10,pagado,861.86
735,689,2026-01-27,pendiente,1764.93
736,1786,2024-10-27,pendiente,1473.77
737,48,2025-06-01,entregado,2384.38
738,1861,2025-02-23,pendiente,2972.11
739,1435,2025-11-26,pendiente,2949.61
740,428,2025-04-15,enviado,1515.97
741,1661,2024-08-13,pendiente,3054.01
742,955,2025-06-07,entregado,2914.68
743,1076,2025-09-02,enviado,866.71
744,1002,2024-04-19,cancelado,745.07
745,632,2024-01-07,pendiente,3110.25
746,209,2024-08-02,pendiente,3779.52
747,206,2024-12-13,enviado,433.62
748,1708,2024-07-12,cancelado,1567.05
749,1872,2025-11-09,pagado,1470.0
750,1567,2024-07-13,pagado,912.82
751,1975,2025-09-06,cancelado,630.71
752,1815,2025-12-01,pagado,4040.03
753,1599,2025-01-04,entregado,320.3
754,1477,2025-12-10,pagado,16.12
755,376,2024-10-16,pendiente,2411.77
756,232,2025-10-21,cancelado,979.93
757,1881,2024-04-12,entregado,4038.35
758,739,2024-11-21,enviado,908.89
759,1749,2024-10-25,entregado,789.31
760,1831,2026-02-20,pagado,2890.86
761,331,2025-05-15,pendiente,941.07
762,1939,2025-10-12,pagado,750.59
763,1376,2024-02-04,cancelado,3626.64
764,114,2024-08-19,pendiente,1545.09
765,1760,2024-09-12,pagado,3242.05
766,1280,2025-09-08,pagado,4090.84
767,346,2026-01-29,pendiente,837.52
768,1349,2026-02-15,entregado,603.48
769,975,2024-03-02,pendiente,2415.37
770,1251,2025-01-20,pagado,3107.11
771,495,2024-10-17,pendiente,3245.47
772,1764,2025-05-24,pendiente,3650.13
773,103,2026-03-08,pendiente,1992.81
774,585,2025-05-27,pendiente,451.03
775,1184,2025-06-02,pendiente,3514.47
776,1458,2025-06-22,pagado,3855.6
777,1098,2025-01-11,pendiente,751.18
778,237,2025-10-07,pagado,3840.18
779,662,2025-02-07,entregado,2378.88
780,92,2025-06-24,pendiente,625.69
781,1060,2025-04-23,enviado,3147.35
782,1083,2025-02-22,cancelado,460.17
783,1558,2025-05-12,pendiente,1500.67
784,364,2024-03-28,entregado,1193.31
785,1984,2024-04-28,enviado,18.63
786,1000,2024-03-26,cancelado,3656.45
787,1750,2024-10-23,enviado,92.21
788,1349,2024-01-16,enviado,1029.29
789,1186,2025-03-14,cancelado,1408.08
790,580,2026-01-28,entregado,223.74
791,952,2025-04-18,cancelado,3419.96
792,1275,2024-10-02,pagado,3551.46
793,1478,2025-08-01,enviado,1765.3
794,1549,2025-04-17,entregado,789.1
795,713,2025-07-27,pendiente,3801.01
796,1061,2024-05-18,enviado,95.96
797,1153,2024-07-09,entregado,3935.03
798,1444,2026-01-23,cancelado,967.45
799,1091,2024-02-11,pendiente,2669.52
800,282,2024-11-27,enviado,385.63
801,1402,2025-06-30,cancelado,4155.78
802,909,2025-07-10,cancelado,2013.66
803,740,2024-03-10,enviado,3537.86
804,626,2024-10-09,entregado,4058.19
805,1457,2026-01-17,enviado,3070.49
806,541,2024-05-06,pagado,4078.26
807,859,2024-08-25,entregado,1702.54
808,880,2025-05-17,pendiente,1295.18
809,817,2024-03-22,entregado,2608.1
810,1835,2024-11-21,pagado,3823.32
811,1564,2024-07-20,pendiente,3716.43
812,1645,2024-05-18,pagado,3094.99
813,1864,2025-04-26,pagado,3846.23
814,635,2024-03-21,entregado,3492.89
815,150,2024-05-25,pagado,319.14
816,87,2025-01-07,cancelado,3879.47
817,13,2024-10-26,entregado,3438.91
818,1299,2025-12-22,pendiente,834.37
819,238,2026-02-14,pendiente,3120.67
820,616,2024-04-30,pagado,303.17
821,1096,2025-07-31,entregado,2441.75
822,1613,2025-08-20,enviado,2609.06
823,173,2024-11-17,pendiente,519.25
824,1756,2025-07-23,entregado,1253.65
825,1176,2024-03-04,enviado,1554.35
826,1144,2025-05-06,enviado,928.35
827,1250,2025-01-10,enviado,2629.74
828,664,2026-01-26,pendiente,820.92
829,1653,2024-09-23,entregado,4068.79
830,1655,2025-08-30,entregado,1337.93
831,1486,2024-08-04,cancelado,3749.64
832,860,2025-08-26,enviado,1623.21
833,378,2025-05-05,pagado,1095.11
834,641,2025-04-11,pagado,2699.76
835,991,2024-03-21,pagado,3724.72
836,1311,2026-01-19,entregado,4061.12
837,1068,2025-04-27,pendiente,1806.14
838,1429,2025-03-19,enviado,870.69
839,1941,2025-06-03,pendiente,2354.19
840,478,2024-11-10,pendiente,3709.31
841,1709,2025-01-18,entregado,2088.84
842,1332,2024-09-07,cancelado,473.29
843,1928,2024-02-05,cancelado,1132.44
844,894,2025-04-04,enviado,1904.29
845,1877,2024-05-25,entregado,1191.6
846,660,2026-01-25,pendiente,646.77
847,611,2025-10-23,entregado,3779.1
848,1480,2024-09-25,entregado,2269.39
849,65,2024-06-03,cancelado,3670.78
850,22,2024-01-12,pagado,1367.3
851,1002,2025-10-06,entregado,2707.76
852,739,2024-12-22,pendiente,3664.9
853,1023,2025-04-21,enviado,2794.0
854,1981,2024-02-04,entregado,1241.82
855,1859,2025-02-19,cancelado,2724.38
856,381,2025-08-28,enviado,1402.51
857,591,2026-01-26,entregado,1221.17
858,1898,2024-06-09,cancelado,886.53
859,1991,2024-02-22,enviado,3752.52
860,1386,2025-08-29,entregado,92.59
861,1576,2024-09-07,pagado,1838.25
862,1796,2025-12-15,cancelado,1028.19
863,925,2025-12-10,pendiente,3273.2
864,1024,2026-02-27,cancelado,754.4
865,773,2025-09-27,enviado,2994.7
866,547,2025-12-16,enviado,3164.27
867,1955,2025-02-22,entregado,2631.35
868,372,2025-04-29,pendiente,1587.15
869,334,2024-06-07,enviado,116.41
870,74,2024-06-03,pendiente,653.74
871,783,2025-08-14,pendiente,2132.0
872,1482,2024-03-30,pagado,3573.22
873,626,2025-01-02,enviado,1204.19
874,142,2024-11-24,pendiente,1141.83
875,958,2025-08-12,cancelado,457.43
876,416,2025-11-20,pendiente,2567.67
877,953,2025-06-23,pagado,2430.79
878,802,2025-02-11,entregado,1425.91
879,1583,2025-12-15,entregado,1035.91
880,869,2024-08-10,pagado,2662.89
881,859,2025-08-22,pendiente,1977.39
882,813,2024-06-03,pagado,1598.53
883,1757,2025-03-01,cancelado,2357.5
884,881,2026-03-02,pagado,616.41
885,393,2024-10-22,enviado,1184.41
886,1719,2025-03-07,cancelado,425.48
887,1768,2025-11-18,cancelado,1554.79
888,35,2024-11-20,pagado,2628.36
889,163,2024-01-25,enviado,3479.59
890,402,2025-11-12,pagado,837.87
891,155,2025-11-08,cancelado,2986.5
892,810,2026-01-20,entregado,3273.47
893,737,2026-01-03,enviado,573.12
894,1823,2024-02-06,cancelado,242.53
895,1541,2024-10-12,entregado,708.02
896,1850,2025-10-25,cancelado,3362.49
897,539,2024-07-20,enviado,2242.1
898,1079,2024-08-15,cancelado,4000.3
899,554,2025-05-05,cancelado,2763.69
900,922,2024-01-09,entregado,2762.32
901,1488,2024-03-09,cancelado,1876.06
902,1512,2025-08-14,pendiente,4045.2
903,1282,2025-10-24,cancelado,2033.96
904,1125,2024-12-06,enviado,3768.7
905,1821,2026-01-28,entregado,1676.98
906,569,2025-10-17,enviado,2759.9
907,806,2025-08-15,entregado,297.73
908,715,2025-11-01,enviado,4153.01
909,1301,2025-09-14,enviado,3285.05
910,714,2024-06-09,cancelado,3603.14
911,1187,2024-07-26,enviado,2616.27
912,439,2024-05-28,cancelado,2488.3
913,552,2026-02-13,pagado,821.61
914,518,2025-09-24,pagado,3835.1
915,1306,2026-02-02,pendiente,1621.49
916,1570,2025-05-23,entregado,4140.53
917,1485,2024-06-13,entregado,3315.99
918,716,2025-06-27,cancelado,4090.12
919,1482,2025-05-02,entregado,2358.58
920,714,2025-01-08,cancelado,1005.87
921,1852,2025-01-20,cancelado,3012.15
922,909,2026-01-03,pendiente,1813.1
923,1113,2024-01-10,pagado,1163.38
924,534,2024-07-06,pendiente,2996.86
925,371,2024-09-12,entregado,4062.43
926,252,2025-05-06,pagado,2506.84
927,550,2025-11-13,cancelado,2960.43
928,1456,2025-12-17,pendiente,3219.18
929,95,2025-08-07,pagado,3296.08
930,1793,2024-06-20,pendiente,2589.23
931,797,2024-05-10,pendiente,2933.57
932,1678,2024-01-22,pendiente,2146.93
933,1417,2024-02-19,pendiente,3752.41
934,207,2024-09-30,pagado,4088.58
935,1016,2025-03-21,cancelado,2926.77
936,1117,2024-11-21,pendiente,2435.5
937,1084,2025-11-25,pendiente,3875.4
938,1976,2026-02-24,cancelado,621.01
939,352,2026-02-28,pagado,1871.95
940,1217,2024-03-30,pendiente,53.52
941,1546,2024-04-13,pagado,2907.16
942,1618,2024-11-14,pendiente,3779.37
943,313,2024-11-22,pendiente,1131.89
944,1295,2026-02-28,pendiente,3769.35
945,884,2024-07-20,enviado,160.17
946,1266,2024-05-13,cancelado,1092.6
947,1606,2025-06-01,pagado,3617.69
948,848,2025-03-30,entregado,171.26
949,1217,2024-06-28,cancelado,1267.46
950,1726,2025-06-13,pagado,588.77
951,79,2025-07-05,pagado,1603.62
952,1585,2024-12-06,entregado,1628.45
953,394,2025-10-07,pendiente,2463.9
954,1647,2024-02-01,pagado,1596.49
955,811,2025-04-30,pagado,291.21
956,911,2024-07-13,entregado,1298.04
957,885,2025-09-21,pendiente,3351.08
958,800,2026-03-03,enviado,3279.05
959,147,2024-01-29,entregado,138.65
960,1980,2025-07-25,cancelado,147.29
961,1633,2025-08-20,pendiente,1690.49
962,103,2024-02-10,entregado,2731.37
963,1133,2024-12-12,pagado,2094.63
964,981,2024-11-13,pendiente,3697.37
965,26,2024-01-23,pagado,2954.2
966,916,2024-10-04,enviado,3145.37
967,1438,2024-07-28,entregado,93.91
968,1005,2024-09-07,pendiente,303.12
969,372,2025-09-28,enviado,930.56
970,197,2025-03-27,pendiente,4126.74
971,773,2026-01-05,cancelado,3608.58
972,812,2024-08-25,entregado,2155.88
973,41,2024-09-05,pagado,1242.52
974,216,2025-07-10,pendiente,736.07
975,1163,2026-01-27,enviado,291.93
976,1325,2025-05-21,entregado,558.39
977,142,2024-10-05,cancelado,2024.48
978,747,2024-10-02,cancelado,2704.64
979,276,2024-09-14,pagado,3980.24
980,596,2024-06-05,pendiente,3522.26
981,1292,2025-12-04,enviado,3951.9
982,1834,2025-07-04,pagado,2779.34
983,970,2024-10-26,pagado,1789.13
984,813,2025-05-27,pagado,3383.07
985,194,2024-08-27,enviado,781.43
986,790,2024-12-06,pendiente,3708.44
987,1435,2025-04-29,pagado,3341.38
988,912,2025-02-28,enviado,142.37
989,219,2025-05-10,pagado,2498.59
990,683,2026-03-10,pagado,4188.56
991,1986,2025-11-16,entregado,4079.01
992,176,2025-06-29,pagado,2302.69
993,502,2026-02-16,enviado,1501.1
994,1514,2025-08-21,pagado,36.29
995,1982,2024-11-15,pendiente,33.94
996,964,2025-09-04,pagado,881.76
997,1323,2025-07-04,pendiente,81.49
998,1453,2025-07-10,pendiente,2163.22
999,1908,2024-10-22,entregado,3044.61
1000,1627,2025-11-21,entregado,1297.2
1001,545,2025-10-27,enviado,4145.61
1002,1877,2024-06-26,pagado,76.7
1003,1922,2024-03-21,pendiente,1440.15
1004,1552,2025-09-11,entregado,635.89
1005,356,2025-07-06,enviado,560.23
1006,1050,2024-09-06,enviado,3486.53
1007,1502,2025-04-26,entregado,2862.91
1008,1174,2024-11-20,pendiente,378.65
1009,45,2025-01-26,entregado,1172.53
1010,78,2025-02-23,pendiente,3880.87
1011,983,2024-08-01,cancelado,4102.31
1012,286,2025-01-14,pagado,2054.43
1013,1834,2024-08-03,pendiente,281.69
1014,1784,2024-09-15,entregado,422.89
1015,1176,2025-11-19,cancelado,2045.43
1016,1911,2025-03-29,cancelado,2719.59
1017,720,2026-02-07,enviado,3536.33
1018,523,2024-03-18,entregado,272.85
1019,1617,2025-07-01,cancelado,2328.1
1020,1219,2025-10-08,enviado,2880.08
1021,424,2024-07-20,entregado,3638.96
1022,1016,2024-07-11,entregado,1309.18
1023,220,2025-11-15,pendiente,1147.54
1024,1875,2025-04-03,pendiente,1856.49
1025,472,2025-11-21,entregado,1026.62
1026,747,2024-10-31,pagado,485.15
1027,3,2024-12-05,enviado,603.12
1028,447,2025-12-16,cancelado,1313.68
1029,1853,2024-12-30,entregado,2663.87
1030,1460,2024-06-27,pagado,1710.0
1031,928,2024-09-18,entregado,4063.9
1032,965,2024-05-15,pendiente,277.91
1033,1750,2024-02-12,entregado,909.8
1034,289,2024-06-11,pagado,898.21
1035,512,2024-07-27,enviado,33.69
1036,1713,2024-12-03,enviado,3763.3
1037,1981,2025-12-03,pagado,248.0
1038,1427,2025-05-23,entregado,4122.27
1039,984,2024-12-05,enviado,3642.79
1040,1955,2025-08-29,pagado,1845.17
1041,1741,2025-04-24,cancelado,1461.13
1042,252,2024-10-17,cancelado,1050.41
1043,174,2025-04-03,pendiente,74.32
1044,1005,2025-12-26,cancelado,2277.46
1045,516,2026-02-10,pendiente,1593.3
1046,1685,2024-11-15,enviado,3795.42
1047,284,2025-07-09,enviado,3557.79
1048,356,2025-10-02,enviado,2512.13
1049,1567,2024-05-22,pagado,346.74
1050,1747,2024-01-02,pagado,2283.86
1051,1905,2025-02-06,cancelado,2816.07
1052,1430,2024-02-07,cancelado,2319.45
1053,630,2025-07-31,pendiente,1110.39
1054,179,2025-07-12,entregado,3636.76
1055,1023,2024-07-19,enviado,2724.63
1056,1132,2025-09-10,enviado,821.95
1057,1916,2024-02-23,enviado,3387.26
1058,127,2024-05-09,enviado,585.65
1059,1439,2025-02-15,entregado,2734.4
1060,1054,2024-12-06,entregado,329.43
1061,1618,2025-10-03,cancelado,3657.7
1062,772,2025-06-26,entregado,1924.61
1063,1792,2026-03-08,cancelado,818.64
1064,926,2024-12-11,pagado,920.84
1065,1428,2025-09-13,entregado,3497.87
1066,1986,2025-11-27,entregado,2734.13
1067,1445,2025-09-10,enviado,1420.78
1068,1400,2024-03-29,entregado,304.14
1069,305,2024-11-05,entregado,639.04
1070,183,2024-07-24,cancelado,2189.7
1071,1494,2024-12-19,cancelado,76.7
1072,1791,2024-04-19,enviado,292.61
1073,1767,2024-03-15,enviado,3282.74
1074,1174,2024-06-20,cancelado,2870.05
1075,308,2024-09-20,pendiente,318.69
1076,1202,2025-07-21,pendiente,2477.77
1077,1369,2025-05-18,pendiente,3907.16
1078,1235,2026-01-04,entregado,2932.47
1079,1451,2024-07-02,pagado,3518.45
1080,754,2026-02-27,pendiente,1869.63
1081,785,2024-10-31,entregado,4005.33
1082,1016,2026-02-20,enviado,4025.07
1083,920,2024-07-03,pagado,3662.75
1084,775,2025-05-29,enviado,2823.0
1085,1311,2024-11-11,pendiente,205.57
1086,696,2024-01-21,pendiente,1332.36
1087,788,2026-01-28,pendiente,2935.58
1088,1811,2025-02-02,pagado,3240.53
1089,556,2025-08-24,pendiente,53.67
1090,173,2024-07-30,entregado,2462.3
1091,436,2024-03-04,entregado,1097.44
1092,17,2025-01-04,enviado,3692.89
1093,1254,2024-09-15,enviado,724.58
1094,1305,2024-02-29,enviado,245.57
1095,1931,2026-02-21,enviado,1257.36
1096,773,2025-09-13,cancelado,2247.3
1097,389,2025-04-17,entregado,1737.71
1098,1231,2025-05-21,entregado,1702.7
1099,924,2025-03-20,cancelado,3664.26
1100,481,2024-09-17,entregado,3551.28
1101,1606,2024-08-05,pendiente,759.76
1102,1458,2024-03-08,pagado,240.56
1103,1500,2025-12-15,pendiente,4081.98
1104,1701,2026-01-01,entregado,1699.86
1105,1238,2025-05-27,entregado,112.01
1106,923,2024-04-29,cancelado,3571.09
1107,1617,2025-04-07,cancelado,864.86
1108,1537,2025-03-24,pagado,1619.19
1109,162,2025-02-16,entregado,3778.33
1110,1792,2026-02-14,cancelado,2347.5
1111,312,2026-01-27,enviado,2485.32
1112,1298,2024-05-23,pagado,115.52
1113,1301,2025-07-08,pendiente,3934.82
1114,1393,2025-01-03,pendiente,2306.82
1115,1005,2025-04-10,entregado,198.98
1116,869,2024-01-07,enviado,1986.34
1117,888,2024-02-23,pagado,2852.14
1118,840,2025-10-21,pendiente,1357.13
1119,721,2025-12-29,cancelado,58.97
1120,509,2025-06-19,pendiente,1949.59
1121,1479,2024-01-29,pagado,170.21
1122,1150,2025-04-16,pagado,1522.54
1123,501,2026-02-03,pagado,3617.68
1124,565,2025-11-09,pagado,3282.67
1125,1510,2025-05-09,enviado,2886.78
1126,557,2024-07-14,cancelado,1088.04
1127,1780,2025-03-27,entregado,1810.09
1128,1241,2025-07-19,enviado,191.75
1129,11,2024-08-01,pagado,3833.66
1130,1310,2024-09-22,pendiente,1673.97
1131,1641,2024-02-12,enviado,3816.58
1132,415,2025-02-09,pendiente,3588.53
1133,1786,2025-01-18,entregado,432.14
1134,1394,2025-04-11,pagado,3350.76
1135,1537,2025-08-14,entregado,242.96
1136,1732,2025-01-15,enviado,670.75
1137,928,2025-02-27,cancelado,1642.28
1138,265,2024-12-07,pagado,3134.49
1139,1994,2025-02-27,entregado,1101.27
1140,1093,2024-10-01,entregado,1679.06
1141,1590,2024-03-21,enviado,4137.9
1142,1331,2025-05-17,pagado,2860.31
1143,1834,2025-12-16,enviado,43.18
1144,1434,2024-07-09,enviado,1063.2
1145,177,2025-10-07,pendiente,74.48
1146,1966,2025-05-16,enviado,2966.53
1147,1985,2025-12-25,pagado,1835.21
1148,88,2025-07-07,pagado,3168.56
1149,1693,2025-07-16,entregado,1773.74
1150,84,2024-07-17,pagado,19.8
1151,1054,2024-11-08,cancelado,2862.12
1152,1171,2024-06-22,cancelado,1880.68
1153,950,2024-07-06,pagado,282.14
1154,1435,2024-07-25,cancelado,3385.85
1155,1786,2025-03-24,entregado,3388.45
1156,1226,2025-08-12,enviado,4121.72
1157,1446,2025-12-16,cancelado,3159.26
1158,393,2024-04-10,cancelado,966.23
1159,749,2024-01-19,enviado,2273.92
1160,679,2025-03-26,cancelado,3548.84
1161,741,2025-08-26,enviado,3150.21
1162,1854,2024-12-16,cancelado,861.42
1163,262,2024-01-08,cancelado,4002.32
1164,1324,2024-11-07,enviado,2526.5
1165,1719,2025-07-20,entregado,2890.72
1166,1531,2024-11-23,pagado,3122.3
1167,319,2026-01-02,pagado,843.28
1168,595,2025-06-22,pendiente,1154.17
1169,1734,2026-02-23,cancelado,3966.13
1170,1695,2024-02-23,enviado,2495.96
1171,95,2024-02-16,entregado,446.67
1172,1116,2024-09-22,pagado,1485.5
1173,751,2025-12-03,entregado,4115.07
1174,1137,2025-12-12,pagado,3368.35
1175,455,2024-07-25,entregado,2409.08
1176,1437,2025-05-06,cancelado,174.1
1177,587,2024-01-28,pendiente,543.34
1178,1927,2025-08-05,pendiente,3696.46
1179,279,2024-11-01,cancelado,1395.59
1180,865,2024-02-15,pagado,4032.91
1181,1339,2025-10-19,pendiente,3493.15
1182,1276,2024-06-20,cancelado,2608.81
1183,39,2026-01-18,enviado,1549.14
1184,1451,2025-12-03,cancelado,1912.38
1185,106,2025-04-27,enviado,1030.2
1186,704,2024-09-30,pagado,1625.62
1187,1475,2024-10-21,pagado,377.5
1188,49,2024-08-11,cancelado,258.58
1189,1470,2025-12-11,entregado,3061.43
1190,424,2025-06-11,pendiente,580.67
1191,1760,2026-02-02,entregado,366.09
1192,1692,2025-10-05,cancelado,2596.64
1193,1961,2024-09-11,enviado,1690.68
1194,1024,2024-11-19,cancelado,2319.39
1195,234,2024-12-21,enviado,3239.6
1196,1123,2025-03-17,entregado,4004.64
1197,659,2025-02-25,cancelado,2615.41
1198,865,2024-07-11,cancelado,3224.63
1199,1531,2024-11-21,pagado,2078.13
1200,1757,2024-05-10,enviado,780.17
1201,1578,2025-08-21,pendiente,544.53
1202,1070,2025-05-30,cancelado,3977.21
1203,921,2025-10-15,pendiente,2507.05
1204,828,2024-09-26,pagado,3197.79
1205,883,2024-02-27,enviado,3188.04
1206,1769,2025-10-07,pagado,1865.98
1207,370,2024-04-03,pagado,3587.91
1208,212,2025-06-02,pendiente,122.46
1209,1017,2025-03-17,enviado,2026.73
1210,663,2025-05-03,pendiente,411.31
1211,1917,2025-03-06,entregado,1206.54
1212,370,2025-02-16,cancelado,4156.48
1213,288,2024-04-11,cancelado,697.32
1214,1781,2026-02-25,enviado,2915.52
1215,1090,2024-09-08,pendiente,721.95
1216,20,2024-08-18,cancelado,4087.76
1217,1338,2024-05-20,pagado,1027.42
1218,1740,2024-05-03,pendiente,3237.76
1219,1350,2024-02-11,cancelado,223.22
1220,724,2024-11-04,enviado,172.57
1221,597,2025-12-12,pagado,2735.25
1222,183,2026-02-25,entregado,745.7
1223,1625,2024-01-31,cancelado,612.04
1224,708,2024-04-15,pendiente,3746.31
1225,940,2025-04-07,cancelado,455.41
1226,1359,2024-08-12,cancelado,1138.63
1227,347,2024-02-22,pagado,3447.41
1228,816,2025-10-08,entregado,3715.96
1229,410,2024-02-24,pendiente,3476.43
1230,1182,2025-08-16,pendiente,1473.59
1231,1561,2024-06-15,cancelado,3525.94
1232,1010,2025-04-17,cancelado,1807.47
1233,1993,2026-01-07,pagado,3441.9
1234,134,2024-04-22,entregado,23.9
1235,110,2025-07-25,cancelado,3164.41
1236,1700,2024-02-15,pendiente,3330.12
1237,1300,2024-04-01,enviado,2032.25
1238,927,2024-12-19,pendiente,1606.74
1239,1585,2024-05-09,pendiente,3259.39
1240,286,2025-12-08,pagado,39.09
1241,25,2024-06-12,pendiente,1980.55
1242,1377,2025-02-04,pendiente,1525.22
1243,1334,2025-11-28,enviado,92.63
1244,1049,2024-03-05,pagado,2201.37
1245,441,2024-09-01,pendiente,37.29
1246,1158,2024-11-13,pagado,324.07
1247,806,2025-05-21,pendiente,3144.59
1248,811,2025-03-29,enviado,2235.11
1249,796,2025-02-07,enviado,341.75
1250,1826,2024-10-07,cancelado,3856.93
1251,1261,2024-01-13,cancelado,1010.41
1252,1375,2025-05-02,entregado,125.2
1253,1981,2025-04-25,entregado,1334.98
1254,1578,2024-03-14,enviado,2384.73
1255,1551,2026-01-16,cancelado,3257.48
1256,1465,2025-10-24,pagado,1858.91
1257,699,2024-04-11,entregado,1041.23
1258,1305,2025-07-10,entregado,975.61
1259,1862,2025-10-23,pendiente,4153.9
1260,1135,2025-10-06,cancelado,2051.14
1261,1517,2025-08-10,entregado,3216.94
1262,1760,2025-04-11,cancelado,1920.18
1263,1998,2025-10-29,pagado,2171.01
1264,298,2024-02-14,entregado,1714.24
1265,618,2024-12-17,pagado,2325.7
1266,1122,2024-06-10,pendiente,452.2
1267,1377,2025-09-30,enviado,423.41
1268,1349,2025-06-21,entregado,1104.8
1269,1554,2024-04-25,pendiente,3247.55
1270,1339,2024-11-03,pagado,3703.82
1271,731,2025-07-06,cancelado,3505.39
1272,1847,2025-11-04,pagado,3872.27
1273,1306,2024-11-23,pendiente,1180.43
1274,1215,2025-06-20,cancelado,3281.02
1275,798,2026-03-10,enviado,1403.08
1276,236,2024-07-20,cancelado,3953.96
1277,1156,2024-12-03,enviado,797.57
1278,366,2024-05-10,cancelado,3449.53
1279,194,2024-08-06,pendiente,1150.51
1280,1940,2025-02-22,pagado,2330.76
1281,1512,2025-04-06,entregado,2036.08
1282,1962,2024-07-26,cancelado,1595.82
1283,493,2024-01-14,pendiente,2812.36
1284,601,2025-03-28,entregado,686.33
1285,343,2024-11-15,cancelado,2386.75
1286,74,2025-11-01,cancelado,779.72
1287,895,2024-08-31,cancelado,3131.48
1288,1015,2025-02-09,pagado,3665.27
1289,451,2025-06-11,entregado,241.63
1290,409,2026-01-23,pagado,80.05
1291,1404,2026-02-15,pendiente,1323.36
1292,758,2025-06-09,pendiente,1871.44
1293,659,2025-06-02,cancelado,3607.07
1294,977,2024-02-24,entregado,182.03
1295,510,2025-12-12,cancelado,1140.47
1296,69,2024-08-11,enviado,659.57
1297,1399,2024-01-10,cancelado,1399.9
1298,1482,2024-02-27,pendiente,1372.94
1299,1465,2024-12-25,entregado,175.91
1300,1004,2024-12-27,pendiente,391.69
1301,1869,2025-12-29,entregado,3360.78
1302,1389,2024-05-10,pagado,4143.41
1303,225,2024-12-16,cancelado,1781.55
1304,684,2026-01-08,enviado,3813.31
1305,803,2024-03-22,cancelado,2644.82
1306,840,2026-01-23,entregado,2558.59
1307,1166,2024-12-04,enviado,383.06
1308,1922,2025-12-16,enviado,1830.15
1309,810,2024-09-15,pendiente,880.11
1310,1567,2025-07-06,cancelado,1596.74
1311,44,2025-05-31,pendiente,1713.51
1312,185,2024-02-15,pagado,4138.04
1313,1129,2025-03-19,pendiente,932.03
1314,1211,2026-01-08,cancelado,669.34
1315,1457,2024-08-28,enviado,2867.8
1316,837,2025-05-28,pendiente,1274.27
1317,1056,2026-01-10,pagado,1276.78
1318,1644,2026-02-26,pendiente,1873.16
1319,213,2025-04-03,cancelado,3800.71
1320,1900,2024-09-26,entregado,3242.64
1321,503,2025-04-25,cancelado,1648.72
1322,351,2025-08-12,enviado,2877.02
1323,451,2025-11-02,entregado,1795.66
1324,296,2026-01-01,pendiente,3529.55
1325,287,2026-02-13,pagado,4020.58
1326,1330,2025-03-11,enviado,2379.49
1327,28,2025-08-27,enviado,2078.01
1328,1902,2025-09-22,enviado,1763.3
1329,1549,2025-11-08,entregado,2499.01
1330,1247,2024-01-10,pagado,2867.51
1331,46,2025-04-26,cancelado,140.63
1332,752,2025-12-01,pagado,1253.65
1333,670,2026-01-04,pagado,3776.96
1334,823,2024-11-02,entregado,3139.55
1335,839,2025-11-28,pendiente,1085.02
1336,1616,2025-05-16,cancelado,1235.93
1337,1472,2024-09-19,enviado,2451.28
1338,937,2024-02-17,pendiente,3190.39
1339,811,2025-06-18,pagado,3619.86
1340,1630,2024-02-19,pagado,327.17
1341,1475,2024-06-23,pagado,48.1
1342,625,2024-03-01,pendiente,1832.47
1343,1148,2024-10-28,pendiente,1607.07
1344,526,2025-05-26,enviado,3805.29
1345,271,2025-06-22,pendiente,2477.22
1346,910,2024-02-23,entregado,1784.28
1347,1241,2024-06-07,pagado,2868.97
1348,690,2025-02-06,enviado,4033.45
1349,1844,2024-10-12,enviado,1329.73
1350,238,2025-05-09,enviado,1710.88
1351,432,2024-04-26,cancelado,637.91
1352,606,2025-12-01,pendiente,3854.52
1353,410,2024-04-03,pendiente,400.43
1354,1049,2026-03-07,enviado,1159.32
1355,1477,2024-11-15,cancelado,544.22
1356,1205,2024-04-26,entregado,1126.83
1357,205,2025-10-15,pagado,4059.92
1358,1547,2025-03-03,enviado,42.04
1359,1349,2025-07-04,pagado,1226.5
1360,1827,2024-05-02,pendiente,2559.83
1361,74,2024-06-11,pendiente,2858.48
1362,47,2024-05-24,enviado,75.66
1363,1944,2026-02-01,pendiente,1560.27
1364,1192,2025-06-14,pagado,1671.04
1365,119,2025-06-06,pendiente,4107.52
1366,444,2024-03-10,enviado,1057.74
1367,1176,2024-06-11,enviado,2837.74
1368,295,2026-01-15,enviado,2808.39
1369,1049,2024-09-15,cancelado,335.25
1370,1393,2025-12-27,enviado,2120.18
1371,310,2025-05-06,pendiente,2583.56
1372,183,2025-10-29,entregado,1648.55
1373,1725,2024-04-16,enviado,413.61
1374,1043,2024-06-09,enviado,2348.95
1375,623,2025-03-17,pagado,2995.78
1376,617,2024-06-02,pendiente,3124.26
1377,546,2024-04-29,cancelado,1148.59
1378,1877,2024-11-15,cancelado,100.12
1379,156,2024-08-29,entregado,1942.12
1380,898,2026-01-13,enviado,3945.26
1381,219,2024-10-29,cancelado,890.67
1382,1479,2025-06-21,pendiente,1963.33
1383,400,2024-05-17,pagado,2794.73
1384,1597,2024-12-22,pagado,3085.34
1385,38,2024-07-02,entregado,3845.71
1386,428,2026-01-27,pendiente,594.79
1387,702,2025-06-14,enviado,837.17
1388,513,2025-10-01,enviado,2717.64
1389,562,2024-04-23,pendiente,901.82
1390,929,2025-05-12,enviado,2212.14
1391,312,2025-11-19,pagado,2695.84
1392,636,2024-08-14,pendiente,1143.35
1393,733,2025-09-14,pagado,617.38
1394,892,2024-03-04,enviado,3817.18
1395,395,2024-08-17,pendiente,1198.77
1396,1912,2025-05-01,entregado,2442.14
1397,185,2024-04-30,pendiente,2303.07
1398,370,2025-04-20,enviado,3626.88
1399,1133,2024-07-26,entregado,837.18
1400,1813,2026-01-10,entregado,1364.63
1401,1018,2025-08-11,entregado,2754.56
1402,1084,2025-08-19,cancelado,1881.72
1403,988,2025-08-04,entregado,3875.6
1404,286,2025-01-24,pendiente,4178.66
1405,1404,2024-10-14,enviado,3379.87
1406,636,2024-05-22,entregado,2379.34
1407,847,2024-09-22,pagado,262.33
1408,760,2025-01-20,enviado,664.6
1409,62,2024-10-08,pagado,2383.34
1410,487,2025-11-21,pendiente,113.64
1411,1145,2024-12-15,enviado,1194.49
1412,1138,2024-03-16,enviado,1073.06
1413,1956,2025-01-30,cancelado,1010.29
1414,623,2024-07-17,pendiente,4028.42
1415,535,2024-05-08,enviado,2951.0
1416,22,2025-06-24,pendiente,2539.0
1417,1590,2025-08-29,pagado,1295.34
1418,474,2025-05-27,cancelado,2654.96
1419,862,2026-03-01,pendiente,2905.77
1420,711,2025-12-07,enviado,2296.0
1421,1717,2024-01-02,pendiente,2010.45
1422,115,2025-07-25,pagado,3224.29
1423,1082,2025-09-11,pagado,2292.24
1424,1109,2024-07-01,enviado,3480.42
1425,190,2024-07-01,pendiente,1859.41
1426,1665,2025-09-03,pendiente,3365.64
1427,508,2025-07-26,cancelado,2609.66
1428,49,2025-01-03,pendiente,3132.65
1429,504,2024-02-15,cancelado,2522.56
1430,1969,2024-06-03,pendiente,587.79
1431,144,2024-11-23,entregado,1805.28
1432,1473,2025-10-07,pendiente,475.48
1433,368,2024-01-24,enviado,164.01
1434,424,2024-09-12,entregado,563.54
1435,1168,2025-01-24,pagado,224.36
1436,1491,2025-04-02,cancelado,1198.45
1437,673,2025-06-25,entregado,803.81
1438,684,2024-05-04,pagado,798.45
1439,1136,2025-07-08,pagado,4044.86
1440,634,2025-04-05,entregado,78.98
1441,49,2024-12-16,enviado,3368.06
1442,955,2025-12-31,enviado,1797.63
1443,1519,2025-07-09,enviado,3493.28
1444,1457,2026-01-26,pendiente,4045.45
1445,1907,2025-12-28,entregado,1916.36
1446,245,2026-01-31,cancelado,983.16
1447,270,2024-06-03,cancelado,74.52
1448,275,2025-08-19,enviado,621.4
1449,1188,2024-03-17,entregado,899.73
1450,908,2026-01-16,entregado,2569.18
1451,201,2025-10-20,cancelado,2117.3
1452,457,2024-07-22,pendiente,3149.01
1453,1827,2024-07-02,enviado,764.58
1454,1759,2025-03-07,cancelado,4137.13
1455,285,2024-11-13,entregado,840.72
1456,772,2025-02-28,entregado,2515.29
1457,1051,2025-07-10,enviado,1166.67
1458,113,2025-10-19,enviado,4080.2
1459,356,2024-11-14,cancelado,631.61
1460,337,2025-03-07,enviado,4068.12
1461,1952,2024-05-27,entregado,2197.39
1462,1848,2025-10-16,enviado,2957.46
1463,1139,2024-12-26,entregado,417.39
1464,1710,2025-06-21,entregado,902.25
1465,220,2025-11-18,pagado,3169.45
1466,1426,2024-04-25,pagado,2969.37
1467,803,2024-03-31,enviado,401.9
1468,1513,2025-09-23,entregado,1097.52
1469,16,2025-12-12,enviado,4185.09
1470,1444,2025-07-14,pagado,3612.93
1471,1836,2024-04-27,entregado,2789.13
1472,100,2024-10-06,cancelado,398.27
1473,220,2025-01-17,cancelado,1093.27
1474,868,2024-07-23,entregado,3189.82
1475,1356,2025-03-27,cancelado,3691.5
1476,1397,2024-11-14,cancelado,3695.48
1477,507,2025-07-06,pagado,2539.61
1478,721,2025-04-04,pendiente,2481.1
1479,374,2024-07-15,pendiente,3521.95
1480,679,2025-08-11,cancelado,4041.67
1481,1014,2024-01-07,pendiente,407.6
1482,182,2024-06-30,pendiente,1671.69
1483,201,2024-06-18,pagado,2782.46
1484,19,2025-02-24,enviado,1689.38
1485,282,2024-04-15,entregado,1950.17
1486,716,2025-04-04,enviado,1126.63
1487,984,2025-02-25,enviado,3661.4
1488,432,2024-06-11,pendiente,3079.18
1489,1689,2024-07-17,cancelado,1833.23
1490,1803,2025-12-28,pendiente,1402.2
1491,1195,2024-03-10,cancelado,4093.96
1492,158,2025-07-01,pendiente,383.48
1493,1036,2025-01-09,pagado,1192.58
1494,1982,2025-12-12,pagado,458.4
1495,634,2024-11-14,pendiente,3292.82
1496,726,2024-05-07,cancelado,581.13
1497,1251,2024-12-28,entregado,1293.43
1498,612,2025-01-26,pendiente,1619.93
1499,727,2024-08-11,pagado,2554.14
1500,83,2024-12-09,pagado,3574.0
1501,1488,2025-07-16,cancelado,2635.7
1502,916,2025-12-30,pendiente,2913.16
1503,307,2025-12-16,cancelado,3960.8
1504,1642,2025-05-30,pendiente,750.1
1505,1736,2024-09-02,pendiente,3097.74
1506,1825,2024-09-23,cancelado,3159.45
1507,1551,2025-12-23,pendiente,1338.06
1508,1515,2024-11-02,pendiente,79.25
1509,1242,2024-02-02,pagado,2408.11
1510,1857,2024-08-15,entregado,2084.43
1511,754,2024-05-05,entregado,1572.92
1512,445,2025-05-25,pagado,3129.64
1513,1517,2025-10-22,pendiente,2021.93
1514,1764,2025-02-09,enviado,2032.47
1515,41,2024-10-22,enviado,2686.42
1516,646,2025-08-07,entregado,149.52
1517,1652,2025-01-17,entregado,100.38
1518,108,2025-04-05,enviado,522.99
1519,1916,2024-03-15,cancelado,2569.93
1520,1950,2024-07-31,enviado,3191.37
1521,1275,2026-02-20,enviado,2328.19
1522,955,2026-02-07,pagado,3278.8
1523,581,2024-12-17,cancelado,2902.38
1524,1992,2024-07-22,pagado,109.99
1525,1623,2025-03-02,entregado,3935.13
1526,98,2025-10-29,pendiente,1607.11
1527,560,2025-02-02,cancelado,2840.74
1528,1493,2026-01-20,enviado,3147.54
1529,284,2025-03-20,pagado,3754.08
1530,780,2024-08-15,pagado,2993.89
1531,987,2024-04-24,cancelado,2922.67
1532,1675,2024-10-13,pendiente,1734.78
1533,917,2025-01-23,pagado,272.42
1534,1956,2025-09-08,entregado,2761.32
1535,856,2025-03-24,cancelado,3714.86
1536,552,2024-03-08,enviado,2731.62
1537,1826,2025-08-31,enviado,3396.37
1538,667,2025-09-26,cancelado,1637.0
1539,970,2024-11-10,entregado,1003.96
1540,481,2025-11-13,enviado,751.24
1541,437,2025-04-01,enviado,3670.68
1542,1995,2026-02-20,entregado,824.18
1543,944,2024-04-24,cancelado,1765.35
1544,1046,2024-06-18,cancelado,1920.4
1545,268,2025-03-07,entregado,344.97
1546,1803,2024-05-19,pagado,4191.59
1547,1085,2024-09-08,pendiente,1043.17
1548,747,2025-08-16,entregado,1705.82
1549,196,2026-02-11,pagado,941.76
1550,23,2024-04-29,enviado,568.58
1551,149,2024-12-01,entregado,3036.57
1552,1943,2024-05-31,enviado,2316.09
1553,1598,2025-01-20,pendiente,2098.94
1554,1549,2025-05-08,entregado,3541.39
1555,1141,2024-08-23,enviado,205.06
1556,1557,2025-04-09,pagado,3083.36
1557,1449,2025-07-15,pendiente,1924.59
1558,45,2025-09-10,entregado,1433.76
1559,872,2024-06-20,cancelado,3925.56
1560,1609,2025-11-21,cancelado,3802.21
1561,1417,2025-12-14,pagado,3821.1
1562,1641,2026-02-17,entregado,2080.09
1563,380,2025-11-11,entregado,3121.34
1564,1522,2026-02-15,entregado,566.73
1565,1690,2024-11-30,enviado,3877.87
1566,1300,2024-05-04,enviado,4198.73
1567,725,2026-03-10,cancelado,1568.5
1568,84,2024-06-02,pagado,3347.73
1569,489,2026-02-12,enviado,910.44
1570,22,2025-08-28,cancelado,201.88
1571,790,2025-06-11,pendiente,3802.56
1572,1614,2025-09-28,pagado,4034.93
1573,1617,2024-05-08,pendiente,787.73
1574,823,2026-01-25,pendiente,1030.38
1575,211,2025-03-20,pagado,2404.28
1576,505,2025-06-01,enviado,690.61
1577,985,2025-04-03,pagado,2373.51
1578,844,2024-02-02,cancelado,2035.8
1579,96,2024-10-31,pendiente,1543.53
1580,1593,2025-11-24,enviado,274.16
1581,1759,2025-10-21,pendiente,1729.06
1582,510,2025-03-30,pagado,99.04
1583,1820,2024-04-16,entregado,1995.43
1584,1367,2025-09-24,pendiente,2263.78
1585,940,2024-10-13,enviado,245.07
1586,1144,2024-06-28,pendiente,2021.4
1587,1631,2025-01-19,entregado,3906.2
1588,1793,2024-06-02,pagado,3487.42
1589,1367,2025-08-12,cancelado,1511.71
1590,1840,2025-01-09,pagado,1059.97
1591,1862,2024-10-24,pendiente,3842.27
1592,1363,2025-07-30,pendiente,3692.76
1593,1815,2024-12-27,pagado,3092.81
1594,912,2026-01-15,pendiente,756.18
1595,157,2025-06-12,cancelado,476.55
1596,1397,2024-07-30,pendiente,3710.3
1597,782,2024-02-09,entregado,474.82
1598,929,2026-01-28,pendiente,151.62
1599,342,2025-06-15,pendiente,3073.5
1600,454,2026-03-10,pagado,3051.99
1601,1441,2024-08-06,pendiente,1432.82
1602,1067,2024-08-25,enviado,788.3
1603,489,2024-06-01,entregado,1766.51
1604,1759,2024-01-03,pendiente,3555.49
1605,240,2024-12-05,pagado,4137.62
1606,1797,2025-10-02,pendiente,188.95
1607,677,2024-10-30,enviado,396.29
1608,744,2024-09-28,enviado,2130.84
1609,26,2025-02-26,entregado,2115.24
1610,1464,2024-03-08,enviado,2839.75
1611,1080,2025-05-01,enviado,1631.47
1612,1997,2024-12-12,pagado,573.36
1613,548,2025-02-22,enviado,3081.54
1614,1208,2024-09-29,pagado,2145.98
1615,193,2024-03-24,enviado,891.13
1616,943,2025-09-01,cancelado,1726.39
1617,346,2025-12-27,entregado,1655.0
1618,358,2024-11-13,cancelado,2336.09
1619,1019,2025-10-10,enviado,1252.07
1620,1583,2025-05-22,cancelado,2504.88
1621,1245,2025-09-15,pagado,3099.21
1622,874,2026-02-15,pendiente,3807.25
1623,240,2024-03-12,pagado,1509.29
1624,1483,2024-10-25,pagado,2294.85
1625,493,2025-10-26,pagado,2151.87
1626,568,2025-06-30,enviado,2081.39
1627,785,2024-12-06,pendiente,2014.75
1628,452,2024-01-31,pendiente,965.13
1629,654,2025-03-25,pendiente,2365.87
1630,579,2024-03-13,enviado,3896.5
1631,1651,2026-01-21,pendiente,2575.91
1632,1642,2024-11-29,pendiente,365.49
1633,1398,2025-07-20,pagado,651.47
1634,641,2024-08-12,entregado,2986.22
1635,158,2025-05-08,entregado,730.71
1636,245,2025-08-01,enviado,1564.37
1637,177,2024-06-14,cancelado,877.78
1638,862,2025-04-23,pendiente,3018.19
1639,656,2025-02-25,cancelado,1292.32
1640,1722,2025-06-21,entregado,2476.12
1641,950,2025-09-22,entregado,1738.97
1642,1419,2024-05-03,pagado,2015.66
1643,1062,2025-12-13,pagado,2411.13
1644,715,2025-05-18,enviado,794.02
1645,730,2024-09-11,enviado,276.12
1646,1176,2025-09-06,pendiente,140.3
1647,287,2024-10-28,pendiente,3515.65
1648,120,2026-02-28,enviado,1134.19
1649,368,2024-12-17,enviado,1129.13
1650,238,2025-06-18,pendiente,3668.22
1651,950,2025-03-25,enviado,1732.33
1652,1377,2024-12-17,pendiente,3839.95
1653,1798,2024-08-26,pagado,3033.44
1654,103,2025-05-31,pendiente,2623.35
1655,1526,2024-09-05,pendiente,1161.53
1656,163,2025-09-03,entregado,140.87
1657,979,2025-06-15,pagado,1273.05
1658,865,2024-11-10,cancelado,864.99
1659,636,2024-10-07,cancelado,2071.27
1660,454,2026-03-05,enviado,25.69
1661,1613,2024-02-25,pagado,3699.62
1662,1238,2025-11-23,entregado,3810.9
1663,682,2024-10-25,enviado,3072.87
1664,1649,2026-01-26,pendiente,917.77
1665,42,2024-10-31,entregado,1352.92
1666,1069,2026-03-08,pagado,254.57
1667,1546,2026-01-28,cancelado,416.93
1668,1944,2025-01-30,pagado,655.41
1669,1085,2024-05-18,pagado,4011.9
1670,267,2024-12-10,enviado,606.72
1671,1942,2024-12-07,entregado,1267.18
1672,307,2025-02-24,entregado,1201.68
1673,1306,2024-10-16,enviado,3886.57
1674,892,2024-07-17,enviado,2201.73
1675,969,2025-04-18,entregado,2693.5
1676,373,2025-12-27,enviado,69.06
1677,1663,2024-01-28,enviado,4095.8
1678,377,2025-07-08,pendiente,2585.15
1679,1872,2024-03-06,cancelado,449.08
1680,395,2025-05-08,cancelado,1180.04
1681,1862,2024-06-13,entregado,3872.93
1682,722,2025-01-28,enviado,2445.63
1683,197,2025-02-02,enviado,144.34
1684,1806,2025-03-26,pagado,3253.9
1685,1249,2026-02-26,enviado,1192.25
1686,120,2024-08-04,cancelado,2700.3
1687,805,2024-09-10,cancelado,542.61
1688,628,2024-03-11,enviado,2320.83
1689,679,2025-06-14,pagado,2395.64
1690,966,2024-09-11,pagado,3403.11
1691,930,2026-03-02,entregado,3244.62
1692,991,2024-09-17,cancelado,2798.42
1693,1825,2025-10-31,enviado,2436.2
1694,1669,2025-07-06,pendiente,3017.44
1695,273,2024-12-04,entregado,2239.27
1696,1806,2024-05-24,entregado,2011.36
1697,1092,2025-11-20,cancelado,950.79
1698,1472,2025-02-18,pagado,3197.27
1699,1355,2024-03-16,pendiente,677.46
1700,1468,2026-03-04,entregado,1288.35
1701,1618,2026-01-25,pendiente,497.35
1702,10,2025-03-05,enviado,1725.15
1703,870,2024-08-24,pagado,109.98
1704,228,2024-10-03,entregado,3129.21
1705,1185,2025-08-29,cancelado,3062.29
1706,1769,2024-10-10,enviado,1989.59
1707,1170,2025-09-22,cancelado,1917.26
1708,1028,2024-05-28,entregado,1345.86
1709,319,2025-11-26,pagado,2329.86
1710,1135,2025-08-30,pagado,3794.75
1711,1310,2024-05-18,pagado,248.82
1712,1736,2026-01-13,enviado,3499.28
1713,505,2024-05-29,enviado,3483.7
1714,1876,2024-02-21,entregado,2142.9
1715,1089,2024-12-10,enviado,1998.84
1716,725,2025-07-07,entregado,3465.09
1717,1262,2024-12-07,entregado,1527.33
1718,1167,2024-04-01,pagado,3130.53
1719,85,2025-01-01,entregado,2709.7
1720,260,2025-03-10,enviado,1167.21
1721,129,2024-09-02,enviado,4052.95
1722,1360,2025-03-17,pagado,3634.67
1723,1810,2026-01-04,pendiente,1422.62
1724,1244,2024-06-18,enviado,717.83
1725,162,2025-07-04,entregado,762.85
1726,8,2025-10-30,cancelado,3865.52
1727,1956,2025-07-19,enviado,1294.44
1728,1971,2024-08-06,cancelado,2926.53
1729,1697,2025-04-04,enviado,1479.64
1730,963,2024-07-21,enviado,3445.28
1731,224,2024-09-17,enviado,3619.67
1732,729,2025-05-02,pagado,2071.61
1733,1639,2024-01-02,cancelado,4058.43
1734,1344,2025-12-14,cancelado,2931.41
1735,1349,2024-02-10,enviado,2047.93
1736,58,2025-05-26,pendiente,2464.6
1737,52,2026-02-11,cancelado,3716.08
1738,1468,2025-06-06,cancelado,782.29
1739,582,2024-05-02,entregado,111.44
1740,1258,2025-12-13,cancelado,502.2
1741,945,2025-10-05,entregado,1778.51
1742,1486,2025-07-05,enviado,668.12
1743,574,2025-11-21,enviado,3655.03
1744,95,2025-09-21,entregado,759.87
1745,1182,2025-04-01,pendiente,65.52
1746,755,2025-06-10,enviado,1691.18
1747,696,2025-02-25,enviado,1786.27
1748,1558,2024-09-10,pagado,1190.84
1749,217,2025-09-20,pagado,2925.77
1750,1118,2024-11-25,pagado,2566.28
1751,1270,2024-11-02,pagado,255.66
1752,402,2025-12-15,enviado,3745.1
1753,852,2025-06-09,enviado,3456.86
1754,919,2024-11-17,cancelado,2871.77
1755,344,2026-02-15,pagado,3386.88
1756,776,2025-01-25,cancelado,2542.71
1757,1276,2024-08-14,cancelado,3893.93
1758,1414,2025-06-21,entregado,912.86
1759,787,2026-01-03,pendiente,2910.86
1760,92,2024-01-26,cancelado,314.03
1761,1348,2025-10-02,enviado,3666.4
1762,1796,2024-10-13,enviado,192.41
1763,1189,2025-10-28,entregado,1681.6
1764,458,2025-03-15,pagado,379.13
1765,1016,2024-08-18,pendiente,1052.09
1766,818,2024-07-14,pagado,1467.59
1767,881,2024-08-21,cancelado,372.09
1768,995,2025-01-18,entregado,3808.35
1769,1069,2024-09-13,enviado,3718.95
1770,429,2025-03-11,pagado,1006.08
1771,733,2024-01-19,pendiente,442.28
1772,375,2024-10-04,pendiente,2650.89
1773,831,2024-03-09,enviado,1709.37
1774,349,2026-01-20,cancelado,1484.86
1775,311,2025-09-04,pendiente,2048.62
1776,1604,2025-02-02,entregado,4059.54
1777,387,2024-06-25,enviado,2074.23
1778,287,2025-11-06,pagado,1278.45
1779,1902,2025-08-13,entregado,3254.69
1780,356,2025-04-19,cancelado,1936.34
1781,1659,2024-04-02,pagado,501.04
1782,1408,2026-03-01,enviado,1733.21
1783,1931,2025-03-29,pendiente,1223.39
1784,308,2025-03-31,pendiente,2466.56
1785,617,2024-03-29,pagado,351.59
1786,951,2024-09-03,enviado,2707.83
1787,394,2025-10-10,pendiente,2806.44
1788,1548,2026-01-26,pagado,2607.35
1789,1324,2025-07-08,entregado,474.48
1790,1854,2025-12-24,enviado,215.93
1791,1907,2024-06-16,entregado,124.18
1792,1169,2026-02-26,enviado,2358.56
1793,532,2026-02-05,entregado,2183.75
1794,235,2024-10-06,cancelado,53.63
1795,1877,2024-10-04,cancelado,1026.77
1796,597,2024-05-15,enviado,968.38
1797,811,2024-10-27,enviado,2807.34
1798,1573,2025-07-03,cancelado,3400.85
1799,981,2026-02-25,enviado,1234.38
1800,584,2024-04-27,enviado,583.19
1801,418,2024-03-17,pendiente,1649.86
1802,1376,2024-08-24,enviado,585.07
1803,126,2024-09-06,entregado,2489.55
1804,1870,2024-10-30,cancelado,2844.23
1805,1007,2024-09-03,entregado,3558.07
1806,575,2024-06-25,pendiente,2511.43
1807,1095,2024-02-11,pagado,2425.42
1808,1687,2024-06-16,pagado,1303.2
1809,1869,2024-08-07,enviado,3784.91
1810,1644,2025-08-21,cancelado,2827.85
1811,43,2025-12-29,enviado,1257.7
1812,242,2024-05-06,cancelado,2004.98
1813,88,2025-10-26,entregado,1012.69
1814,742,2024-05-10,enviado,3389.52
1815,1501,2025-11-27,entregado,3739.42
1816,330,2025-05-17,entregado,2876.01
1817,12,2025-07-06,enviado,2048.25
1818,1323,2024-08-11,enviado,1642.1
1819,1535,2025-09-15,pagado,4165.42
1820,1627,2026-01-21,pagado,4037.73
1821,721,2025-06-21,pendiente,3035.79
1822,1133,2024-09-04,cancelado,2587.06
1823,947,2024-02-05,enviado,311.24
1824,192,2025-08-23,pendiente,2490.85
1825,1283,2026-02-13,enviado,717.97
1826,131,2026-03-02,cancelado,2083.47
1827,1238,2025-07-29,cancelado,4098.93
1828,1309,2024-02-13,cancelado,3388.82
1829,816,2024-06-26,cancelado,185.05
1830,1622,2025-06-26,entregado,2915.9
1831,477,2025-08-19,cancelado,2748.93
1832,1169,2025-03-18,pendiente,2540.69
1833,436,2024-09-02,entregado,3791.95
1834,231,2025-10-21,enviado,947.73
1835,917,2024-06-17,enviado,2168.23
1836,486,2024-08-21,enviado,3025.64
1837,858,2025-10-06,cancelado,1071.95
1838,356,2024-04-09,cancelado,214.01
1839,69,2025-01-10,entregado,2337.69
1840,1803,2025-03-24,cancelado,1202.36
1841,619,2025-07-01,enviado,3868.94
1842,498,2024-10-15,pendiente,1955.4
1843,470,2024-08-27,enviado,915.85
1844,1568,2025-08-30,cancelado,3679.7
1845,436,2024-08-28,entregado,1093.67
1846,1331,2024-08-01,cancelado,2771.22
1847,1220,2025-12-13,entregado,1009.08
1848,1333,2024-12-06,cancelado,420.99
1849,1569,2025-02-18,pendiente,3960.53
1850,194,2025-10-17,pendiente,3221.93
1851,1400,2025-03-10,cancelado,991.6
1852,1968,2025-11-21,pendiente,2303.79
1853,1141,2026-01-26,entregado,67.53
1854,1416,2025-03-10,entregado,2067.6
1855,1034,2024-05-17,entregado,922.04
1856,919,2024-07-27,enviado,3585.83
1857,136,2025-09-05,pendiente,2409.68
1858,1837,2024-09-16,pagado,2362.5
1859,854,2025-02-27,pagado,113.7
1860,180,2024-01-13,entregado,3509.42
1861,348,2024-03-02,enviado,2716.71
1862,404,2025-04-22,enviado,2921.69
1863,1580,2024-07-01,pendiente,2733.94
1864,1573,2024-02-16,pendiente,3332.65
1865,1667,2024-04-06,enviado,43.01
1866,1769,2025-05-14,pendiente,1206.84
1867,1871,2025-09-18,pagado,3468.85
1868,1979,2024-06-26,pendiente,1453.5
1869,646,2026-01-16,pendiente,3603.45
1870,1356,2024-01-30,pendiente,2471.78
1871,142,2024-10-18,entregado,1502.64
1872,999,2024-05-05,enviado,3791.5
1873,1350,2025-01-09,pendiente,3295.2
1874,1024,2025-07-31,enviado,1084.03
1875,169,2024-01-31,entregado,3390.55
1876,646,2026-01-31,pendiente,1640.27
1877,1444,2026-03-09,enviado,3636.22
1878,1351,2024-09-18,pendiente,3227.83
1879,657,2025-01-06,cancelado,3117.22
1880,1404,2025-02-12,enviado,3990.81
1881,54,2024-03-02,pendiente,1941.5
1882,1756,2024-12-23,entregado,1574.39
1883,992,2024-04-02,pagado,2329.88
1884,1350,2025-11-22,cancelado,971.79
1885,583,2025-10-05,cancelado,1488.03
1886,1603,2025-01-01,pagado,4026.7
1887,1269,2026-02-12,pagado,1964.39
1888,455,2025-09-09,pendiente,3233.94
1889,989,2025-02-22,entregado,3587.73
1890,12,2024-10-27,pendiente,848.65
1891,526,2024-08-01,pagado,395.96
1892,604,2024-08-25,pendiente,1661.21
1893,1962,2025-08-15,enviado,1705.04
1894,47,2025-06-21,cancelado,2489.37
1895,711,2025-06-24,pagado,3010.33
1896,887,2024-05-25,pendiente,396.25
1897,1483,2024-01-24,cancelado,3131.64
1898,1179,2024-01-09,pendiente,1243.3
1899,1930,2025-09-16,enviado,3191.84
1900,863,2025-01-19,pagado,3023.44
1901,276,2024-01-07,pagado,3004.58
1902,727,2024-04-02,pagado,2140.43
1903,1363,2024-09-30,cancelado,2999.76
1904,1019,2026-03-07,enviado,1331.63
1905,1950,2024-04-23,enviado,2562.83
1906,1905,2026-01-06,pagado,1045.36
1907,1902,2024-07-02,cancelado,2775.82
1908,199,2024-09-12,cancelado,3902.97
1909,697,2024-09-28,enviado,2912.56
1910,1992,2025-04-16,enviado,997.52
1911,1232,2024-01-01,entregado,3330.77
1912,304,2025-07-26,cancelado,1922.17
1913,906,2025-07-27,enviado,2042.73
1914,471,2024-03-21,pendiente,2896.94
1915,635,2024-05-28,pagado,1174.47
1916,349,2024-09-26,pagado,4008.08
1917,1837,2024-04-10,pendiente,1375.53
1918,882,2025-03-13,cancelado,4117.34
1919,1050,2025-03-11,entregado,299.44
1920,446,2024-01-06,entregado,2914.38
1921,1132,2025-02-25,pendiente,1027.05
1922,1249,2026-01-30,pagado,3672.25
1923,616,2024-10-05,pendiente,4040.34
1924,979,2024-06-18,enviado,4104.73
1925,607,2024-01-06,pendiente,3346.21
1926,1882,2024-01-31,cancelado,1728.81
1927,1056,2024-12-17,cancelado,475.77
1928,50,2024-02-28,pendiente,4056.32
1929,1073,2025-06-10,pendiente,1815.99
1930,1094,2024-07-27,enviado,1792.71
1931,362,2024-11-29,entregado,1753.45
1932,1399,2025-12-24,pagado,1331.33
1933,306,2025-01-23,pendiente,4158.25
1934,795,2024-11-17,pagado,3607.32
1935,399,2024-12-07,cancelado,2833.23
1936,624,2024-10-18,pendiente,1866.19
1937,368,2025-11-30,pagado,2155.17
1938,1230,2024-04-04,entregado,1777.43
1939,1502,2025-10-21,cancelado,447.87
1940,1308,2024-04-30,entregado,3694.74
1941,322,2025-04-18,pendiente,1869.22
1942,1977,2024-10-15,pagado,3148.89
1943,237,2024-09-06,pendiente,1198.22
1944,1264,2024-02-29,cancelado,3977.36
1945,225,2024-01-28,enviado,3704.63
1946,1571,2025-05-15,pagado,1534.44
1947,1271,2024-06-06,enviado,1873.15
1948,344,2026-01-25,pendiente,141.42
1949,178,2025-07-18,enviado,1701.61
1950,1963,2024-08-06,pendiente,1660.05
1951,1138,2024-01-17,pendiente,3635.93
1952,1008,2025-03-26,entregado,1241.75
1953,21,2025-03-26,pendiente,3851.17
1954,772,2024-01-25,cancelado,225.01
1955,1987,2024-05-06,entregado,1486.66
1956,642,2024-09-28,entregado,3451.39
1957,1486,2024-01-17,enviado,3265.2
1958,1450,2024-07-02,pagado,515.75
1959,742,2025-10-19,entregado,2685.24
1960,505,2024-07-17,entregado,859.09
1961,967,2024-09-22,pendiente,3387.14
1962,1261,2024-11-13,pagado,3339.98
1963,1169,2024-05-12,enviado,1052.36
1964,82,2025-12-25,entregado,4047.19
1965,427,2024-10-12,pagado,663.78
1966,1302,2025-04-11,cancelado,4003.45
1967,133,2024-04-15,cancelado,4063.03
1968,2,2025-11-23,pendiente,323.69
1969,1943,2025-04-03,enviado,1234.94
1970,1791,2025-03-21,entregado,3002.58
1971,1024,2025-08-13,enviado,2675.21
1972,103,2026-03-08,cancelado,3859.69
1973,1729,2024-04-07,enviado,3678.45
1974,244,2024-06-11,entregado,2893.61
1975,982,2024-01-29,entregado,3930.96
1976,1591,2025-04-28,pendiente,2460.43
1977,354,2025-08-29,entregado,3054.06
1978,1718,2025-05-07,pagado,4144.43
1979,1415,2024-07-07,entregado,1460.68
1980,240,2024-11-15,entregado,3078.52
1981,997,2024-07-06,pagado,2180.85
1982,1947,2025-01-11,entregado,2253.84
1983,1290,2025-01-02,pendiente,509.7
1984,69,2025-10-17,pendiente,1157.62
1985,1165,2024-05-19,pagado,2380.52
1986,1317,2025-01-03,enviado,2468.49
1987,422,2024-06-25,entregado,539.8
1988,550,2026-02-06,pagado,2597.32
1989,41,2024-08-01,enviado,4100.63
1990,1731,2025-05-23,enviado,2889.53
1991,1928,2024-07-06,pagado,1411.14
1992,1010,2024-12-09,pendiente,3657.21
1993,1520,2025-02-16,cancelado,1170.43
1994,866,2025-09-21,entregado,2638.14
1995,765,2024-05-24,pendiente,215.94
1996,1045,2025-09-08,cancelado,1342.12
1997,402,2026-01-09,enviado,1299.49
1998,205,2025-11-25,cancelado,545.73
1999,632,2024-06-14,pendiente,3583.85
2000,1584,2024-04-07,enviado,3935.13
2001,106,2025-01-10,cancelado,2430.25
2002,1485,2024-11-30,cancelado,1705.22
2003,748,2025-12-22,pendiente,3492.51
2004,1643,2025-02-26,enviado,57.78
2005,1920,2024-11-12,entregado,2904.75
2006,1396,2025-01-27,cancelado,2245.78
2007,1071,2024-12-24,enviado,1168.29
2008,831,2025-06-07,enviado,2490.26
2009,557,2024-10-04,enviado,2041.21
2010,1536,2025-06-26,pendiente,3763.88
2011,1272,2024-06-21,pendiente,3435.26
2012,1578,2024-06-01,cancelado,3405.01
2013,194,2025-04-18,pendiente,1486.28
2014,1829,2024-03-25,enviado,2542.7
2015,1787,2026-03-05,cancelado,679.04
2016,671,2024-05-21,entregado,483.95
2017,1037,2025-04-17,pendiente,1666.34
2018,1360,2025-06-14,pagado,2290.15
2019,306,2024-06-25,pendiente,1191.02
2020,1223,2026-01-30,pendiente,1206.39
2021,419,2025-04-17,pendiente,1984.21
2022,1315,2025-07-31,enviado,3708.99
2023,1315,2025-01-29,pendiente,2986.36
2024,1658,2024-04-28,entregado,606.95
2025,834,2024-12-12,enviado,3183.06
2026,1066,2025-02-20,pagado,962.26
2027,1285,2025-07-29,pagado,2831.03
2028,180,2025-02-15,entregado,1369.44
2029,420,2024-10-04,pagado,3099.48
2030,576,2025-02-19,pendiente,2634.72
2031,1277,2024-06-01,enviado,1424.12
2032,1651,2024-12-09,entregado,1266.84
2033,1249,2024-08-10,entregado,4097.64
2034,1211,2024-04-19,cancelado,269.55
2035,1920,2024-02-27,cancelado,1585.64
2036,1125,2025-05-21,pagado,2401.65
2037,1560,2025-06-26,enviado,2299.95
2038,1085,2025-07-06,cancelado,4160.7
2039,1111,2025-06-15,cancelado,1031.04
2040,526,2024-05-14,enviado,3510.56
2041,263,2026-01-12,cancelado,2595.04
2042,1817,2024-05-13,cancelado,1035.24
2043,1549,2024-08-07,cancelado,318.39
2044,38,2025-05-09,entregado,2745.87
2045,1741,2024-11-29,entregado,388.54
2046,876,2026-02-06,pagado,1390.89
2047,1694,2026-01-15,cancelado,2313.3
2048,1799,2025-05-26,cancelado,4088.58
2049,1892,2024-03-07,entregado,2015.99
2050,1501,2025-01-05,pendiente,3683.6
2051,1355,2026-01-29,entregado,2552.34
2052,1528,2025-04-23,entregado,2912.2
2053,1925,2024-02-01,pagado,2119.49
2054,1666,2024-12-11,entregado,491.43
2055,1389,2024-06-20,pendiente,3274.33
2056,740,2024-05-12,pagado,3178.78
2057,1234,2025-09-21,enviado,256.8
2058,1600,2026-01-06,enviado,2270.98
2059,131,2025-05-23,pagado,1139.77
2060,814,2025-11-22,enviado,1252.44
2061,859,2025-06-14,entregado,1235.57
2062,1635,2025-02-16,cancelado,2084.77
2063,1946,2025-03-07,cancelado,53.83
2064,159,2024-05-18,entregado,1252.54
2065,241,2024-01-16,cancelado,3182.65
2066,1068,2025-12-28,enviado,2064.46
2067,255,2026-03-05,pendiente,1813.5
2068,692,2024-07-15,entregado,2849.83
2069,1399,2024-03-19,pagado,4138.23
2070,810,2025-11-07,entregado,391.8
2071,870,2025-11-15,entregado,2719.78
2072,1165,2025-09-04,pagado,239.33
2073,33,2025-12-29,pagado,879.1
2074,470,2025-03-10,entregado,3780.71
2075,951,2025-06-30,pagado,3801.35
2076,1285,2026-01-14,cancelado,1388.67
2077,1271,2025-12-27,entregado,2224.17
2078,532,2025-04-18,entregado,2064.01
2079,506,2025-12-29,enviado,410.01
2080,566,2025-06-10,enviado,3329.73
2081,246,2024-12-27,pagado,1007.16
2082,23,2024-04-04,pagado,2629.69
2083,1749,2024-05-29,pagado,1454.24
2084,629,2025-01-12,cancelado,3856.82
2085,1538,2025-07-02,enviado,4030.56
2086,463,2024-07-31,cancelado,4092.94
2087,1775,2024-08-09,cancelado,3829.91
2088,614,2024-03-18,pagado,2228.78
2089,207,2024-01-25,entregado,959.43
2090,336,2026-02-24,pagado,3829.82
2091,1977,2024-04-28,entregado,1205.19
2092,1245,2024-05-06,enviado,680.34
2093,648,2025-09-11,pagado,2865.07
2094,1922,2024-10-14,pendiente,1611.66
2095,843,2025-03-16,cancelado,435.92
2096,1488,2024-11-12,pendiente,3669.2
2097,980,2024-07-17,enviado,3194.0
2098,1610,2024-09-10,pendiente,2583.07
2099,1463,2025-08-30,entregado,3224.96
2100,1956,2025-05-27,pagado,1836.13
2101,1422,2024-11-29,entregado,1326.57
2102,1891,2026-03-03,pagado,582.51
2103,954,2025-09-29,pagado,363.8
2104,1088,2026-02-25,entregado,1452.86
2105,447,2024-12-04,pendiente,250.91
2106,1164,2024-11-05,entregado,2257.82
2107,728,2024-01-18,pagado,4190.99
2108,1216,2025-05-26,entregado,2051.39
2109,1191,2025-03-07,entregado,2167.62
2110,535,2025-10-09,cancelado,2358.52
2111,129,2025-12-26,enviado,2174.49
2112,1546,2026-02-16,pendiente,3636.53
2113,68,2024-08-18,pendiente,90.43
2114,708,2024-01-10,pagado,3672.24
2115,86,2025-05-17,enviado,425.35
2116,1400,2024-02-14,pendiente,3882.48
2117,1529,2024-05-01,pendiente,343.95
2118,941,2025-01-22,pendiente,1986.51
2119,892,2024-08-31,cancelado,3157.99
2120,815,2024-02-14,pendiente,3991.96
2121,1145,2025-02-26,enviado,2745.09
2122,437,2024-06-26,entregado,622.52
2123,536,2024-12-27,pendiente,629.35
2124,1977,2024-02-11,entregado,1021.99
2125,411,2024-07-29,enviado,232.7
2126,1771,2024-05-30,entregado,4087.71
2127,467,2024-03-23,cancelado,876.38
2128,1193,2025-06-22,cancelado,1522.62
2129,1881,2026-02-09,cancelado,1303.53
2130,1240,2024-11-11,cancelado,3801.66
2131,1039,2025-12-08,pendiente,2059.55
2132,1895,2024-12-31,cancelado,628.19
2133,936,2024-02-24,cancelado,2175.68
2134,1237,2025-04-16,enviado,2422.92
2135,1933,2025-04-05,entregado,3611.74
2136,1929,2025-05-17,pagado,3969.22
2137,1317,2024-07-17,cancelado,4192.33
2138,1435,2024-04-08,enviado,3787.1
2139,251,2025-12-14,cancelado,2027.53
2140,651,2024-10-31,pagado,879.0
2141,1164,2024-01-15,enviado,2655.64
2142,1495,2024-01-27,pendiente,3236.41
2143,699,2025-07-21,pendiente,40.79
2144,1553,2025-09-04,enviado,3237.25
2145,1894,2025-01-07,pendiente,2028.17
2146,1501,2024-06-14,pendiente,2214.03
2147,916,2024-04-29,cancelado,1799.59
2148,1853,2025-01-24,pendiente,1775.72
2149,525,2026-01-16,enviado,896.89
2150,1997,2025-02-14,enviado,2402.12
2151,212,2024-06-20,entregado,59.46
2152,598,2024-02-24,enviado,3852.75
2153,284,2024-08-20,pendiente,775.57
2154,824,2024-09-27,cancelado,3874.53
2155,1892,2025-03-01,pendiente,3032.21
2156,1885,2026-03-05,enviado,1430.42
2157,1996,2025-01-06,pendiente,3654.14
2158,1861,2024-09-20,cancelado,2880.61
2159,661,2025-12-23,enviado,1487.89
2160,890,2025-10-12,enviado,3915.38
2161,806,2025-05-24,pagado,3002.05
2162,849,2024-02-11,pagado,2167.42
2163,1684,2024-07-31,cancelado,1630.28
2164,1891,2024-06-28,entregado,3725.15
2165,1532,2026-03-10,pagado,623.41
2166,958,2025-03-09,entregado,452.86
2167,229,2025-04-30,pendiente,2840.69
2168,1766,2025-12-17,enviado,1797.97
2169,1235,2024-12-10,enviado,3097.13
2170,1483,2024-04-28,entregado,3132.07
2171,1844,2024-12-08,cancelado,3886.41
2172,1712,2024-04-27,enviado,2361.67
2173,1424,2024-02-16,enviado,2296.85
2174,1150,2025-09-17,entregado,1992.5
2175,411,2025-11-02,entregado,144.13
2176,684,2025-08-05,entregado,1948.43
2177,590,2025-08-04,enviado,1926.75
2178,1010,2025-03-05,enviado,4144.04
2179,1832,2025-07-13,pagado,3291.3
2180,1969,2024-07-26,entregado,1644.4
2181,809,2025-02-02,enviado,3816.44
2182,1806,2024-09-22,entregado,2747.15
2183,1356,2025-05-01,entregado,1825.23
2184,249,2025-05-26,entregado,1783.97
2185,1374,2025-02-05,pagado,3772.83
2186,910,2024-02-11,pagado,1303.51
2187,1370,2024-07-08,enviado,88.73
2188,516,2024-05-09,pagado,2974.91
2189,1485,2025-02-01,entregado,3577.45
2190,866,2025-07-20,enviado,1906.41
2191,450,2025-10-21,pendiente,2042.82
2192,1729,2025-08-29,pendiente,878.03
2193,68,2026-01-23,entregado,3724.92
2194,1566,2026-01-18,entregado,613.73
2195,87,2025-09-19,enviado,704.63
2196,872,2025-11-04,entregado,678.55
2197,1371,2025-04-30,pendiente,1733.56
2198,88,2025-07-15,entregado,1186.29
2199,1841,2024-09-14,cancelado,2099.43
2200,488,2024-02-25,entregado,2451.23
2201,1888,2024-08-04,cancelado,2650.99
2202,509,2024-05-06,enviado,1599.75
2203,928,2025-07-10,pendiente,1733.97
2204,762,2024-03-01,pendiente,1305.23
2205,1681,2024-05-09,pendiente,3447.45
2206,1834,2024-06-28,enviado,1222.65
2207,1950,2025-02-13,pendiente,3989.88
2208,926,2025-10-27,enviado,940.75
2209,119,2024-07-09,pagado,2775.28
2210,237,2024-05-24,pendiente,3086.38
2211,446,2025-10-02,pagado,2761.49
2212,424,2024-09-02,enviado,444.52
2213,1799,2024-09-14,cancelado,2557.77
2214,473,2026-03-07,cancelado,1704.59
2215,34,2024-05-19,pendiente,1112.32
2216,1635,2025-05-09,cancelado,2585.79
2217,180,2025-12-22,cancelado,3711.58
2218,1716,2025-04-13,pendiente,2911.74
2219,1593,2025-10-12,entregado,3885.27
2220,340,2025-03-15,pagado,2330.94
2221,276,2026-03-06,entregado,3386.97
2222,86,2024-04-21,cancelado,1540.86
2223,324,2025-01-25,enviado,3190.41
2224,1509,2025-02-19,pendiente,2884.08
2225,1466,2025-02-10,pagado,3060.98
2226,1594,2025-04-29,cancelado,3049.6
2227,546,2024-03-22,enviado,1512.66
2228,953,2025-09-28,entregado,2390.29
2229,175,2025-05-28,pagado,3477.14
2230,447,2024-06-28,entregado,2674.08
2231,1704,2025-01-01,entregado,2484.7
2232,927,2024-08-31,cancelado,82.46
2233,1602,2024-04-12,enviado,2691.18
2234,295,2025-12-28,cancelado,3743.49
2235,1383,2025-03-31,cancelado,3209.32
2236,1406,2024-11-30,pagado,177.15
2237,516,2025-10-28,enviado,1209.15
2238,288,2025-09-07,cancelado,116.68
2239,1483,2025-10-08,enviado,55.94
2240,1375,2024-05-26,enviado,549.49
2241,1887,2025-03-15,entregado,408.77
2242,1985,2026-02-14,entregado,3773.93
2243,1570,2025-05-28,pendiente,3453.02
2244,809,2024-01-02,cancelado,1462.83
2245,1466,2024-01-27,enviado,3189.16
2246,74,2025-08-07,enviado,4008.81
2247,1887,2024-10-31,entregado,2240.65
2248,713,2025-02-08,enviado,1090.06
2249,1726,2025-02-21,enviado,2037.99
2250,1092,2026-01-18,enviado,153.41
2251,1760,2024-09-27,cancelado,2167.92
2252,182,2024-09-10,pendiente,1425.46
2253,549,2026-01-29,cancelado,3014.88
2254,163,2025-05-17,enviado,1054.3
2255,1449,2024-10-27,cancelado,1697.83
2256,1506,2024-09-23,entregado,1405.48
2257,486,2026-03-02,pendiente,2861.01
2258,1982,2024-11-26,cancelado,2538.35
2259,1590,2025-01-31,pendiente,2955.88
2260,1790,2024-08-29,pendiente,1597.84
2261,1933,2024-10-16,cancelado,2409.37
2262,1692,2024-12-29,pagado,2795.69
2263,1998,2025-03-13,cancelado,795.16
2264,1368,2025-12-06,enviado,4088.85
2265,1824,2025-10-18,enviado,1554.55
2266,407,2024-02-15,pagado,579.75
2267,1448,2025-05-03,cancelado,407.81
2268,442,2024-07-26,pendiente,303.63
2269,99,2025-07-16,cancelado,560.84
2270,1170,2025-11-12,cancelado,2752.91
2271,911,2026-01-17,pendiente,3099.36
2272,891,2024-09-02,cancelado,910.78
2273,548,2024-03-23,cancelado,802.71
2274,1165,2025-02-13,enviado,1748.75
2275,377,2024-03-26,enviado,3506.79
2276,416,2025-10-16,entregado,2512.95
2277,429,2024-03-15,enviado,1891.16
2278,980,2025-11-15,enviado,1593.3
2279,1458,2024-08-09,cancelado,2112.25
2280,1896,2025-12-31,pendiente,1285.77
2281,1589,2025-02-21,cancelado,697.53
2282,193,2025-06-04,enviado,222.39
2283,410,2025-12-29,cancelado,4018.02
2284,1555,2024-03-03,entregado,1095.61
2285,283,2025-02-15,pendiente,4146.18
2286,825,2025-04-26,pendiente,2878.92
2287,252,2024-05-19,enviado,1297.9
2288,821,2024-11-28,pendiente,1341.94
2289,480,2026-01-10,pendiente,3070.3
2290,1430,2024-01-14,pagado,3953.36
2291,356,2025-08-18,entregado,1348.13
2292,208,2025-07-16,pendiente,442.21
2293,1194,2025-06-03,pendiente,114.22
2294,75,2026-01-18,enviado,569.36
2295,1321,2026-02-28,entregado,2752.86
2296,148,2024-01-17,pendiente,359.36
2297,1352,2024-07-25,cancelado,2597.62
2298,704,2025-08-20,enviado,215.16
2299,1322,2025-09-08,entregado,954.61
2300,1936,2025-11-17,pendiente,407.81
2301,1297,2024-11-13,entregado,2725.93
2302,1525,2025-12-23,entregado,586.48
2303,1190,2025-05-25,pendiente,2153.18
2304,1764,2024-02-24,pendiente,2460.02
2305,1883,2024-10-23,entregado,3336.42
2306,259,2025-08-09,enviado,1663.61
2307,636,2025-05-25,entregado,2613.92
2308,1737,2024-03-11,entregado,3149.42
2309,844,2025-09-10,pendiente,3280.55
2310,680,2024-02-22,entregado,470.97
2311,629,2025-11-29,pendiente,3804.69
2312,1948,2024-02-12,enviado,3562.29
2313,1864,2024-02-25,pagado,3686.83
2314,1074,2024-03-16,enviado,1792.74
2315,167,2026-01-30,pagado,1565.88
2316,1542,2026-01-18,pagado,1015.79
2317,993,2024-08-07,entregado,4020.5
2318,542,2025-08-30,cancelado,3072.81
2319,243,2024-08-06,entregado,1800.37
2320,193,2026-01-06,pendiente,4079.24
2321,1395,2024-05-12,pendiente,1145.45
2322,1301,2024-03-23,pagado,715.34
2323,1411,2024-05-07,entregado,3849.29
2324,1460,2024-04-30,pendiente,1658.35
2325,1253,2025-06-11,cancelado,737.08
2326,1663,2024-10-22,entregado,2087.51
2327,1663,2024-05-21,pendiente,3317.04
2328,501,2026-01-31,pendiente,3093.61
2329,112,2024-10-08,pendiente,325.65
2330,200,2024-01-24,pagado,1765.68
2331,13,2025-04-08,pagado,3240.5
2332,1589,2024-03-09,entregado,3460.14
2333,1058,2024-10-29,pagado,1008.12
2334,1429,2024-11-04,pendiente,572.13
2335,757,2026-03-09,cancelado,2950.42
2336,531,2025-08-23,enviado,895.65
2337,979,2025-03-14,cancelado,195.08
2338,944,2024-04-08,cancelado,1761.5
2339,352,2025-04-08,enviado,2482.2
2340,1929,2026-03-10,pendiente,2925.32
2341,1877,2025-04-17,pendiente,776.12
2342,560,2025-07-30,pagado,3704.31
2343,1298,2025-04-11,pendiente,3428.41
2344,1449,2025-05-18,entregado,126.41
2345,1959,2025-09-30,pendiente,2052.82
2346,343,2024-02-06,enviado,3887.42
2347,1060,2024-08-14,enviado,2334.71
2348,1064,2025-09-09,entregado,3270.83
2349,1344,2025-04-18,entregado,3918.2
2350,1778,2025-10-29,entregado,346.59
2351,471,2024-07-19,pagado,3115.42
2352,1061,2024-09-14,enviado,1297.31
2353,904,2025-12-19,cancelado,3058.2
2354,1749,2025-02-20,cancelado,2616.74
2355,85,2024-11-23,entregado,3214.8
2356,725,2026-01-10,cancelado,1260.04
2357,1236,2026-01-01,cancelado,2542.44
2358,518,2025-08-27,entregado,3447.14
2359,446,2025-05-09,enviado,4154.05
2360,1473,2024-03-16,pendiente,742.68
2361,1302,2024-02-08,enviado,262.58
2362,1519,2025-08-13,enviado,2866.86
2363,1299,2025-12-07,pagado,2600.75
2364,1301,2024-04-08,entregado,825.15
2365,556,2025-02-08,entregado,905.52
2366,741,2025-08-16,entregado,3511.4
2367,663,2025-01-25,pendiente,2564.75
2368,845,2025-07-26,pendiente,756.37
2369,478,2025-11-26,cancelado,1346.1
2370,1188,2024-03-10,pendiente,517.64
2371,233,2024-02-21,enviado,3622.99
2372,1043,2025-06-27,pendiente,3836.96
2373,1707,2025-02-24,pagado,1982.88
2374,536,2025-09-18,pendiente,3356.84
2375,422,2025-07-26,pagado,1469.55
2376,483,2024-01-17,cancelado,2216.64
2377,605,2024-07-23,cancelado,1336.09
2378,1774,2024-09-09,enviado,1342.5
2379,1853,2025-09-13,enviado,2318.04
2380,74,2025-11-17,pagado,35.35
2381,1016,2024-10-09,pendiente,3668.36
2382,1729,2024-11-08,enviado,2767.6
2383,1506,2025-01-23,pendiente,507.84
2384,708,2025-12-21,enviado,1322.28
2385,1449,2024-06-04,pendiente,2946.53
2386,1983,2024-07-01,enviado,1234.89
2387,633,2024-01-03,pagado,3875.19
2388,1597,2025-05-28,entregado,356.86
2389,1869,2025-12-22,enviado,1991.53
2390,1348,2024-04-24,pagado,2739.06
2391,1205,2025-01-12,pendiente,699.31
2392,108,2024-11-28,enviado,1550.5
2393,681,2024-10-26,entregado,4049.47
2394,490,2024-06-28,enviado,3657.31
2395,364,2025-10-04,entregado,3163.51
2396,1262,2024-06-02,pagado,448.87
2397,21,2024-03-14,enviado,2770.83
2398,1292,2024-12-13,pendiente,1386.54
2399,72,2024-02-05,pagado,1382.95
2400,1545,2025-09-27,enviado,3693.12
2401,932,2025-02-08,cancelado,236.78
2402,1267,2024-11-26,entregado,3970.42
2403,751,2025-03-23,pagado,685.66
2404,1250,2024-01-13,cancelado,1397.5
2405,764,2025-10-19,enviado,3176.63
2406,904,2026-02-19,cancelado,3017.18
2407,1238,2025-08-31,entregado,2335.59
2408,1235,2025-01-20,pendiente,1287.06
2409,418,2025-06-06,pagado,2514.64
2410,1232,2025-11-17,pendiente,2899.16
2411,1151,2025-03-10,pagado,874.27
2412,202,2024-07-26,cancelado,1125.99
2413,1749,2025-09-16,enviado,3400.31
2414,417,2025-08-05,pagado,3633.79
2415,119,2024-01-08,pagado,2192.05
2416,248,2024-06-29,pendiente,2733.71
2417,947,2024-06-07,pendiente,2777.48
2418,369,2026-02-02,entregado,1575.21
2419,866,2024-10-09,entregado,2948.71
2420,1866,2025-10-18,enviado,1067.98
2421,1701,2024-11-24,pagado,2906.37
2422,1452,2026-02-26,enviado,1034.76
2423,244,2024-11-08,cancelado,3495.7
2424,845,2024-10-06,enviado,1034.6
2425,1230,2024-12-28,pagado,3139.18
2426,622,2024-12-14,pagado,681.97
2427,1496,2024-07-20,pendiente,228.68
2428,1808,2024-11-12,pendiente,2883.74
2429,1545,2025-09-14,pagado,2363.7
2430,478,2025-01-25,enviado,3874.49
2431,1060,2025-11-19,cancelado,3591.73
2432,347,2024-01-26,pendiente,450.12
2433,787,2024-08-01,cancelado,3492.38
2434,376,2025-08-12,entregado,877.9
2435,520,2024-10-29,pendiente,3870.18
2436,1581,2025-01-13,entregado,4168.13
2437,1596,2025-03-23,pendiente,1995.34
2438,1600,2026-01-15,pendiente,1095.25
2439,1315,2025-03-16,pendiente,1400.41
2440,1661,2024-10-21,enviado,1290.92
2441,273,2024-06-27,pendiente,329.82
2442,308,2025-03-25,enviado,3166.75
2443,1361,2026-03-05,pagado,605.83
2444,1008,2025-11-05,pagado,3177.21
2445,958,2024-04-23,enviado,4134.69
2446,1158,2025-01-27,pagado,3855.71
2447,1463,2024-04-09,pendiente,2451.19
2448,414,2025-11-05,enviado,189.01
2449,100,2025-04-26,enviado,1538.53
2450,1943,2024-04-28,enviado,826.33
2451,1869,2025-05-10,entregado,4050.67
2452,1893,2025-10-15,pagado,665.13
2453,1694,2024-02-22,cancelado,2698.15
2454,1680,2025-10-27,pendiente,359.59
2455,1383,2025-08-13,cancelado,510.89
2456,356,2025-10-07,pendiente,1449.94
2457,50,2025-09-03,cancelado,3011.87
2458,1813,2026-01-10,pagado,772.74
2459,1428,2024-03-17,entregado,2412.56
2460,937,2024-03-08,pendiente,4078.45
2461,1148,2025-12-18,enviado,1591.38
2462,1127,2025-12-30,pendiente,2776.05
2463,1846,2024-12-12,cancelado,77.52
2464,1351,2024-05-19,entregado,423.6
2465,918,2024-09-28,pagado,204.79
2466,31,2025-10-11,entregado,821.02
2467,148,2024-09-27,pendiente,1373.75
2468,1212,2024-05-05,enviado,4087.87
2469,1883,2025-02-25,cancelado,268.23
2470,765,2024-05-05,entregado,3934.25
2471,1531,2024-04-26,cancelado,4005.99
2472,1508,2025-12-20,pagado,2903.61
2473,775,2026-02-14,cancelado,3796.82
2474,463,2025-02-03,pagado,853.29
2475,551,2026-02-11,pagado,820.97
2476,931,2024-11-25,pendiente,3352.51
2477,1606,2025-12-27,pagado,1272.91
2478,122,2024-03-18,entregado,1200.06
2479,1380,2024-07-14,pendiente,2282.98
2480,438,2024-08-15,pagado,3636.82
2481,1450,2024-06-23,pagado,699.85
2482,1166,2024-07-21,pagado,957.41
2483,379,2024-11-28,entregado,2763.13
2484,637,2024-09-06,enviado,2982.34
2485,740,2024-10-18,pagado,439.26
2486,564,2025-09-11,pagado,880.1
2487,604,2024-11-13,enviado,102.98
2488,1284,2025-04-13,enviado,1514.91
2489,944,2024-02-22,pagado,3712.17
2490,1986,2024-09-23,entregado,1003.61
2491,754,2024-03-19,enviado,45.66
2492,961,2024-12-02,cancelado,2685.0
2493,1670,2024-08-05,pagado,1321.76
2494,732,2025-05-29,cancelado,2811.25
2495,1943,2025-11-17,enviado,1462.64
2496,1576,2025-04-01,pendiente,3662.69
2497,365,2025-10-10,entregado,911.23
2498,1338,2025-06-09,cancelado,2698.65
2499,1208,2025-05-04,pendiente,2157.29
2500,1010,2024-10-24,pendiente,1510.32
2501,1508,2025-06-04,entregado,1498.73
2502,465,2025-12-16,cancelado,1324.58
2503,1643,2025-07-30,enviado,2077.95
2504,1076,2025-07-02,cancelado,526.02
2505,555,2024-03-18,pendiente,1755.66
2506,432,2025-09-02,pagado,4057.14
2507,823,2025-05-20,cancelado,1858.48
2508,1195,2024-05-29,pagado,2831.83
2509,489,2025-08-14,cancelado,3002.33
2510,1370,2025-11-17,pagado,2285.22
2511,260,2025-08-28,entregado,3586.27
2512,1144,2025-01-17,cancelado,2862.35
2513,1950,2025-09-17,enviado,483.25
2514,1593,2026-01-12,enviado,3819.49
2515,609,2024-11-15,entregado,1380.14
2516,1784,2024-01-07,pagado,2041.57
2517,521,2025-12-06,cancelado,87.57
2518,1590,2024-08-20,entregado,790.46
2519,1430,2025-04-26,enviado,3592.92
2520,1821,2024-09-26,pendiente,3527.33
2521,560,2024-02-27,pagado,2284.24
2522,799,2026-01-06,entregado,4091.3
2523,1456,2025-12-28,entregado,3209.38
2524,1215,2024-12-11,enviado,3087.54
2525,714,2024-04-17,pendiente,1105.37
2526,1445,2024-02-14,pagado,323.99
2527,1141,2025-01-05,enviado,2883.18
2528,835,2025-03-02,enviado,2511.76
2529,1910,2024-02-05,cancelado,634.1
2530,1000,2024-09-11,pagado,557.2
2531,598,2024-02-16,pagado,2755.91
2532,237,2025-07-28,cancelado,3379.96
2533,684,2024-01-18,pendiente,3056.8
2534,1013,2024-07-21,pendiente,3564.48
2535,677,2025-02-11,entregado,1663.67
2536,411,2026-01-02,entregado,2120.0
2537,414,2026-02-02,pagado,335.35
2538,714,2026-02-17,pagado,3631.29
2539,764,2024-01-11,enviado,2700.28
2540,1713,2025-10-30,cancelado,2530.74
2541,311,2025-05-04,pendiente,69.15
2542,1062,2024-12-30,cancelado,3031.43
2543,1381,2025-06-20,pagado,1295.29
2544,1766,2024-06-28,enviado,3560.65
2545,1126,2025-07-14,pagado,236.24
2546,1046,2025-10-19,pendiente,3847.02
2547,389,2024-05-12,enviado,3046.35
2548,1532,2025-07-12,cancelado,3194.65
2549,848,2024-12-02,entregado,2424.23
2550,569,2025-02-22,enviado,3336.59
2551,1812,2024-12-22,cancelado,3470.55
2552,352,2025-07-30,cancelado,2783.85
2553,1508,2024-10-13,entregado,689.06
2554,622,2025-03-30,enviado,2801.31
2555,10,2025-05-17,cancelado,580.56
2556,385,2024-09-03,enviado,1123.07
2557,243,2025-06-23,cancelado,3251.47
2558,712,2025-01-29,pendiente,2028.91
2559,1068,2024-01-04,cancelado,2863.03
2560,1153,2025-12-07,entregado,2649.85
2561,1245,2025-08-19,entregado,1765.99
2562,415,2024-01-10,entregado,1642.03
2563,242,2025-07-29,cancelado,3114.37
2564,720,2024-11-18,pagado,2144.43
2565,2,2024-01-07,pendiente,997.4
2566,1238,2024-04-20,enviado,362.57
2567,1585,2024-02-23,pagado,2221.92
2568,1802,2024-11-23,pendiente,1051.17
2569,551,2024-05-26,pagado,1673.06
2570,193,2024-01-01,pagado,4041.72
2571,607,2024-05-31,enviado,855.94
2572,1716,2025-04-18,pendiente,3863.02
2573,495,2024-12-24,pendiente,1550.83
2574,839,2024-10-17,cancelado,2799.49
2575,1640,2024-02-22,entregado,2121.61
2576,1060,2025-05-05,pendiente,1421.92
2577,1917,2024-11-07,entregado,2800.47
2578,1284,2025-01-17,entregado,361.77
2579,1086,2024-05-29,entregado,2601.78
2580,1895,2025-12-14,enviado,357.59
2581,1509,2024-11-13,entregado,2497.4
2582,971,2026-03-03,cancelado,304.98
2583,518,2024-08-14,pagado,3129.9
2584,1019,2024-06-22,pendiente,2920.41
2585,631,2024-08-08,entregado,3145.33
2586,520,2024-09-18,pendiente,1687.65
2587,1543,2024-04-15,cancelado,825.11
2588,1043,2025-06-30,entregado,3903.09
2589,485,2024-04-02,enviado,3384.46
2590,351,2025-04-20,pendiente,2974.29
2591,495,2025-07-22,entregado,1830.87
2592,472,2024-12-17,cancelado,2390.41
2593,1865,2024-02-09,cancelado,736.87
2594,291,2025-12-14,cancelado,1935.81
2595,412,2025-09-28,pagado,1393.98
2596,109,2024-08-23,cancelado,2102.57
2597,1289,2025-06-05,enviado,3702.47
2598,37,2024-06-05,cancelado,3322.68
2599,228,2024-05-03,pagado,2177.64
2600,817,2025-09-13,enviado,1831.89
2601,849,2026-02-20,pendiente,1410.08
2602,212,2025-02-14,entregado,3656.01
2603,1407,2025-04-27,pagado,110.57
2604,1376,2025-08-09,cancelado,581.26
2605,429,2025-10-08,pagado,1558.97
2606,1051,2024-02-06,entregado,1933.23
2607,411,2024-08-22,cancelado,1796.96
2608,196,2024-11-05,enviado,2561.8
2609,1926,2025-07-27,cancelado,2872.02
2610,930,2025-06-06,pendiente,118.39
2611,1043,2024-07-08,entregado,2570.25
2612,1206,2026-03-07,pagado,2956.69
2613,450,2024-07-21,pendiente,2507.76
2614,939,2025-11-03,pagado,3846.68
2615,941,2025-04-22,pendiente,2845.38
2616,1133,2026-02-17,pendiente,1387.33
2617,420,2025-10-27,pendiente,1263.63
2618,440,2024-10-24,entregado,347.46
2619,120,2026-01-19,entregado,4146.07
2620,1144,2024-09-27,cancelado,3635.45
2621,485,2025-02-06,entregado,2736.02
2622,1233,2024-08-13,enviado,2742.1
2623,696,2024-04-28,pendiente,4076.74
2624,1365,2025-06-16,pagado,3521.36
2625,1609,2025-07-12,pendiente,208.23
2626,1116,2025-10-21,entregado,2235.64
2627,1419,2024-03-17,pagado,3853.7
2628,1696,2024-03-09,pendiente,2275.49
2629,1045,2024-04-18,pendiente,2811.8
2630,156,2025-05-30,cancelado,1746.22
2631,1962,2024-12-29,pendiente,2246.2
2632,123,2024-01-31,entregado,2757.38
2633,1226,2025-09-22,pendiente,2471.44
2634,1610,2025-02-27,cancelado,4002.54
2635,1533,2024-06-17,entregado,4161.07
2636,204,2024-03-02,pendiente,1093.22
2637,587,2024-01-18,enviado,4051.16
2638,190,2024-12-29,cancelado,307.39
2639,268,2025-02-04,pagado,2368.46
2640,1756,2026-01-31,pagado,3756.8
2641,1567,2024-09-01,enviado,2248.56
2642,1484,2024-05-30,entregado,14.74
2643,1102,2024-06-07,entregado,3023.45
2644,439,2024-12-23,pagado,488.39
2645,1399,2026-02-10,pendiente,2604.12
2646,599,2024-10-27,cancelado,492.54
2647,1388,2024-01-03,enviado,2051.95
2648,179,2025-03-24,pagado,1494.64
2649,534,2025-07-18,enviado,19.33
2650,647,2024-02-02,cancelado,3451.99
2651,1747,2025-05-05,pendiente,1581.19
2652,997,2026-02-03,entregado,2804.02
2653,1929,2025-04-09,pagado,2285.1
2654,1974,2025-04-19,entregado,3923.77
2655,1012,2025-02-08,pendiente,3131.43
2656,1383,2024-03-01,enviado,1324.56
2657,1937,2025-07-12,entregado,737.64
2658,99,2025-03-01,enviado,2314.79
2659,943,2026-01-28,pendiente,1715.79
2660,59,2025-11-11,enviado,2210.29
2661,1160,2025-03-27,pagado,905.57
2662,698,2025-06-29,enviado,3816.76
2663,1096,2024-09-06,cancelado,3143.11
2664,1671,2024-04-12,pendiente,3464.13
2665,765,2024-10-10,entregado,255.98
2666,519,2024-12-08,enviado,618.56
2667,1276,2025-10-30,cancelado,2943.69
2668,1416,2024-04-12,enviado,1809.86
2669,889,2026-01-31,pagado,1545.11
2670,374,2024-07-29,enviado,980.98
2671,46,2024-02-11,enviado,2584.44
2672,155,2024-03-05,entregado,435.88
2673,1230,2026-01-02,enviado,2823.63
2674,1618,2024-04-25,pagado,436.83
2675,1540,2025-10-05,entregado,4084.09
2676,576,2025-08-30,cancelado,2584.58
2677,1521,2024-04-02,pendiente,1260.07
2678,99,2025-08-09,enviado,3500.51
2679,290,2024-01-25,entregado,2884.15
2680,1040,2025-11-26,entregado,3158.72
2681,1653,2026-01-26,pendiente,1628.05
2682,466,2026-02-07,cancelado,2993.74
2683,100,2024-12-03,entregado,2420.66
2684,1554,2024-01-10,pendiente,689.13
2685,1589,2026-01-23,entregado,3764.49
2686,1639,2025-12-10,pendiente,2421.09
2687,902,2026-02-20,entregado,1722.45
2688,751,2025-06-18,enviado,729.85
2689,200,2024-03-25,cancelado,2845.38
2690,833,2025-04-14,pendiente,4173.27
2691,277,2026-03-09,pendiente,3793.08
2692,1827,2025-08-12,enviado,855.56
2693,390,2024-02-17,pagado,2584.11
2694,282,2024-04-01,entregado,871.68
2695,1908,2024-02-09,pagado,3836.18
2696,1448,2024-03-11,entregado,1848.45
2697,595,2025-07-23,cancelado,1680.06
2698,1854,2025-04-21,pendiente,2875.44
2699,1127,2024-04-11,entregado,2541.34
2700,1826,2025-02-27,entregado,2305.34
2701,1751,2024-10-08,entregado,694.96
2702,1467,2024-07-04,pendiente,891.92
2703,1521,2025-12-31,pagado,2433.26
2704,920,2024-06-14,enviado,1023.93
2705,190,2025-09-25,pendiente,2227.73
2706,1114,2025-04-02,cancelado,1397.28
2707,1678,2024-07-27,pagado,3841.79
2708,1823,2024-11-12,enviado,2475.4
2709,919,2024-12-30,entregado,912.57
2710,1121,2025-07-04,pendiente,593.93
2711,290,2024-01-25,cancelado,213.88
2712,109,2025-02-18,cancelado,616.05
2713,169,2024-12-15,entregado,877.14
2714,841,2024-05-10,pagado,2427.45
2715,1262,2025-11-05,enviado,2618.65
2716,1642,2024-04-18,pendiente,699.29
2717,509,2025-09-23,cancelado,3002.64
2718,1654,2024-11-04,pagado,998.99
2719,26,2025-07-07,pendiente,3080.23
2720,1814,2025-10-04,pendiente,2368.99
2721,1853,2024-12-14,entregado,1281.38
2722,288,2024-07-25,cancelado,2128.37
2723,323,2024-09-29,pagado,580.65
2724,778,2024-11-04,pagado,58.06
2725,1052,2025-09-20,cancelado,2844.88
2726,1865,2025-01-12,enviado,2794.9
2727,308,2024-05-31,cancelado,3305.16
2728,478,2025-12-16,pagado,2598.26
2729,1178,2026-01-23,pagado,2594.65
2730,1609,2024-04-04,cancelado,1507.27
2731,1458,2024-11-08,pagado,2401.51
2732,45,2026-02-14,pagado,1416.78
2733,1696,2025-07-16,enviado,4080.45
2734,1438,2025-01-02,cancelado,1037.34
2735,1853,2025-09-30,cancelado,218.37
2736,310,2024-02-20,pendiente,220.02
2737,819,2024-05-28,cancelado,2779.95
2738,1850,2024-07-08,entregado,1641.53
2739,585,2026-03-06,pendiente,1187.62
2740,1732,2025-06-15,pagado,1873.65
2741,482,2024-03-11,enviado,351.8
2742,122,2025-08-02,pagado,4110.99
2743,269,2025-02-23,cancelado,1441.98
2744,663,2025-01-16,enviado,613.5
2745,1458,2024-06-27,entregado,636.53
2746,153,2024-03-06,pagado,824.17
2747,120,2024-10-26,cancelado,1556.56
2748,1331,2025-06-05,enviado,3884.9
2749,818,2025-01-25,enviado,3687.59
2750,1273,2024-06-24,pagado,1630.55
2751,1360,2024-07-30,enviado,1749.79
2752,1253,2024-03-29,pagado,203.22
2753,979,2024-01-22,pagado,3185.17
2754,1301,2024-10-01,pagado,1610.86
2755,1652,2024-11-07,pagado,305.49
2756,1019,2025-02-10,cancelado,2835.39
2757,1927,2024-11-06,cancelado,2768.7
2758,1429,2025-06-09,entregado,374.3
2759,1147,2025-05-23,enviado,3707.19
2760,1939,2025-11-06,cancelado,2133.96
2761,1506,2024-02-11,pagado,1140.39
2762,1830,2024-09-16,cancelado,3053.72
2763,774,2025-04-25,cancelado,2563.4
2764,1734,2025-02-15,entregado,2845.57
2765,1724,2024-11-29,entregado,3789.06
2766,1424,2025-09-25,enviado,3544.71
2767,1280,2025-11-24,pendiente,596.13
2768,67,2024-06-17,pendiente,1566.66
2769,661,2024-04-11,pendiente,3193.81
2770,804,2025-10-30,entregado,2699.41
2771,1230,2025-05-08,cancelado,1286.88
2772,1990,2026-02-22,entregado,2220.05
2773,1792,2024-04-27,cancelado,2515.6
2774,648,2024-11-18,pendiente,3301.79
2775,1620,2025-09-07,pagado,3386.77
2776,1435,2024-10-19,pagado,1467.0
2777,521,2025-02-23,enviado,3960.96
2778,1184,2024-01-07,cancelado,744.75
2779,1962,2024-10-27,pendiente,1272.66
2780,1386,2024-01-06,entregado,2655.09
2781,1880,2025-05-16,entregado,1403.55
2782,1777,2024-10-01,pagado,3867.34
2783,1234,2024-04-13,pagado,157.76
2784,181,2025-02-17,pagado,729.73
2785,1575,2024-04-06,cancelado,2609.41
2786,1626,2024-12-30,pendiente,1918.85
2787,1365,2025-03-09,pendiente,1284.37
2788,1972,2024-09-20,enviado,3173.6
2789,159,2024-03-10,enviado,1380.51
2790,687,2025-03-25,entregado,2885.7
2791,1807,2024-06-23,cancelado,2866.28
2792,1356,2025-10-18,cancelado,2049.64
2793,453,2025-09-06,pendiente,953.19
2794,1497,2025-09-20,cancelado,3528.23
2795,1531,2024-04-29,pendiente,4082.36
2796,803,2025-10-14,entregado,140.37
2797,1916,2025-06-07,pagado,4180.03
2798,930,2024-08-10,enviado,658.09
2799,1680,2026-03-04,cancelado,2757.77
2800,256,2024-01-24,pendiente,1366.82
2801,1925,2024-09-13,cancelado,653.11
2802,1608,2026-03-02,cancelado,511.38
2803,359,2024-07-10,pagado,960.67
2804,1902,2025-12-14,pagado,676.25
2805,809,2024-10-17,cancelado,3509.94
2806,591,2026-02-09,pendiente,3702.42
2807,1727,2025-09-06,pendiente,348.13
2808,1159,2025-10-17,cancelado,1667.77
2809,1518,2025-01-15,enviado,3607.07
2810,875,2024-10-09,pendiente,178.08
2811,1789,2026-02-17,pendiente,277.37
2812,1415,2025-08-09,cancelado,2530.07
2813,1442,2024-12-22,enviado,713.99
2814,157,2025-02-17,pagado,769.11
2815,1517,2024-11-26,enviado,2284.1
2816,1835,2024-06-13,pendiente,3225.4
2817,1612,2025-07-24,pendiente,1165.74
2818,779,2026-01-03,cancelado,49.08
2819,719,2025-08-24,enviado,4047.62
2820,876,2024-12-05,pagado,2699.76
2821,393,2026-03-10,pagado,3362.27
2822,1608,2025-12-25,pagado,3111.72
2823,1139,2026-02-24,enviado,243.65
2824,1117,2026-01-10,cancelado,1998.97
2825,157,2026-02-26,entregado,2995.67
2826,1982,2025-10-14,pagado,537.42
2827,631,2025-05-04,cancelado,2221.74
2828,1764,2024-07-14,cancelado,3756.55
2829,1302,2025-10-02,pagado,466.0
2830,1059,2025-08-26,enviado,1162.46
2831,1321,2026-01-25,cancelado,2898.42
2832,1635,2025-03-24,entregado,3384.04
2833,1454,2025-11-07,entregado,2070.53
2834,875,2025-06-05,entregado,3043.45
2835,1606,2024-03-07,enviado,3630.74
2836,1280,2024-07-14,pagado,1951.09
2837,1047,2025-11-06,cancelado,2045.05
2838,77,2024-11-30,enviado,2726.12
2839,1110,2025-04-19,pagado,1940.29
2840,1721,2025-07-22,enviado,101.18
2841,1455,2024-05-14,entregado,2803.79
2842,67,2024-10-13,enviado,3665.82
2843,1070,2025-03-05,enviado,590.3
2844,1748,2025-09-03,pagado,749.38
2845,66,2024-04-15,pagado,3858.03
2846,1676,2025-09-21,pendiente,2484.54
2847,1773,2025-10-09,pendiente,2896.48
2848,509,2025-11-08,entregado,60.28
2849,305,2024-01-02,cancelado,2497.33
2850,1802,2024-08-11,enviado,2032.05
2851,98,2025-04-10,pendiente,2201.79
2852,1734,2025-12-22,pagado,1192.64
2853,1502,2024-06-02,cancelado,3659.04
2854,1830,2024-01-28,entregado,3236.87
2855,1464,2025-01-22,cancelado,1276.02
2856,133,2024-09-08,pagado,697.48
2857,1298,2024-09-30,enviado,2451.23
2858,641,2026-02-23,enviado,3677.18
2859,1656,2024-12-05,cancelado,652.39
2860,1792,2024-12-03,entregado,2976.33
2861,474,2025-12-09,pagado,173.29
2862,1789,2026-01-28,entregado,2047.53
2863,1958,2025-11-06,entregado,2135.89
2864,1552,2024-11-18,entregado,3880.63
2865,1830,2024-09-04,pendiente,3525.36
2866,1175,2024-07-20,entregado,48.26
2867,459,2025-02-07,pendiente,952.49
2868,1268,2024-02-14,cancelado,2194.82
2869,1222,2024-01-29,entregado,2819.97
2870,486,2025-07-14,pagado,3546.18
2871,1265,2024-06-16,entregado,3579.03
2872,1228,2024-08-03,pagado,295.57
2873,1814,2024-02-07,pagado,885.27
2874,273,2024-08-08,enviado,745.3
2875,96,2024-06-09,pagado,1034.24
2876,677,2024-10-13,cancelado,3109.17
2877,352,2025-01-02,enviado,2763.81
2878,1915,2025-10-07,pendiente,174.87
2879,11,2025-09-30,pagado,535.31
2880,1984,2025-09-19,pendiente,4058.17
2881,1118,2025-09-30,pagado,1898.6
2882,1240,2024-11-01,enviado,2992.47
2883,458,2025-10-21,enviado,3928.8
2884,1428,2024-09-19,pagado,2125.38
2885,882,2024-05-16,entregado,1287.47
2886,251,2025-02-05,pagado,1252.16
2887,1133,2024-10-29,pagado,2266.85
2888,1936,2024-08-17,enviado,2602.01
2889,95,2024-08-10,pendiente,4161.44
2890,240,2025-06-05,pendiente,266.28
2891,95,2025-11-12,enviado,2937.85
2892,1567,2024-11-04,enviado,3547.75
2893,490,2024-12-14,pendiente,152.89
2894,762,2025-12-16,pendiente,2081.39
2895,1417,2024-05-26,entregado,3646.22
2896,1263,2026-01-01,pendiente,1876.49
2897,1475,2025-01-26,enviado,1978.04
2898,158,2024-11-23,entregado,2760.49
2899,1235,2025-05-31,enviado,2838.29
2900,750,2025-03-14,enviado,2160.77
2901,649,2024-04-16,entregado,928.14
2902,1350,2024-05-24,entregado,2077.51
2903,22,2025-02-16,enviado,3460.9
2904,823,2025-12-10,pendiente,3155.4
2905,1977,2025-07-24,enviado,640.5
2906,68,2024-05-16,cancelado,3949.57
2907,342,2025-11-04,enviado,1975.23
2908,1942,2024-05-13,cancelado,406.78
2909,1135,2025-08-09,entregado,3008.67
2910,444,2024-02-10,pagado,883.53
2911,382,2024-10-12,entregado,2765.56
2912,765,2025-03-19,entregado,3974.3
2913,13,2024-08-16,entregado,2446.8
2914,228,2024-05-11,pagado,1537.29
2915,733,2025-03-05,enviado,1875.17
2916,1397,2025-04-26,cancelado,2406.88
2917,1124,2024-09-04,cancelado,3161.72
2918,185,2026-01-23,pendiente,970.94
2919,999,2024-06-15,cancelado,2048.87
2920,1747,2024-05-22,cancelado,2735.45
2921,699,2025-04-02,pendiente,334.22
2922,147,2024-10-19,cancelado,584.87
2923,460,2025-01-09,entregado,3778.33
2924,1528,2024-11-21,pendiente,1196.5
2925,808,2025-05-24,cancelado,3961.1
2926,444,2024-02-26,pagado,3892.97
2927,1428,2024-02-16,cancelado,3048.6
2928,475,2024-01-16,cancelado,809.46
2929,446,2025-11-21,enviado,3051.52
2930,1302,2024-05-12,cancelado,1718.08
2931,1336,2025-06-20,entregado,1191.66
2932,1889,2024-11-07,cancelado,480.58
2933,814,2025-10-30,pagado,1605.98
2934,558,2025-05-29,pagado,3049.07
2935,1642,2024-09-01,pagado,702.41
2936,855,2026-02-17,entregado,3879.28
2937,91,2025-11-21,cancelado,961.4
2938,828,2024-01-02,cancelado,121.98
2939,1653,2025-09-03,pagado,4026.38
2940,1774,2025-07-23,entregado,2315.17
2941,1466,2024-01-13,cancelado,1230.27
2942,1392,2024-08-14,pagado,2512.08
2943,1230,2025-05-11,enviado,3932.33
2944,1158,2024-06-13,enviado,2869.95
2945,769,2025-05-16,cancelado,3085.7
2946,996,2024-11-15,entregado,628.55
2947,965,2026-01-06,cancelado,427.66
2948,233,2024-01-28,pagado,2434.8
2949,791,2024-12-01,pendiente,928.2
2950,1989,2024-06-22,pendiente,1905.49
2951,1970,2025-03-14,enviado,2680.23
2952,120,2025-03-04,cancelado,2216.29
2953,1954,2024-07-05,pagado,3506.0
2954,354,2024-10-15,pagado,4051.29
2955,1398,2024-09-11,pagado,1944.36
2956,653,2024-07-19,cancelado,3539.79
2957,16,2025-02-27,entregado,1495.97
2958,1729,2024-05-16,cancelado,2803.48
2959,1945,2026-03-07,pendiente,133.01
2960,173,2024-01-26,cancelado,3302.18
2961,1458,2025-01-10,cancelado,4031.86
2962,246,2026-01-01,enviado,910.99
2963,194,2025-03-11,pagado,860.38
2964,1540,2026-02-13,enviado,3558.42
2965,544,2026-02-15,enviado,986.08
2966,676,2026-01-07,cancelado,112.65
2967,131,2024-08-09,cancelado,1357.71
2968,687,2024-03-04,cancelado,453.92
2969,1298,2025-11-11,enviado,3501.54
2970,531,2026-02-28,pagado,3907.73
2971,919,2024-02-23,entregado,577.21
2972,1160,2025-05-27,entregado,3954.74
2973,1202,2025-02-23,enviado,3845.15
2974,1360,2024-01-20,pagado,2470.43
2975,872,2025-11-13,pendiente,900.66
2976,1346,2025-02-13,pagado,611.0
2977,211,2024-10-25,pendiente,225.22
2978,747,2024-08-29,entregado,3121.17
2979,562,2024-02-20,pagado,1077.93
2980,940,2024-08-24,pendiente,2340.37
2981,1436,2024-03-11,entregado,2814.55
2982,602,2026-02-28,pendiente,4178.75
2983,703,2024-02-13,pagado,1051.25
2984,1999,2025-09-17,entregado,2908.84
2985,132,2024-07-25,entregado,3212.86
2986,474,2024-05-13,entregado,3351.89
2987,1920,2025-08-01,pagado,1672.46
2988,181,2024-12-06,pagado,3064.41
2989,905,2024-07-17,pagado,2140.07
2990,887,2025-10-12,pendiente,2571.05
2991,1914,2026-02-01,cancelado,2864.05
2992,791,2025-12-03,enviado,1083.67
2993,924,2025-06-14,cancelado,2947.02
2994,1822,2025-07-15,pendiente,4147.62
2995,837,2026-02-11,entregado,3670.67
2996,1877,2025-04-08,cancelado,3385.03
2997,1093,2024-09-30,entregado,84.12
2998,917,2024-09-14,pagado,1361.28
2999,20,2025-08-04,entregado,644.81
3000,506,2024-04-15,cancelado,1151.28
3001,5,2025-08-31,entregado,2786.09
3002,454,2025-10-12,cancelado,2837.97
3003,297,2025-01-07,pendiente,2938.75
3004,512,2026-01-19,pendiente,3497.45
3005,1065,2026-02-08,pagado,468.19
3006,1463,2025-11-24,entregado,1436.52
3007,250,2025-05-30,pendiente,3132.95
3008,1383,2024-07-02,cancelado,1272.65
3009,1260,2025-02-11,pagado,2725.83
3010,220,2024-07-18,enviado,3289.5
3011,270,2024-06-12,pagado,1115.73
3012,129,2026-02-01,cancelado,2527.28
3013,166,2024-08-20,pendiente,1751.68
3014,1153,2025-11-25,cancelado,2105.0
3015,300,2026-02-02,pagado,2008.36
3016,160,2024-09-07,pendiente,4024.84
3017,117,2024-03-07,pagado,1277.98
3018,665,2025-08-11,pendiente,489.09
3019,1422,2024-04-14,pendiente,383.72
3020,1864,2025-10-01,entregado,1389.98
3021,1959,2025-12-28,cancelado,2810.49
3022,1639,2024-06-11,pagado,122.7
3023,1441,2024-06-13,pendiente,3383.02
3024,666,2024-10-29,cancelado,1584.78
3025,496,2025-04-29,pendiente,2386.54
3026,466,2025-01-20,pagado,3526.42
3027,1258,2025-10-19,pendiente,2427.14
3028,355,2025-12-07,pendiente,1907.3
3029,1141,2025-12-13,enviado,3797.54
3030,1292,2025-01-03,pendiente,4007.65
3031,1459,2024-04-20,pagado,3546.64
3032,1862,2024-12-26,cancelado,292.66
3033,986,2025-01-14,cancelado,445.98
3034,455,2025-10-24,enviado,2849.9
3035,1698,2025-05-26,cancelado,1095.72
3036,43,2025-10-16,entregado,255.4
3037,1967,2025-05-13,cancelado,855.26
3038,3,2025-03-29,pendiente,403.17
3039,1760,2024-05-30,entregado,2189.07
3040,211,2024-04-02,pagado,3558.25
3041,1949,2024-11-14,entregado,3520.19
3042,1475,2024-06-30,pendiente,2964.09
3043,828,2024-05-31,cancelado,279.28
3044,1010,2025-10-23,cancelado,2339.94
3045,1175,2024-12-25,pendiente,2061.74
3046,686,2024-10-10,cancelado,1524.22
3047,1819,2026-02-16,entregado,1090.88
3048,687,2025-09-03,enviado,3746.79
3049,6,2025-11-01,pendiente,3595.26
3050,282,2024-09-04,entregado,1779.05
3051,95,2024-08-05,pagado,219.79
3052,662,2024-03-06,enviado,3372.82
3053,782,2025-02-06,entregado,1725.54
3054,1371,2024-01-28,entregado,1445.82
3055,1427,2026-01-14,pagado,1362.9
3056,887,2024-07-16,enviado,3966.21
3057,1875,2025-08-10,pagado,442.56
3058,249,2025-09-16,pagado,3261.25
3059,273,2024-10-30,pagado,2051.29
3060,1391,2024-12-25,entregado,616.63
3061,1130,2026-02-19,pendiente,3080.69
3062,176,2024-06-29,entregado,2196.83
3063,400,2025-04-18,pagado,756.01
3064,1959,2024-11-07,cancelado,3680.54
3065,1690,2025-01-05,pagado,1136.15
3066,982,2024-01-10,enviado,3266.45
3067,1670,2024-01-12,pagado,1124.47
3068,1650,2024-10-12,pendiente,1784.38
3069,1751,2024-03-13,pagado,741.57
3070,312,2024-01-12,entregado,156.11
3071,641,2025-05-24,cancelado,141.71
3072,825,2026-02-20,cancelado,1532.29
3073,1933,2024-02-23,pendiente,3922.65
3074,1531,2025-04-23,entregado,3833.61
3075,1906,2024-11-14,cancelado,3573.72
3076,581,2024-12-17,cancelado,3555.43
3077,708,2025-05-11,cancelado,3391.9
3078,1509,2024-02-16,pagado,3763.2
3079,1533,2024-03-21,pendiente,1870.73
3080,636,2025-10-31,pagado,2680.38
3081,1798,2025-01-11,enviado,1056.31
3082,1007,2024-09-01,cancelado,3788.82
3083,816,2025-01-09,pagado,4131.17
3084,1570,2024-02-05,cancelado,4007.14
3085,1459,2025-02-19,pagado,1405.44
3086,832,2024-03-28,entregado,1431.17
3087,1407,2025-02-17,pendiente,2144.88
3088,954,2024-07-04,enviado,2471.26
3089,1085,2024-07-30,pendiente,2862.15
3090,1706,2025-02-14,enviado,2673.8
3091,1196,2025-05-03,entregado,1751.54
3092,317,2025-07-31,cancelado,1384.05
3093,1472,2024-10-09,entregado,1285.99
3094,1591,2026-02-08,cancelado,2145.38
3095,1699,2026-02-15,pendiente,1493.02
3096,1963,2025-10-12,cancelado,3322.91
3097,1670,2025-08-21,enviado,2139.78
3098,1449,2024-08-13,enviado,1630.03
3099,515,2026-01-19,pagado,1019.83
3100,763,2026-01-05,cancelado,2623.7
3101,730,2024-04-01,pendiente,3159.6
3102,1905,2024-05-18,entregado,1410.0
3103,1231,2024-03-28,enviado,2618.45
3104,1250,2025-12-29,enviado,172.28
3105,746,2025-07-20,cancelado,524.22
3106,230,2025-12-06,pendiente,3611.98
3107,131,2024-02-23,pendiente,3293.05
3108,1284,2025-01-06,pendiente,842.13
3109,82,2025-07-01,cancelado,2218.17
3110,206,2024-01-30,enviado,1445.41
3111,3,2024-02-27,cancelado,14.92
3112,1368,2024-08-04,pagado,1539.05
3113,1272,2025-03-18,pendiente,1578.28
3114,1179,2024-02-12,pendiente,3214.97
3115,1054,2025-11-21,pagado,3993.7
3116,1895,2025-12-22,entregado,1165.92
3117,53,2025-12-17,pagado,3498.34
3118,1211,2025-01-04,pagado,1009.57
3119,1463,2024-04-03,pagado,1805.5
3120,212,2024-10-04,entregado,3104.21
3121,42,2024-06-17,pagado,1496.81
3122,511,2025-04-13,pendiente,1007.79
3123,828,2025-03-28,pagado,997.18
3124,96,2025-01-13,pagado,3117.08
3125,253,2024-10-01,cancelado,1109.64
3126,1261,2025-07-12,entregado,815.54
3127,1108,2024-04-29,pagado,2018.03
3128,1422,2025-03-16,entregado,2686.59
3129,1341,2024-07-16,entregado,108.49
3130,1563,2025-07-13,cancelado,3791.02
3131,1676,2025-04-29,pendiente,3792.59
3132,1073,2025-02-25,enviado,3484.15
3133,1432,2024-08-12,entregado,3481.76
3134,580,2025-08-01,entregado,3238.47
3135,1541,2025-12-27,pagado,551.91
3136,1402,2024-02-29,pagado,1753.97
3137,1125,2025-07-21,pagado,3435.22
3138,169,2024-09-20,pendiente,3514.84
3139,868,2024-02-07,cancelado,95.55
3140,1304,2025-01-04,cancelado,1859.98
3141,759,2024-03-01,pagado,4152.76
3142,1597,2024-06-03,pendiente,1981.69
3143,988,2024-03-07,pagado,3275.06
3144,1219,2025-03-14,pagado,1240.66
3145,769,2025-03-11,pagado,748.45
3146,1145,2025-08-31,pendiente,1872.45
3147,730,2025-07-16,enviado,1923.39
3148,402,2024-10-19,enviado,1251.28
3149,1386,2025-01-30,enviado,845.73
3150,235,2025-12-18,cancelado,1685.74
3151,1897,2025-12-25,enviado,2631.77
3152,1107,2025-08-23,enviado,3938.01
3153,1407,2025-10-06,enviado,2294.96
3154,475,2024-09-17,pagado,3475.15
3155,337,2024-03-27,enviado,1556.9
3156,340,2024-09-30,cancelado,2652.44
3157,21,2024-12-31,enviado,464.08
3158,298,2026-01-22,pendiente,1040.23
3159,407,2024-01-19,pendiente,2061.14
3160,57,2024-09-14,pendiente,1491.55
3161,1089,2024-01-08,entregado,845.78
3162,1830,2026-01-20,enviado,1305.58
3163,101,2024-01-30,pagado,1002.57
3164,35,2024-08-23,pendiente,3633.31
3165,1146,2024-01-12,entregado,2518.95
3166,1081,2024-04-26,enviado,4071.09
3167,1661,2024-11-19,pagado,3956.56
3168,161,2025-02-06,cancelado,3145.1
3169,135,2024-09-22,pendiente,701.4
3170,84,2026-03-08,enviado,1432.31
3171,467,2024-10-29,entregado,2789.96
3172,1922,2024-12-23,pendiente,867.38
3173,1435,2024-09-08,pagado,2465.45
3174,1715,2025-08-06,entregado,549.87
3175,1910,2024-04-24,pagado,1125.29
3176,728,2024-08-10,pagado,896.28
3177,1807,2025-02-15,cancelado,3241.62
3178,1750,2025-10-27,pendiente,1435.18
3179,1219,2024-08-21,entregado,3959.54
3180,795,2025-09-01,entregado,2587.2
3181,1858,2024-11-18,entregado,4036.28
3182,1032,2025-06-06,pendiente,103.25
3183,1980,2024-12-23,cancelado,3930.58
3184,893,2024-07-14,pendiente,645.53
3185,1737,2025-09-11,enviado,4180.7
3186,1218,2025-11-01,enviado,3148.05
3187,312,2024-01-27,cancelado,1170.82
3188,1053,2026-01-18,pagado,3115.31
3189,791,2025-12-06,enviado,471.91
3190,505,2024-02-03,pendiente,1199.7
3191,1680,2026-03-10,entregado,3462.98
3192,60,2025-12-29,enviado,3767.77
3193,195,2025-04-14,pagado,2933.96
3194,158,2024-07-27,enviado,190.12
3195,908,2026-01-20,pagado,3451.15
3196,1586,2025-04-19,cancelado,2218.69
3197,1250,2025-01-02,pendiente,1109.67
3198,329,2024-06-26,entregado,3052.09
3199,1719,2024-02-03,pagado,3548.52
3200,1877,2025-12-14,pendiente,3008.71
3201,21,2025-05-31,pendiente,3776.27
3202,115,2024-02-01,entregado,3483.0
3203,714,2025-09-02,pagado,2879.92
3204,1555,2024-10-21,pagado,1187.27
3205,1624,2025-04-01,cancelado,680.64
3206,450,2024-05-02,pendiente,2300.71
3207,723,2025-07-24,cancelado,2516.15
3208,1468,2025-12-03,entregado,3862.29
3209,1906,2024-11-13,enviado,3721.01
3210,226,2024-01-28,pendiente,2330.59
3211,129,2025-09-06,pagado,213.42
3212,583,2025-09-14,enviado,704.73
3213,920,2025-12-15,pendiente,711.2
3214,1050,2025-04-05,pendiente,3101.32
3215,1487,2026-03-09,enviado,762.89
3216,1215,2025-10-30,entregado,3449.71
3217,620,2024-05-13,enviado,3896.42
3218,841,2025-01-19,cancelado,1069.37
3219,1438,2024-12-22,pendiente,2366.74
3220,64,2024-11-18,entregado,2038.87
3221,983,2025-07-24,pagado,678.58
3222,627,2025-12-23,cancelado,3114.67
3223,872,2024-08-15,pendiente,1544.39
3224,314,2026-01-07,pagado,942.6
3225,1590,2025-10-08,cancelado,3464.96
3226,230,2024-01-15,entregado,2144.43
3227,611,2025-04-01,enviado,2783.69
3228,1807,2025-12-24,cancelado,1907.0
3229,696,2024-10-23,cancelado,3551.11
3230,814,2024-06-19,enviado,1110.2
3231,91,2025-01-11,pendiente,3212.23
3232,256,2024-09-25,pagado,1403.21
3233,236,2025-01-10,cancelado,3633.9
3234,1726,2024-10-25,pagado,1734.21
3235,533,2024-05-14,pendiente,2882.36
3236,1825,2025-03-25,cancelado,2233.75
3237,1134,2025-10-08,entregado,2865.6
3238,1800,2025-06-03,cancelado,1856.51
3239,1910,2025-01-19,pagado,2879.39
3240,704,2024-10-18,enviado,1366.32
3241,1441,2024-02-18,enviado,1386.33
3242,378,2025-07-22,pagado,1559.01
3243,872,2025-11-21,pendiente,2625.05
3244,1527,2024-12-01,enviado,2375.72
3245,1699,2025-06-10,cancelado,235.15
3246,765,2024-05-19,cancelado,4109.48
3247,1521,2025-10-24,cancelado,2666.13
3248,1581,2025-10-17,pagado,2009.11
3249,1144,2024-02-19,cancelado,2268.32
3250,1797,2024-09-09,entregado,2726.1
3251,1583,2025-03-01,pendiente,3891.78
3252,575,2024-03-03,pendiente,1153.07
3253,785,2025-07-10,entregado,3581.85
3254,30,2025-03-08,enviado,2400.13
3255,1004,2025-11-12,pagado,4145.92
3256,1428,2024-03-04,cancelado,1961.19
3257,1942,2025-01-20,pagado,3123.67
3258,777,2025-07-01,cancelado,997.88
3259,375,2025-06-12,enviado,2588.53
3260,1276,2024-10-12,cancelado,269.26
3261,832,2025-07-20,pendiente,102.64
3262,994,2024-11-19,cancelado,2123.22
3263,1723,2025-09-19,pagado,2103.14
3264,123,2025-02-19,entregado,3252.3
3265,717,2025-08-15,cancelado,2707.89
3266,1257,2025-07-26,pagado,3960.24
3267,1124,2025-07-15,cancelado,339.95
3268,131,2024-07-10,entregado,904.2
3269,1962,2024-08-22,cancelado,3333.73
3270,1958,2025-06-30,pendiente,2177.97
3271,290,2025-10-01,entregado,1382.83
3272,1184,2025-04-06,enviado,1230.0
3273,994,2024-07-28,entregado,2916.83
3274,368,2024-07-30,pagado,1097.02
3275,300,2025-04-21,enviado,3059.55
3276,408,2024-02-11,entregado,2375.07
3277,76,2024-02-27,pendiente,721.24
3278,914,2024-01-21,cancelado,1579.47
3279,339,2025-02-18,pendiente,397.47
3280,208,2024-03-22,pagado,2555.44
3281,1907,2025-01-08,entregado,560.91
3282,78,2025-11-15,entregado,1879.47
3283,1235,2026-02-19,entregado,241.3
3284,1665,2024-12-18,pagado,2700.78
3285,343,2025-03-03,entregado,2470.7
3286,1879,2026-01-25,pendiente,2968.49
3287,1542,2024-11-11,pendiente,2868.88
3288,1194,2024-07-03,entregado,3642.04
3289,172,2025-05-04,pagado,313.45
3290,129,2024-04-24,cancelado,2317.52
3291,1174,2025-11-07,entregado,4035.27
3292,1883,2024-07-31,entregado,3381.97
3293,1142,2025-09-19,enviado,2665.15
3294,537,2025-05-27,pendiente,3577.93
3295,1881,2024-10-15,cancelado,2533.62
3296,103,2025-11-09,cancelado,660.1
3297,551,2025-06-24,pendiente,1172.3
3298,47,2025-08-10,cancelado,1311.13
3299,1970,2024-08-03,enviado,3923.34
3300,739,2024-07-05,pendiente,693.22
3301,1843,2025-07-23,pagado,876.41
3302,965,2026-02-16,pagado,2803.24
3303,768,2026-03-05,pagado,3937.57
3304,220,2024-07-06,cancelado,987.7
3305,1632,2025-09-22,enviado,515.99
3306,675,2025-01-26,enviado,1286.3
3307,97,2025-11-17,enviado,822.72
3308,207,2024-01-28,cancelado,449.25
3309,462,2025-11-17,pagado,3253.35
3310,1425,2024-06-23,pendiente,2018.11
3311,1969,2024-11-08,cancelado,3828.78
3312,1169,2025-07-14,pendiente,3070.88
3313,416,2024-09-03,cancelado,1808.43
3314,231,2025-10-29,cancelado,3216.69
3315,1693,2025-03-24,enviado,2192.39
3316,1849,2025-02-19,pagado,1978.81
3317,872,2025-11-16,cancelado,1657.71
3318,1620,2024-10-25,enviado,3161.96
3319,1238,2024-07-31,pagado,852.37
3320,856,2025-11-03,pagado,3389.06
3321,592,2024-10-26,cancelado,3317.83
3322,1842,2024-08-13,entregado,1467.58
3323,575,2024-07-25,entregado,1450.72
3324,1236,2025-03-24,entregado,159.48
3325,553,2025-11-14,pendiente,3215.77
3326,920,2024-09-07,entregado,17.38
3327,237,2026-02-04,cancelado,1040.81
3328,1109,2024-11-24,cancelado,3977.97
3329,1960,2025-11-18,pagado,1810.48
3330,1147,2025-03-22,entregado,587.68
3331,1169,2026-03-03,pendiente,1369.49
3332,243,2026-01-03,pagado,1471.48
3333,708,2024-03-14,cancelado,1333.56
3334,184,2025-04-09,enviado,1465.17
3335,812,2025-01-05,pendiente,3704.11
3336,638,2025-08-18,pendiente,2791.99
3337,1197,2025-07-29,enviado,2425.36
3338,520,2025-12-07,entregado,30.97
3339,639,2026-01-05,pendiente,764.85
3340,1744,2024-03-27,entregado,1311.43
3341,32,2025-12-08,pendiente,591.03
3342,1767,2025-02-01,pagado,2639.18
3343,376,2025-11-18,cancelado,3006.56
3344,1331,2025-09-05,enviado,2715.64
3345,1016,2025-07-22,pendiente,2500.59
3346,230,2025-02-11,enviado,474.53
3347,1727,2025-12-20,pagado,2766.46
3348,1551,2026-02-16,cancelado,1002.37
3349,1327,2024-06-29,pagado,3063.47
3350,1072,2024-01-25,entregado,3876.15
3351,446,2024-05-14,pendiente,827.2
3352,1233,2026-01-24,enviado,233.76
3353,1242,2025-08-19,entregado,1120.15
3354,1614,2024-03-10,entregado,621.6
3355,649,2024-09-09,entregado,1563.49
3356,892,2026-02-09,pendiente,3259.6
3357,891,2024-02-16,pagado,558.38
3358,739,2025-01-10,entregado,798.22
3359,1129,2025-12-02,entregado,865.59
3360,253,2025-06-12,cancelado,3903.88
3361,481,2024-03-21,cancelado,3962.03
3362,1232,2025-04-17,entregado,510.71
3363,1041,2024-06-03,pendiente,3622.84
3364,1666,2025-10-12,enviado,670.18
3365,1508,2024-01-17,pendiente,3327.26
3366,169,2025-02-24,pendiente,1736.05
3367,627,2024-12-04,pagado,3876.96
3368,1569,2026-01-10,enviado,3420.26
3369,885,2026-02-24,pagado,2912.01
3370,748,2026-02-10,pendiente,497.1
3371,265,2024-03-13,cancelado,2650.95
3372,93,2025-11-24,cancelado,2305.09
3373,723,2024-10-11,pendiente,3689.57
3374,391,2025-04-21,cancelado,3085.55
3375,166,2024-05-31,pendiente,2319.72
3376,418,2025-11-09,pagado,2291.34
3377,1010,2025-03-05,pendiente,3341.35
3378,1437,2024-11-25,entregado,1577.17
3379,10,2025-10-15,enviado,147.6
3380,1400,2025-07-15,pagado,1365.48
3381,1566,2024-11-06,enviado,4157.58
3382,1294,2024-02-23,enviado,3061.54
3383,173,2025-07-16,pendiente,3106.39
3384,1639,2024-04-25,pagado,208.03
3385,1448,2025-07-02,pendiente,110.0
3386,768,2024-02-25,pagado,1722.96
3387,1994,2024-04-07,cancelado,3140.81
3388,1802,2024-05-25,pagado,2740.76
3389,1054,2024-03-25,cancelado,2372.04
3390,1277,2025-07-30,cancelado,858.98
3391,268,2026-02-02,cancelado,3614.58
3392,745,2024-01-29,enviado,2378.36
3393,1237,2025-07-03,enviado,1461.79
3394,322,2024-03-19,entregado,744.25
3395,307,2024-02-12,pendiente,2351.13
3396,456,2024-01-20,cancelado,136.06
3397,1249,2025-12-14,entregado,3982.3
3398,457,2025-08-23,pendiente,84.96
3399,516,2024-08-19,pendiente,748.52
3400,1339,2024-05-19,pendiente,1137.8
3401,583,2025-06-22,cancelado,649.11
3402,141,2024-12-08,entregado,521.24
3403,976,2025-06-23,enviado,262.75
3404,57,2026-02-05,pagado,537.3
3405,612,2025-09-13,enviado,1867.04
3406,1656,2025-03-08,cancelado,897.51
3407,422,2025-07-19,pagado,1928.06
3408,22,2024-01-15,pagado,2214.89
3409,517,2024-09-10,entregado,2623.4
3410,20,2025-12-06,pendiente,3570.61
3411,132,2025-01-07,enviado,121.63
3412,603,2025-08-26,enviado,396.91
3413,807,2025-12-04,cancelado,4009.06
3414,276,2024-02-01,cancelado,1892.87
3415,46,2024-05-30,pagado,4065.24
3416,1846,2026-01-22,cancelado,3228.48
3417,498,2025-12-31,pendiente,1977.53
3418,694,2024-06-21,pagado,2986.86
3419,1007,2025-05-31,pagado,1178.51
3420,1202,2025-12-03,entregado,259.05
3421,496,2024-06-06,pagado,2410.77
3422,1221,2024-08-24,entregado,1863.29
3423,1915,2024-05-17,pendiente,1916.86
3424,1485,2025-03-06,cancelado,1176.88
3425,1633,2024-08-30,pendiente,4048.03
3426,1536,2025-08-20,pendiente,3052.94
3427,349,2024-02-25,enviado,2567.4
3428,1157,2025-01-31,entregado,890.2
3429,628,2024-10-27,pendiente,1082.31
3430,1150,2024-02-25,pendiente,3933.65
3431,1145,2025-06-07,enviado,1600.69
3432,711,2025-05-23,enviado,1682.86
3433,1092,2025-01-10,enviado,3253.16
3434,536,2024-02-08,pendiente,3428.51
3435,364,2025-07-21,entregado,65.81
3436,558,2024-04-15,pagado,1024.59
3437,1348,2025-02-12,entregado,3290.98
3438,828,2024-07-16,enviado,2686.15
3439,1093,2024-05-07,enviado,2766.32
3440,354,2025-03-20,pagado,168.23
3441,1155,2024-12-23,cancelado,1219.31
3442,1777,2024-11-25,cancelado,2812.01
3443,1818,2024-08-09,pendiente,157.87
3444,350,2026-03-02,enviado,1494.31
3445,822,2024-02-09,cancelado,1052.63
3446,1554,2025-07-28,cancelado,2789.11
3447,310,2025-09-24,cancelado,3402.7
3448,347,2024-01-09,pagado,549.8
3449,613,2024-06-26,enviado,1506.2
3450,1137,2025-09-17,pagado,3747.59
3451,935,2026-01-05,entregado,1304.48
3452,1435,2025-12-19,enviado,1022.04
3453,343,2024-03-21,pagado,2902.38
3454,887,2024-02-03,enviado,1359.36
3455,129,2024-05-25,enviado,2973.02
3456,1070,2025-06-22,pendiente,434.48
3457,880,2025-04-16,enviado,560.74
3458,1461,2025-01-25,enviado,3340.51
3459,1547,2025-12-20,pagado,2194.03
3460,1269,2026-03-10,pagado,846.64
3461,576,2025-12-02,pendiente,3358.24
3462,1731,2025-07-21,cancelado,1218.53
3463,13,2024-09-26,entregado,234.43
3464,1756,2024-12-23,entregado,3776.37
3465,130,2026-01-21,pendiente,3297.73
3466,115,2026-03-07,pendiente,3100.54
3467,1510,2024-04-18,cancelado,3189.32
3468,270,2025-11-18,pagado,2341.19
3469,868,2024-04-16,enviado,443.17
3470,637,2024-08-01,enviado,1937.89
3471,1770,2024-07-23,pendiente,3535.96
3472,257,2024-08-07,cancelado,3511.91
3473,1518,2025-02-06,enviado,1382.75
3474,299,2025-05-05,pagado,3389.14
3475,571,2024-10-28,cancelado,2388.14
3476,1000,2026-02-19,cancelado,851.42
3477,1763,2025-10-25,enviado,340.47
3478,427,2024-07-01,pagado,2260.35
3479,1318,2025-08-02,pagado,2055.33
3480,886,2025-04-17,cancelado,3759.47
3481,980,2024-11-18,pagado,2959.82
3482,573,2026-01-12,enviado,3434.19
3483,1148,2024-05-25,pendiente,170.18
3484,1297,2024-10-26,cancelado,182.73
3485,1978,2024-08-16,enviado,2110.8
3486,544,2024-07-25,pagado,3462.96
3487,1703,2024-03-02,enviado,322.39
3488,1380,2024-09-04,entregado,1335.71
3489,353,2024-04-30,pendiente,273.37
3490,1433,2024-09-28,pagado,2623.71
3491,1765,2025-08-12,cancelado,3408.86
3492,1683,2025-12-16,cancelado,55.79
3493,1161,2024-04-07,entregado,338.22
3494,1625,2024-06-02,enviado,3410.87
3495,524,2026-01-22,entregado,3133.54
3496,1676,2024-06-08,cancelado,201.06
3497,1270,2025-03-14,entregado,2082.36
3498,1673,2025-06-05,pendiente,1467.62
3499,876,2025-07-10,pagado,1741.46
3500,16,2024-07-31,entregado,830.09
3501,709,2024-10-29,pendiente,327.41
3502,1972,2024-09-25,pendiente,2767.65
3503,1846,2025-12-12,entregado,385.62
3504,328,2024-03-14,pagado,310.05
3505,1386,2025-03-20,enviado,1739.44
3506,1301,2025-05-23,enviado,937.54
3507,878,2024-12-30,cancelado,1267.58
3508,1820,2025-10-27,enviado,3058.47
3509,1178,2025-06-02,pagado,1378.71
3510,1532,2026-01-18,enviado,2034.08
3511,1903,2025-12-11,pendiente,833.69
3512,982,2025-07-25,entregado,2768.63
3513,907,2025-11-12,enviado,570.38
3514,466,2025-07-07,cancelado,3956.07
3515,1264,2025-12-08,enviado,1182.03
3516,367,2024-09-12,enviado,4088.55
3517,769,2024-10-06,enviado,2590.5
3518,692,2025-04-24,cancelado,2496.6
3519,872,2024-11-19,pagado,1620.48
3520,1623,2025-01-14,entregado,2676.58
3521,227,2025-03-29,cancelado,1872.68
3522,1270,2025-03-06,enviado,708.55
3523,186,2024-01-02,pendiente,706.11
3524,14,2024-02-14,entregado,4069.33
3525,189,2025-07-20,enviado,4015.41
3526,1912,2026-01-12,cancelado,191.61
3527,1575,2024-02-04,enviado,2640.42
3528,64,2024-09-22,pendiente,3352.56
3529,548,2025-01-09,enviado,4022.95
3530,1982,2024-07-21,pendiente,1514.34
3531,126,2025-03-29,entregado,237.46
3532,675,2025-10-25,enviado,3878.08
3533,496,2025-03-11,pagado,165.03
3534,1871,2024-04-24,entregado,221.46
3535,1043,2025-05-15,pagado,3702.38
3536,550,2025-11-23,pagado,1568.21
3537,1972,2026-02-22,cancelado,1006.68
3538,1701,2025-12-22,cancelado,2194.94
3539,905,2024-06-23,pendiente,3861.44
3540,1659,2025-05-03,pendiente,2920.96
3541,1198,2025-10-10,enviado,526.0
3542,1865,2025-01-26,cancelado,204.11
3543,370,2024-11-06,enviado,1348.54
3544,1298,2024-07-22,enviado,3699.32
3545,320,2026-01-05,cancelado,2188.12
3546,1690,2025-12-03,entregado,2242.95
3547,74,2025-09-05,pagado,3845.37
3548,1187,2025-02-11,cancelado,2750.17
3549,860,2025-09-10,cancelado,1013.84
3550,1301,2024-05-10,pendiente,97.31
3551,1259,2026-02-23,entregado,1330.56
3552,714,2024-11-13,cancelado,3146.26
3553,751,2025-08-13,enviado,2720.88
3554,349,2026-01-03,enviado,277.89
3555,17,2024-01-02,enviado,1015.67
3556,997,2025-10-22,pendiente,149.33
3557,1319,2024-11-30,pagado,28.02
3558,933,2024-09-29,pendiente,1314.36
3559,1643,2024-09-03,cancelado,1402.41
3560,1918,2024-12-27,cancelado,2737.25
3561,1461,2025-07-04,enviado,322.92
3562,673,2025-02-06,enviado,3657.95
3563,1905,2026-02-04,cancelado,3490.62
3564,709,2024-03-26,cancelado,2185.98
3565,780,2025-09-06,entregado,2487.41
3566,1562,2024-01-18,pagado,3053.02
3567,959,2025-09-25,enviado,4020.46
3568,1377,2025-01-20,pendiente,2789.84
3569,1833,2025-11-19,entregado,1212.5
3570,782,2025-05-04,pagado,806.99
3571,1676,2025-02-13,cancelado,1319.77
3572,511,2024-05-03,pendiente,138.73
3573,603,2025-10-02,enviado,283.96
3574,180,2026-03-01,entregado,3156.43
3575,1642,2025-11-07,pendiente,3414.98
3576,1729,2025-06-27,enviado,3407.39
3577,811,2024-07-13,enviado,56.75
3578,565,2025-02-09,pendiente,3550.47
3579,1921,2025-08-18,entregado,3922.52
3580,1515,2026-02-24,enviado,1885.18
3581,1467,2024-01-31,cancelado,153.39
3582,1573,2024-11-02,enviado,3393.47
3583,925,2026-01-20,enviado,1880.61
3584,879,2026-02-26,cancelado,670.87
3585,548,2024-10-11,cancelado,2201.83
3586,881,2024-03-07,cancelado,3389.37
3587,485,2024-01-08,pagado,4019.72
3588,421,2024-06-20,pagado,1746.58
3589,1894,2024-01-03,enviado,3190.4
3590,206,2025-11-10,enviado,3934.1
3591,1869,2025-06-20,pendiente,2360.33
3592,573,2024-03-14,pagado,333.47
3593,86,2024-05-18,pendiente,2663.31
3594,862,2025-05-10,cancelado,554.86
3595,1590,2025-10-25,enviado,3542.37
3596,1999,2024-07-26,cancelado,3058.21
3597,344,2024-04-22,enviado,3460.73
3598,834,2026-02-06,entregado,1468.2
3599,1540,2025-05-16,pagado,1584.92
3600,1158,2025-03-04,pendiente,2013.18
3601,1863,2025-05-30,pagado,2061.77
3602,1564,2024-07-09,pendiente,1747.41
3603,557,2025-09-12,enviado,2206.19
3604,1945,2024-04-07,enviado,452.5
3605,501,2025-08-06,enviado,4061.57
3606,466,2025-04-02,pagado,966.51
3607,630,2024-06-02,pendiente,3418.28
3608,285,2025-01-30,pagado,1126.24
3609,1908,2024-04-07,cancelado,2558.71
3610,241,2025-10-25,entregado,3395.99
3611,1235,2025-11-19,entregado,1699.35
3612,1850,2026-01-30,cancelado,2048.37
3613,1524,2025-08-15,pagado,3691.01
3614,1353,2025-04-25,pendiente,2910.18
3615,437,2024-07-28,pendiente,2247.66
3616,1141,2024-03-06,pendiente,603.3
3617,799,2024-11-27,pagado,3799.92
3618,1006,2024-10-16,pendiente,713.41
3619,1870,2026-02-10,cancelado,1229.85
3620,1468,2024-09-01,pagado,1801.71
3621,112,2025-11-08,enviado,3701.2
3622,1951,2025-09-14,pendiente,3069.02
3623,986,2024-06-13,pendiente,2679.45
3624,248,2024-06-23,enviado,2366.25
3625,664,2024-11-15,pagado,1589.38
3626,1863,2025-01-24,pagado,2135.64
3627,1890,2025-03-11,pagado,176.21
3628,1838,2024-06-15,cancelado,3438.77
3629,1715,2024-05-12,cancelado,4083.17
3630,1598,2024-05-08,enviado,1056.84
3631,801,2024-10-24,cancelado,3149.63
3632,1956,2025-04-02,entregado,1581.44
3633,1597,2025-04-24,enviado,94.88
3634,1485,2025-11-12,enviado,3048.5
3635,718,2025-06-12,pagado,2316.78
3636,300,2024-06-24,entregado,2711.12
3637,1185,2025-09-18,cancelado,179.07
3638,158,2024-08-15,pendiente,1195.98
3639,1831,2025-08-21,pagado,1967.46
3640,753,2024-03-02,entregado,2671.84
3641,712,2024-10-25,enviado,2480.76
3642,688,2025-06-24,pendiente,643.3
3643,304,2025-10-14,pagado,659.47
3644,1624,2024-03-17,cancelado,2479.46
3645,78,2024-03-07,pagado,827.29
3646,1877,2025-10-06,pendiente,2835.61
3647,82,2026-02-27,entregado,2611.11
3648,312,2025-03-21,cancelado,351.83
3649,348,2025-02-13,pagado,1678.73
3650,917,2025-12-20,pagado,1632.82
3651,336,2024-09-10,pagado,1929.75
3652,356,2025-10-13,pendiente,1730.49
3653,716,2025-09-29,enviado,688.34
3654,141,2024-07-20,cancelado,3511.65
3655,1507,2025-05-11,pendiente,303.73
3656,1897,2025-11-08,pendiente,1896.15
3657,1134,2026-01-12,entregado,32.93
3658,1095,2025-01-31,cancelado,993.54
3659,125,2025-05-30,pendiente,3220.64
3660,475,2025-04-29,enviado,3174.66
3661,147,2025-10-23,entregado,2777.34
3662,1851,2024-05-10,cancelado,2800.77
3663,1329,2025-08-26,pagado,2957.92
3664,557,2025-12-30,enviado,107.27
3665,678,2025-08-02,entregado,2508.57
3666,313,2025-08-14,pendiente,1265.6
3667,1377,2025-07-30,cancelado,2043.57
3668,1543,2025-03-04,pendiente,1173.79
3669,546,2024-05-31,enviado,3239.35
3670,1256,2024-05-27,cancelado,2429.63
3671,1008,2025-04-30,enviado,3184.36
3672,1181,2024-09-24,entregado,2985.24
3673,1013,2026-03-04,entregado,2378.75
3674,241,2024-11-26,enviado,2636.94
3675,1332,2025-07-16,cancelado,744.98
3676,218,2025-12-04,pagado,2033.47
3677,1137,2024-06-01,cancelado,1532.66
3678,517,2024-04-27,pendiente,129.26
3679,1681,2024-05-05,pagado,878.28
3680,1457,2024-03-17,enviado,1146.63
3681,328,2025-07-15,entregado,2338.97
3682,1748,2026-01-22,enviado,4175.98
3683,153,2024-05-01,pagado,280.08
3684,1724,2024-02-02,entregado,1011.35
3685,334,2025-06-18,cancelado,586.59
3686,491,2025-04-13,enviado,765.22
3687,1420,2024-01-25,pendiente,3617.7
3688,573,2025-07-27,pendiente,583.57
3689,1629,2025-12-23,pagado,3229.28
3690,277,2024-06-10,enviado,2783.25
3691,310,2024-07-30,entregado,594.56
3692,273,2025-12-02,pagado,932.96
3693,1764,2025-05-01,pagado,640.62
3694,638,2025-12-27,pendiente,1790.01
3695,115,2025-09-20,enviado,1180.89
3696,1213,2024-07-17,cancelado,2566.37
3697,1821,2025-03-20,entregado,3305.16
3698,1867,2026-02-03,pagado,1592.34
3699,1382,2026-02-12,pendiente,1270.55
3700,13,2026-03-10,entregado,4020.82
3701,1852,2025-12-28,pagado,621.4
3702,759,2025-02-12,cancelado,979.39
3703,423,2025-11-14,enviado,3745.21
3704,1749,2024-07-10,cancelado,1990.19
3705,996,2026-01-23,pendiente,2333.78
3706,1872,2026-02-01,cancelado,3913.42
3707,1105,2025-09-22,pendiente,1286.68
3708,1845,2025-09-22,enviado,1808.95
3709,1216,2024-06-14,cancelado,3638.49
3710,470,2025-07-04,pendiente,3032.6
3711,1568,2024-06-16,pagado,864.44
3712,770,2024-01-05,cancelado,453.51
3713,1493,2025-07-02,pendiente,238.41
3714,1892,2025-03-21,enviado,4196.97
3715,486,2025-06-24,pagado,1687.66
3716,51,2025-03-17,cancelado,2358.33
3717,511,2025-01-26,pendiente,1989.24
3718,1547,2025-03-10,cancelado,1942.56
3719,964,2024-03-21,pendiente,743.28
3720,1847,2025-08-24,enviado,195.03
3721,769,2025-02-13,pendiente,416.18
3722,1239,2025-08-27,cancelado,1454.18
3723,617,2025-04-27,pagado,2674.08
3724,1281,2025-11-05,pagado,2262.87
3725,123,2025-12-01,entregado,1674.94
3726,1850,2024-09-04,pagado,3717.49
3727,873,2024-10-26,pendiente,1232.27
3728,944,2024-08-06,pagado,2344.4
3729,1540,2025-02-20,entregado,2528.42
3730,238,2024-11-11,pagado,2146.74
3731,319,2024-02-02,cancelado,515.11
3732,1229,2024-12-01,pagado,2584.37
3733,1100,2024-05-03,enviado,293.0
3734,1719,2025-11-28,pagado,1539.77
3735,33,2024-03-21,pagado,1874.88
3736,1813,2024-05-22,pendiente,26.88
3737,695,2026-01-12,pagado,604.25
3738,82,2024-04-01,enviado,2611.03
3739,289,2024-09-30,entregado,103.75
3740,1728,2024-07-30,enviado,1746.69
3741,1978,2025-12-21,pagado,1664.11
3742,37,2024-01-29,entregado,2525.29
3743,674,2025-02-20,pendiente,298.7
3744,1326,2025-12-14,pagado,2615.91
3745,1274,2025-08-03,pagado,1184.07
3746,115,2024-10-14,pendiente,1686.64
3747,1399,2024-06-21,pagado,3538.44
3748,1369,2024-04-19,pagado,3703.43
3749,157,2025-08-03,enviado,457.28
3750,1048,2025-05-21,enviado,538.57
3751,1387,2025-08-27,pagado,2683.78
3752,1906,2024-05-04,pendiente,2579.48
3753,1017,2024-09-07,pagado,1081.05
3754,531,2024-03-10,enviado,3927.35
3755,796,2024-09-15,entregado,2138.43
3756,442,2025-10-30,pendiente,776.15
3757,274,2025-05-04,cancelado,4121.08
3758,1167,2024-11-16,entregado,4106.87
3759,229,2024-11-11,cancelado,2122.07
3760,346,2024-10-03,cancelado,1905.17
3761,1959,2024-03-31,pendiente,3077.05
3762,1844,2025-03-12,pendiente,3661.16
3763,1051,2025-11-20,pagado,3311.35
3764,859,2025-12-18,entregado,3177.97
3765,902,2024-09-27,cancelado,4107.7
3766,851,2024-07-26,pendiente,1474.65
3767,1962,2025-06-27,cancelado,3519.03
3768,430,2024-10-18,entregado,3739.4
3769,168,2024-03-08,enviado,1420.26
3770,961,2025-06-10,entregado,3234.63
3771,148,2025-11-30,entregado,1743.49
3772,1373,2025-10-20,cancelado,2785.6
3773,516,2025-04-10,enviado,567.5
3774,1612,2026-01-03,cancelado,1462.05
3775,671,2024-08-21,cancelado,1933.11
3776,1659,2025-01-07,entregado,2958.23
3777,751,2026-03-03,pendiente,1572.39
3778,1197,2025-04-11,pendiente,3780.27
3779,770,2025-01-22,cancelado,2752.72
3780,125,2025-09-25,entregado,1529.0
3781,1772,2025-06-14,enviado,3791.16
3782,79,2024-10-16,entregado,4096.87
3783,1445,2026-01-13,pendiente,1871.53
3784,587,2025-09-14,cancelado,1157.01
3785,1297,2025-04-20,cancelado,1168.51
3786,577,2024-07-19,entregado,4158.21
3787,610,2025-12-15,cancelado,4103.43
3788,1041,2025-04-23,pendiente,628.05
3789,1497,2024-09-07,cancelado,2183.79
3790,323,2024-08-25,pagado,4170.39
3791,1244,2024-02-08,entregado,3166.93
3792,1158,2024-09-06,entregado,3885.55
3793,396,2024-09-13,pagado,3345.88
3794,861,2024-02-21,pagado,3836.9
3795,1705,2024-06-22,enviado,1211.69
3796,701,2025-01-08,pagado,2334.85
3797,134,2024-02-29,pendiente,3645.46
3798,609,2025-04-15,pendiente,106.96
3799,854,2026-01-04,cancelado,2225.84
3800,925,2024-04-30,entregado,1941.03
3801,1649,2025-09-17,enviado,1375.92
3802,1951,2025-12-08,pagado,494.27
3803,572,2025-01-24,pendiente,2797.18
3804,1865,2024-03-21,cancelado,3279.82
3805,608,2024-12-25,pendiente,3004.39
3806,1527,2026-02-21,cancelado,1056.67
3807,1659,2025-12-07,entregado,1089.22
3808,4,2025-02-21,pagado,3417.4
3809,1739,2024-02-03,cancelado,3689.92
3810,247,2024-07-21,entregado,742.91
3811,1132,2025-04-12,cancelado,3273.05
3812,235,2025-10-05,pagado,3657.03
3813,91,2024-02-07,entregado,3491.96
3814,1737,2026-02-13,pagado,2572.36
3815,1549,2025-12-04,entregado,3053.82
3816,428,2025-08-29,cancelado,746.2
3817,107,2024-03-29,entregado,950.24
3818,1517,2025-10-20,pendiente,2396.65
3819,1626,2024-11-13,pendiente,4170.63
3820,943,2024-08-14,enviado,3749.6
3821,189,2024-05-04,entregado,3639.89
3822,364,2025-02-25,enviado,3946.48
3823,1638,2024-10-11,entregado,4107.77
3824,1420,2024-01-07,pendiente,4130.91
3825,403,2024-12-10,pagado,1117.88
3826,833,2025-09-03,cancelado,630.43
3827,11,2024-11-19,entregado,1231.96
3828,1378,2024-02-23,entregado,3817.51
3829,259,2024-01-10,pendiente,275.01
3830,816,2025-03-01,entregado,3448.66
3831,26,2025-05-27,pendiente,873.25
3832,1654,2024-08-31,entregado,574.63
3833,1799,2024-12-06,pagado,1776.21
3834,1274,2024-10-19,cancelado,2017.09
3835,1999,2024-01-20,pagado,3928.2
3836,1898,2024-09-10,enviado,2886.02
3837,1786,2024-07-03,pendiente,939.75
3838,505,2024-04-03,enviado,2801.06
3839,727,2025-06-29,pagado,1371.15
3840,8,2025-12-23,cancelado,3426.2
3841,833,2025-12-31,entregado,2989.8
3842,208,2025-05-25,pagado,2889.03
3843,1033,2024-08-21,pagado,2310.43
3844,578,2026-02-08,pagado,1724.22
3845,1253,2026-01-30,entregado,2554.02
3846,1849,2024-07-06,pendiente,2982.82
3847,1551,2025-09-30,pendiente,3983.2
3848,552,2024-02-27,pendiente,2796.57
3849,1956,2024-07-16,pendiente,498.07
3850,38,2025-02-20,pendiente,3899.53
3851,1918,2024-04-18,pendiente,873.74
3852,1899,2024-10-01,pagado,308.33
3853,336,2024-04-29,pendiente,2878.18
3854,1745,2025-11-27,cancelado,548.8
3855,1653,2025-07-07,pendiente,821.58
3856,758,2025-08-08,pagado,877.24
3857,1379,2025-04-27,entregado,637.34
3858,1917,2024-09-02,enviado,2577.95
3859,278,2025-02-11,entregado,1930.55
3860,285,2024-02-06,cancelado,2955.37
3861,168,2026-03-01,enviado,4139.77
3862,454,2025-06-11,cancelado,227.23
3863,434,2024-08-20,pagado,296.79
3864,354,2025-10-24,cancelado,3839.1
3865,805,2024-01-28,pendiente,3873.62
3866,1358,2025-05-05,entregado,3224.25
3867,990,2025-07-31,entregado,4150.09
3868,1829,2024-02-06,pagado,861.75
3869,892,2025-07-07,pendiente,376.62
3870,902,2024-11-29,pendiente,495.83
3871,1629,2025-03-14,pendiente,3706.16
3872,223,2025-09-26,cancelado,2331.11
3873,841,2024-09-12,pendiente,1282.34
3874,475,2024-09-12,pagado,2192.48
3875,1110,2024-03-12,cancelado,3924.61
3876,480,2024-02-29,cancelado,1300.15
3877,1446,2024-10-09,cancelado,1547.78
3878,1986,2026-02-06,pendiente,3065.81
3879,954,2024-01-23,enviado,228.17
3880,1060,2024-08-11,pagado,3154.6
3881,427,2025-01-02,enviado,2928.3
3882,1645,2024-08-15,enviado,3076.79
3883,510,2026-01-10,cancelado,2380.14
3884,798,2024-09-14,pagado,3412.41
3885,453,2024-12-24,cancelado,350.18
3886,839,2025-08-17,entregado,393.18
3887,1542,2026-01-22,cancelado,342.22
3888,335,2025-05-17,cancelado,1051.12
3889,1391,2025-10-30,enviado,3859.92
3890,469,2025-02-02,cancelado,2410.08
3891,666,2025-09-17,pendiente,3584.72
3892,1076,2025-04-26,cancelado,817.67
3893,1639,2025-02-27,pagado,3978.56
3894,760,2025-09-11,cancelado,76.12
3895,1806,2025-06-30,entregado,3696.91
3896,1635,2024-02-07,pagado,3535.25
3897,409,2024-05-10,cancelado,4049.9
3898,1728,2024-10-31,pagado,192.4
3899,459,2025-07-10,pendiente,692.96
3900,1222,2024-10-15,entregado,3061.38
3901,280,2024-03-13,cancelado,3350.62
3902,1991,2025-07-26,pagado,3194.78
3903,750,2024-10-18,cancelado,2652.35
3904,803,2025-01-09,entregado,4076.51
3905,1538,2024-09-27,pagado,915.44
3906,1475,2024-06-22,entregado,2890.8
3907,68,2025-06-02,pagado,4011.79
3908,231,2025-04-29,pagado,83.16
3909,59,2025-09-26,pagado,1377.86
3910,1979,2026-01-26,pagado,739.47
3911,24,2025-08-02,pagado,4126.16
3912,1164,2024-11-12,pendiente,2603.29
3913,1856,2025-08-19,enviado,965.63
3914,1557,2024-03-24,cancelado,1075.85
3915,1680,2024-01-03,cancelado,1588.71
3916,1097,2024-02-07,enviado,474.06
3917,853,2026-01-16,entregado,61.79
3918,171,2024-11-19,cancelado,1165.75
3919,1160,2024-09-30,pagado,4034.14
3920,966,2025-01-30,cancelado,3677.14
3921,1362,2024-07-13,cancelado,3645.22
3922,1075,2026-03-09,pagado,3258.97
3923,1253,2024-02-25,pagado,1839.46
3924,1456,2025-01-25,entregado,1169.45
3925,1549,2024-10-03,entregado,1193.28
3926,533,2024-05-31,pagado,3390.45
3927,581,2025-09-15,pagado,2893.78
3928,1412,2024-03-28,pendiente,2974.76
3929,823,2026-02-26,cancelado,458.24
3930,230,2024-01-12,pendiente,2508.71
3931,1105,2024-09-28,pendiente,1985.83
3932,636,2024-11-16,cancelado,1750.78
3933,1129,2025-10-29,pendiente,1005.88
3934,1313,2026-02-14,pagado,2551.07
3935,604,2026-03-03,pendiente,4010.77
3936,1295,2025-12-15,enviado,2491.76
3937,894,2025-07-06,pagado,558.3
3938,611,2025-08-19,cancelado,1457.48
3939,360,2024-06-16,enviado,3468.76
3940,1821,2025-02-19,enviado,451.08
3941,1722,2024-02-06,cancelado,205.71
3942,1423,2025-06-01,pagado,547.63
3943,1126,2025-06-05,enviado,325.62
3944,1874,2024-01-01,pendiente,142.7
3945,1508,2026-02-14,entregado,1083.36
3946,723,2026-01-05,pagado,3576.33
3947,1595,2025-03-18,entregado,344.01
3948,1054,2024-10-09,pendiente,2501.25
3949,1389,2024-04-19,enviado,1131.05
3950,1110,2024-04-03,pendiente,3573.07
3951,890,2025-06-03,pagado,3841.1
3952,636,2024-03-23,pendiente,2969.93
3953,1920,2024-01-13,entregado,2976.39
3954,1375,2024-08-21,pendiente,739.72
3955,948,2025-03-31,pagado,2234.21
3956,270,2025-02-27,pendiente,1879.66
3957,784,2024-08-04,pendiente,3800.87
3958,253,2025-03-30,entregado,3581.71
3959,1331,2025-04-17,pendiente,706.88
3960,1303,2025-10-05,entregado,2431.34
3961,815,2025-03-19,entregado,300.81
3962,1943,2024-08-05,cancelado,1001.25
3963,1011,2025-02-18,pagado,2798.14
3964,1508,2025-05-19,pendiente,299.99
3965,1923,2024-09-24,pendiente,1120.29
3966,1567,2025-06-22,entregado,1719.1
3967,1247,2024-09-13,pagado,2343.96
3968,1293,2025-09-24,cancelado,2013.38
3969,238,2024-12-10,pagado,2896.99
3970,1801,2024-03-29,cancelado,1826.11
3971,534,2025-10-29,cancelado,3384.13
3972,702,2025-02-01,cancelado,3451.27
3973,1750,2024-04-21,pendiente,670.43
3974,1974,2024-06-15,pagado,2326.0
3975,999,2024-01-04,pagado,133.86
3976,1331,2024-02-14,pendiente,4115.24
3977,914,2024-05-23,entregado,754.74
3978,1559,2026-02-06,entregado,1620.24
3979,1223,2025-10-06,pagado,3910.97
3980,251,2025-01-24,enviado,1678.53
3981,720,2025-11-28,pagado,3926.14
3982,1948,2024-05-06,enviado,1986.1
3983,1720,2025-08-14,cancelado,362.32
3984,10,2024-05-14,pagado,3703.69
3985,928,2024-03-13,pendiente,4033.69
3986,1632,2024-12-31,pendiente,1049.79
3987,893,2026-02-20,pendiente,3007.06
3988,1366,2025-05-09,enviado,3854.16
3989,67,2024-03-02,cancelado,2988.47
3990,1416,2025-05-23,pendiente,3846.44
3991,1860,2024-06-21,pagado,1866.02
3992,1649,2025-10-03,entregado,3474.27
3993,1367,2024-10-21,pendiente,3736.37
3994,585,2024-06-16,pendiente,1543.49
3995,1564,2024-12-19,enviado,2042.47
3996,97,2024-06-16,enviado,884.52
3997,867,2024-05-11,pagado,1967.34
3998,616,2024-05-19,pendiente,2874.93
3999,1314,2025-01-19,entregado,2903.82
4000,1669,2025-04-10,cancelado,2090.85
4001,1398,2025-11-18,entregado,2335.87
4002,850,2024-11-17,enviado,1898.14
4003,480,2024-09-26,pendiente,1619.19
4004,1851,2025-08-10,entregado,1896.59
4005,1748,2025-08-26,cancelado,4197.34
4006,724,2024-02-08,entregado,3131.11
4007,1049,2024-05-30,pendiente,3365.29
4008,1732,2025-01-24,enviado,880.55
4009,85,2025-03-30,pendiente,1129.02
4010,1936,2025-02-10,pagado,4009.35
4011,1130,2026-02-18,enviado,670.13
4012,1922,2024-07-16,pagado,4157.36
4013,849,2024-09-02,pagado,3782.07
4014,890,2025-05-05,cancelado,3936.86
4015,1820,2024-02-08,pendiente,779.66
4016,188,2025-10-19,enviado,879.03
4017,388,2024-06-21,cancelado,4040.25
4018,1527,2024-11-22,pendiente,2754.51
4019,1996,2024-04-18,pagado,1024.25
4020,349,2024-10-22,cancelado,112.55
4021,729,2025-12-17,pagado,2613.85
4022,770,2025-02-15,enviado,2636.26
4023,432,2026-03-04,pagado,69.73
4024,62,2025-03-28,cancelado,1331.25
4025,1840,2025-06-21,pendiente,1464.04
4026,692,2024-11-03,pagado,1856.28
4027,711,2025-10-15,pagado,3307.36
4028,1214,2024-11-26,enviado,1549.05
4029,401,2024-06-16,pendiente,3032.51
4030,228,2026-01-13,pagado,3811.4
4031,1671,2025-09-13,enviado,3277.06
4032,1441,2024-12-28,entregado,1385.09
4033,1646,2024-01-23,entregado,745.09
4034,199,2025-05-02,cancelado,557.71
4035,1845,2024-08-05,cancelado,1503.29
4036,1880,2025-05-08,enviado,1106.34
4037,571,2025-04-08,pendiente,238.98
4038,1065,2025-05-06,enviado,4101.04
4039,233,2024-01-03,entregado,3619.44
4040,64,2025-01-19,pendiente,16.84
4041,195,2024-07-01,enviado,3716.31
4042,239,2024-05-13,pendiente,821.11
4043,1216,2025-06-11,pagado,3100.55
4044,1353,2024-10-29,entregado,1679.35
4045,1962,2025-07-29,entregado,2608.6
4046,623,2024-08-21,cancelado,2397.74
4047,1771,2025-06-14,pagado,2428.32
4048,1359,2024-03-13,cancelado,2083.54
4049,506,2025-06-18,pagado,2428.12
4050,455,2024-06-10,entregado,2349.83
4051,1042,2025-11-17,enviado,3015.43
4052,1612,2025-11-19,enviado,2237.18
4053,403,2025-08-20,pagado,4050.68
4054,1947,2024-04-30,pagado,798.79
4055,1142,2024-12-27,entregado,667.33
4056,360,2025-10-01,cancelado,3026.18
4057,1136,2024-04-19,enviado,1781.78
4058,957,2024-10-24,pagado,448.63
4059,820,2025-12-08,cancelado,2921.1
4060,1911,2024-08-21,pagado,797.1
4061,1792,2026-02-18,pagado,512.19
4062,1937,2026-01-22,entregado,4168.57
4063,910,2025-02-07,enviado,2968.47
4064,744,2025-04-15,entregado,361.44
4065,1521,2026-01-01,enviado,3468.03
4066,234,2024-09-03,entregado,2253.65
4067,54,2024-09-15,pendiente,4019.1
4068,1609,2025-05-07,entregado,392.78
4069,47,2024-05-07,pagado,1049.09
4070,1406,2025-11-14,pendiente,2198.03
4071,1852,2025-10-02,enviado,1203.98
4072,1207,2025-07-16,pagado,1890.44
4073,1538,2026-01-12,pendiente,1555.4
4074,1977,2024-12-16,enviado,2550.32
4075,434,2025-12-26,cancelado,3458.49
4076,584,2024-12-26,enviado,4083.98
4077,1565,2024-08-05,entregado,2766.39
4078,826,2025-06-08,cancelado,3220.19
4079,1373,2024-10-05,cancelado,2420.37
4080,1546,2024-03-15,pagado,1601.82
4081,851,2024-04-19,pendiente,2406.56
4082,738,2024-03-30,entregado,1842.8
4083,341,2025-09-20,cancelado,1997.11
4084,1162,2024-03-30,entregado,1255.15
4085,484,2025-05-20,pendiente,3057.0
4086,1864,2025-05-21,pagado,3393.03
4087,1967,2025-09-15,pagado,1424.27
4088,1161,2025-03-30,entregado,1555.07
4089,1995,2025-09-14,enviado,513.8
4090,669,2024-02-22,cancelado,1589.97
4091,856,2024-09-19,pagado,3111.28
4092,847,2024-09-04,cancelado,3029.75
4093,1291,2025-06-06,pagado,3372.91
4094,258,2025-04-29,enviado,858.5
4095,579,2024-11-08,pendiente,826.76
4096,1869,2024-11-29,cancelado,737.85
4097,1433,2025-05-14,enviado,612.41
4098,882,2025-01-06,entregado,955.61
4099,602,2025-08-16,cancelado,2701.4
4100,413,2024-10-23,pendiente,1834.19
4101,263,2024-03-01,enviado,3961.88
4102,1034,2025-02-15,pendiente,1995.9
4103,693,2024-02-04,enviado,1479.82
4104,856,2025-10-30,pendiente,2332.2
4105,1912,2024-10-20,pendiente,1307.83
4106,220,2025-11-21,enviado,1245.18
4107,953,2026-01-23,pagado,246.78
4108,1696,2025-11-02,pendiente,757.23
4109,796,2024-12-26,entregado,1178.22
4110,541,2025-05-21,cancelado,592.8
4111,522,2025-12-02,entregado,1269.96
4112,996,2024-07-05,enviado,1837.9
4113,1924,2026-01-17,pendiente,275.13
4114,1309,2025-05-21,pagado,2158.65
4115,1269,2024-12-09,enviado,3814.22
4116,538,2025-10-31,entregado,1756.29
4117,984,2026-01-16,pagado,952.54
4118,1560,2024-05-09,pendiente,2836.02
4119,54,2025-12-08,pagado,927.31
4120,1883,2024-03-19,pendiente,3439.6
4121,1365,2024-08-20,pendiente,899.72
4122,865,2024-06-04,cancelado,3253.21
4123,385,2024-06-08,enviado,1344.04
4124,1209,2024-07-19,entregado,2318.95
4125,1816,2025-04-10,cancelado,63.15
4126,309,2025-09-24,pagado,977.68
4127,55,2026-02-11,enviado,3492.0
4128,1120,2024-12-26,pagado,928.04
4129,1507,2025-08-26,entregado,435.65
4130,1393,2026-02-13,pendiente,1132.18
4131,13,2024-04-13,cancelado,2376.97
4132,879,2024-01-01,cancelado,4157.74
4133,1427,2026-01-22,pagado,498.49
4134,95,2025-03-31,pagado,44.1
4135,1392,2024-10-25,entregado,2718.05
4136,1806,2026-02-14,enviado,833.97
4137,575,2025-04-16,pagado,1381.0
4138,1100,2024-09-23,enviado,3018.81
4139,895,2024-02-27,enviado,1470.86
4140,1253,2025-02-24,entregado,297.0
4141,1645,2025-02-20,enviado,928.46
4142,362,2024-12-25,cancelado,1852.73
4143,793,2024-03-12,cancelado,1179.52
4144,453,2025-03-29,cancelado,880.02
4145,177,2024-05-03,pagado,3562.9
4146,111,2025-09-04,enviado,3437.12
4147,1832,2026-01-08,enviado,1345.19
4148,1436,2024-08-28,enviado,3203.43
4149,1932,2024-10-14,entregado,738.85
4150,590,2024-06-13,pendiente,2321.78
4151,1090,2025-03-16,cancelado,1471.67
4152,1799,2025-01-10,pagado,1611.6
4153,695,2024-06-26,cancelado,4099.22
4154,589,2024-07-08,enviado,3455.38
4155,320,2025-08-16,cancelado,1794.98
4156,746,2024-12-05,pagado,3563.38
4157,1390,2024-06-07,pendiente,1489.71
4158,1429,2024-12-14,pagado,1467.77
4159,1495,2024-06-20,pagado,2857.0
4160,1140,2024-04-20,pagado,770.89
4161,1308,2026-02-22,pagado,976.85
4162,143,2024-08-10,entregado,3152.57
4163,1884,2025-10-26,enviado,2809.06
4164,682,2024-08-27,entregado,1569.6
4165,1205,2025-05-12,pagado,2899.02
4166,1385,2024-08-06,enviado,3996.78
4167,1686,2025-05-23,enviado,3181.54
4168,1584,2024-08-23,entregado,1890.4
4169,505,2025-07-26,pagado,2659.78
4170,232,2025-11-08,pagado,3923.49
4171,1519,2025-11-29,cancelado,2737.72
4172,430,2024-07-07,enviado,2334.6
4173,861,2024-10-17,pendiente,3149.12
4174,1054,2025-11-28,pendiente,907.44
4175,730,2024-01-28,pendiente,2685.76
4176,1431,2025-03-12,pendiente,1656.0
4177,1627,2025-08-10,enviado,706.24
4178,902,2024-06-13,enviado,2248.7
4179,1936,2024-03-04,enviado,599.23
4180,855,2024-07-31,pagado,4087.84
4181,1590,2025-04-08,entregado,2966.43
4182,387,2025-10-16,pendiente,686.69
4183,1690,2025-01-05,cancelado,741.23
4184,1950,2024-01-10,pendiente,3043.76
4185,549,2025-02-24,entregado,650.37
4186,42,2024-07-04,pagado,2510.87
4187,1074,2025-02-05,entregado,3305.96
4188,211,2024-10-03,pendiente,2916.79
4189,1574,2024-08-07,enviado,1615.88
4190,1851,2024-06-30,pendiente,3246.33
4191,1098,2024-09-23,pendiente,3441.41
4192,1417,2025-02-28,entregado,1382.93
4193,1803,2024-01-17,enviado,2158.09
4194,593,2024-11-16,enviado,2400.37
4195,398,2025-09-06,entregado,467.94
4196,1125,2024-07-12,entregado,2643.61
4197,1869,2025-01-28,enviado,175.67
4198,19,2025-07-26,enviado,2628.17
4199,1334,2024-07-01,pagado,1761.32
4200,1000,2024-06-02,pendiente,1775.54
4201,1494,2025-08-23,enviado,3126.0
4202,1980,2024-12-17,pagado,2027.88
4203,137,2025-09-10,pendiente,1284.58
4204,1140,2025-07-27,cancelado,662.66
4205,45,2025-05-16,entregado,3930.33
4206,1154,2024-06-22,pendiente,232.38
4207,785,2024-03-15,enviado,1403.54
4208,494,2024-10-19,cancelado,2391.41
4209,415,2025-07-25,enviado,348.47
4210,1145,2024-06-05,pendiente,1620.46
4211,1997,2024-06-26,pagado,342.48
4212,401,2024-09-28,enviado,148.17
4213,959,2024-11-05,enviado,12.3
4214,48,2024-05-10,pagado,2895.52
4215,1884,2025-07-28,enviado,2835.38
4216,1403,2025-02-12,pendiente,1023.34
4217,69,2024-05-19,pendiente,320.52
4218,220,2025-03-30,cancelado,3903.06
4219,450,2024-05-13,entregado,3586.14
4220,283,2025-09-16,pendiente,367.42
4221,852,2025-01-16,pendiente,2465.51
4222,1967,2024-03-19,pagado,3271.35
4223,1743,2025-05-04,enviado,2916.43
4224,1035,2024-09-24,pagado,2382.08
4225,218,2025-03-18,pendiente,1582.38
4226,606,2025-08-04,enviado,1969.05
4227,1139,2025-11-21,pendiente,837.58
4228,1323,2024-08-01,cancelado,1303.64
4229,1814,2025-08-11,pagado,3410.28
4230,623,2025-02-18,enviado,394.74
4231,988,2024-01-27,pendiente,4191.09
4232,1539,2026-02-14,cancelado,1255.5
4233,979,2024-05-07,cancelado,1736.23
4234,1324,2024-08-10,enviado,30.27
4235,286,2024-04-24,cancelado,854.97
4236,1518,2024-11-09,entregado,267.8
4237,1480,2025-12-01,pagado,1518.42
4238,1469,2024-05-06,enviado,376.23
4239,1107,2025-03-08,pendiente,2629.31
4240,1491,2025-07-28,enviado,2494.64
4241,450,2025-12-13,pendiente,2385.99
4242,548,2024-01-01,cancelado,3262.85
4243,1443,2025-10-08,pagado,2821.67
4244,199,2024-12-03,enviado,2969.72
4245,171,2024-02-23,entregado,596.48
4246,1450,2025-11-10,enviado,2759.65
4247,1732,2025-08-22,enviado,1690.2
4248,118,2026-02-01,pendiente,1256.06
4249,286,2024-11-26,enviado,1706.04
4250,1910,2025-03-06,cancelado,3734.69
4251,1418,2025-01-30,enviado,2144.18
4252,120,2026-02-18,entregado,4074.2
4253,5,2025-02-26,enviado,3549.72
4254,328,2024-10-05,entregado,223.56
4255,212,2024-03-29,pagado,2860.32
4256,721,2025-12-24,cancelado,2944.35
4257,149,2024-11-14,enviado,2286.75
4258,1977,2026-01-11,cancelado,2994.16
4259,958,2025-08-03,entregado,1541.81
4260,1393,2024-12-18,cancelado,2285.71
4261,811,2025-07-16,pendiente,3580.82
4262,567,2025-11-29,pendiente,1801.89
4263,1983,2025-01-13,pagado,423.6
4264,945,2025-08-17,entregado,1247.4
4265,1812,2025-07-27,entregado,1575.96
4266,1836,2024-03-20,pendiente,4063.93
4267,1601,2024-10-28,pagado,4161.67
4268,1696,2025-03-10,enviado,867.21
4269,734,2025-07-08,cancelado,82.82
4270,588,2024-02-22,pendiente,31.17
4271,1748,2024-01-13,pendiente,2109.1
4272,122,2026-01-10,pendiente,1228.24
4273,1028,2026-01-29,enviado,2966.33
4274,1008,2025-07-05,cancelado,3415.65
4275,1699,2025-08-18,pendiente,3974.42
4276,1081,2024-02-07,cancelado,3835.73
4277,1913,2026-02-10,pendiente,2079.31
4278,787,2024-03-05,pendiente,701.25
4279,1602,2026-01-06,pendiente,1451.26
4280,578,2024-05-13,enviado,3445.86
4281,879,2024-01-09,cancelado,911.25
4282,1874,2024-09-26,cancelado,610.33
4283,331,2024-08-26,cancelado,1199.98
4284,1091,2025-07-26,enviado,2859.79
4285,258,2025-06-13,pagado,1668.34
4286,565,2025-07-07,pendiente,3046.21
4287,298,2024-04-19,pagado,741.2
4288,1854,2024-06-07,pendiente,980.47
4289,318,2026-01-19,cancelado,3028.21
4290,855,2024-04-29,pendiente,1663.68
4291,329,2025-06-04,entregado,1550.14
4292,1490,2024-06-11,entregado,2822.81
4293,1106,2025-11-06,enviado,4000.0
4294,1103,2025-07-18,cancelado,531.65
4295,215,2025-06-04,entregado,1308.61
4296,391,2026-02-04,cancelado,2791.64
4297,1262,2025-10-16,pagado,2174.9
4298,1177,2024-01-09,enviado,2176.49
4299,1679,2024-02-11,pendiente,263.3
4300,1570,2025-09-18,pagado,3229.13
4301,1832,2024-11-26,entregado,957.9
4302,208,2024-12-24,pendiente,2321.67
4303,1809,2025-12-14,pendiente,1202.49
4304,95,2024-09-24,entregado,1800.23
4305,316,2024-11-11,pendiente,1189.91
4306,1131,2026-02-15,entregado,3574.0
4307,1390,2025-05-27,pendiente,1085.52
4308,1417,2025-08-08,enviado,1843.12
4309,53,2025-11-30,entregado,4094.58
4310,1027,2025-10-07,pendiente,3949.94
4311,83,2024-09-03,cancelado,2830.63
4312,616,2025-11-18,pagado,4029.49
4313,116,2025-06-14,pagado,2939.52
4314,1104,2024-11-22,enviado,1806.65
4315,1354,2025-08-17,cancelado,1640.49
4316,230,2024-09-30,pendiente,2736.31
4317,57,2025-04-03,cancelado,2699.12
4318,867,2024-06-15,pagado,2748.61
4319,1383,2025-06-13,cancelado,2314.95
4320,1547,2024-03-22,enviado,935.85
4321,364,2025-06-05,pagado,3324.74
4322,1877,2026-02-11,pagado,783.06
4323,432,2024-06-11,cancelado,418.71
4324,1797,2026-03-03,pagado,2710.47
4325,1111,2024-05-09,cancelado,1522.43
4326,1092,2024-02-10,cancelado,3298.86
4327,1347,2025-10-24,entregado,1244.59
4328,1962,2024-03-23,entregado,777.81
4329,1931,2025-03-05,cancelado,2676.12
4330,1646,2024-02-16,cancelado,3418.16
4331,1623,2025-09-30,pagado,799.72
4332,1034,2025-04-28,pendiente,3455.86
4333,1539,2024-04-20,enviado,2418.85
4334,1819,2024-05-02,pendiente,380.67
4335,321,2026-01-25,enviado,2258.05
4336,1817,2024-06-24,cancelado,3559.35
4337,98,2026-01-25,entregado,1062.13
4338,34,2025-09-03,pendiente,2786.55
4339,572,2024-07-04,entregado,2469.52
4340,714,2024-02-03,entregado,373.27
4341,553,2026-01-19,cancelado,3017.85
4342,1209,2025-12-13,pagado,14.82
4343,1538,2025-09-24,entregado,1502.57
4344,42,2025-07-12,entregado,440.33
4345,1182,2025-03-26,pendiente,1353.77
4346,1236,2024-10-07,pagado,835.54
4347,500,2025-10-20,pagado,3022.76
4348,1691,2025-08-10,enviado,3447.67
4349,1424,2025-10-10,pendiente,2415.15
4350,416,2024-03-15,entregado,2453.13
4351,1574,2025-02-15,pagado,2355.09
4352,1752,2024-09-13,pendiente,82.37
4353,1506,2024-06-03,cancelado,751.8
4354,345,2025-05-03,enviado,2168.16
4355,1804,2024-07-09,pagado,1687.82
4356,1936,2024-09-20,enviado,1522.77
4357,357,2025-05-14,entregado,210.24
4358,1050,2024-04-16,pagado,3087.05
4359,339,2025-08-25,pagado,1972.52
4360,274,2024-11-11,enviado,1102.67
4361,1539,2024-12-29,cancelado,2052.41
4362,433,2024-09-08,entregado,3408.44
4363,160,2026-02-15,cancelado,1423.39
4364,924,2024-04-16,entregado,2940.62
4365,1256,2024-01-26,cancelado,204.15
4366,1238,2024-02-29,pagado,3518.83
4367,439,2025-10-02,cancelado,1493.06
4368,492,2024-06-29,pagado,3300.8
4369,863,2024-09-04,cancelado,1624.66
4370,217,2025-05-12,enviado,1608.28
4371,650,2025-01-25,entregado,341.72
4372,1864,2025-04-25,cancelado,675.21
4373,1108,2025-01-20,enviado,2908.36
4374,1818,2024-11-05,enviado,2450.29
4375,1071,2024-09-16,entregado,3401.07
4376,418,2025-03-12,entregado,2692.55
4377,919,2025-03-21,pendiente,822.04
4378,1613,2024-10-16,pendiente,1699.43
4379,16,2026-01-21,enviado,3718.24
4380,928,2024-07-30,cancelado,3261.8
4381,1321,2024-10-06,pendiente,3285.11
4382,1366,2025-07-26,cancelado,2307.74
4383,599,2024-08-08,entregado,2731.77
4384,1771,2024-11-03,cancelado,1169.19
4385,1464,2024-04-09,cancelado,3983.09
4386,1427,2025-10-04,cancelado,379.33
4387,617,2024-02-06,cancelado,416.02
4388,1816,2025-07-05,cancelado,3853.2
4389,905,2025-04-22,entregado,3103.7
4390,1464,2024-03-19,pendiente,517.41
4391,258,2025-03-26,pendiente,4045.68
4392,1411,2025-04-29,pagado,1498.81
4393,1744,2026-03-06,cancelado,3709.73
4394,1397,2024-10-29,entregado,3597.14
4395,1338,2025-10-18,cancelado,1543.76
4396,584,2024-01-08,pagado,3821.47
4397,1280,2024-02-14,enviado,929.86
4398,1403,2025-05-12,pendiente,3616.82
4399,1447,2025-08-19,entregado,3301.55
4400,1365,2026-01-16,cancelado,442.57
4401,201,2024-11-22,cancelado,1428.49
4402,1170,2025-11-03,pendiente,1666.5
4403,181,2024-09-08,enviado,3083.17
4404,803,2025-06-10,enviado,3357.95
4405,196,2025-01-03,enviado,3063.85
4406,1015,2025-04-02,pagado,2953.17
4407,184,2024-08-03,pendiente,3860.29
4408,1300,2025-12-07,pagado,3597.18
4409,1955,2024-09-18,cancelado,3135.73
4410,1214,2024-11-02,pagado,1432.71
4411,979,2024-02-13,pendiente,393.45
4412,1715,2025-06-21,pendiente,3173.95
4413,1745,2024-08-22,cancelado,2644.09
4414,1387,2024-05-18,cancelado,2470.79
4415,174,2025-02-20,entregado,2309.39
4416,1568,2024-03-14,pagado,2046.2
4417,756,2025-02-18,pagado,2144.49
4418,1110,2025-11-26,enviado,3943.76
4419,866,2024-03-01,pendiente,1843.66
4420,854,2025-07-26,entregado,3665.39
4421,214,2025-02-27,enviado,3071.15
4422,886,2026-02-06,entregado,1822.83
4423,359,2025-10-17,pagado,1426.43
4424,940,2024-12-06,pendiente,1867.58
4425,1753,2025-09-27,entregado,4125.53
4426,1861,2025-07-12,pagado,3904.26
4427,325,2025-07-08,enviado,2351.5
4428,1204,2025-07-22,cancelado,1112.15
4429,1855,2025-07-15,pendiente,2314.13
4430,836,2025-07-03,entregado,1776.0
4431,1783,2025-11-23,pendiente,1519.12
4432,468,2024-11-24,entregado,4010.72
4433,1853,2025-04-20,cancelado,153.96
4434,1774,2025-10-02,cancelado,947.6
4435,1584,2025-06-15,cancelado,629.32
4436,1127,2025-03-08,cancelado,3361.37
4437,757,2024-04-01,pagado,2662.74
4438,1285,2024-09-30,enviado,2825.41
4439,1452,2024-03-29,enviado,3621.28
4440,1112,2025-06-05,entregado,399.26
4441,1784,2026-01-05,pendiente,3178.53
4442,210,2025-03-13,pagado,2394.34
4443,1210,2025-02-15,enviado,1749.48
4444,679,2025-02-18,enviado,146.97
4445,1478,2024-05-05,pagado,3111.51
4446,341,2026-01-04,enviado,494.81
4447,1989,2026-03-08,pendiente,1873.5
4448,707,2025-05-28,cancelado,278.95
4449,1857,2024-06-18,pendiente,3609.25
4450,711,2024-09-25,enviado,1220.64
4451,874,2025-04-27,entregado,1094.85
4452,1322,2025-09-23,pagado,372.8
4453,1874,2025-02-11,entregado,2081.01
4454,1208,2025-10-02,pendiente,3741.28
4455,1760,2025-05-06,cancelado,4077.12
4456,29,2025-12-04,pagado,2008.21
4457,100,2024-07-13,cancelado,3179.62
4458,1884,2025-06-20,entregado,2225.89
4459,553,2025-04-07,entregado,3418.56
4460,842,2024-08-15,pagado,3224.72
4461,1163,2025-09-17,pagado,1674.47
4462,1717,2025-10-31,cancelado,2389.72
4463,741,2025-03-10,pagado,1832.95
4464,769,2024-06-28,entregado,2614.43
4465,1819,2024-11-13,enviado,241.29
4466,1925,2025-03-31,pendiente,1973.58
4467,1057,2024-06-09,enviado,3907.08
4468,275,2025-09-08,enviado,4023.07
4469,715,2026-01-29,pagado,3199.63
4470,1667,2024-11-05,entregado,1287.11
4471,70,2024-08-08,entregado,2148.37
4472,1873,2025-01-10,cancelado,2734.91
4473,1658,2025-10-17,cancelado,2713.8
4474,479,2026-01-26,cancelado,2187.66
4475,1302,2024-09-19,entregado,912.5
4476,1756,2024-12-14,pendiente,860.07
4477,1007,2024-12-29,entregado,2386.0
4478,479,2025-02-16,pendiente,1257.38
4479,34,2024-06-01,cancelado,2540.62
4480,873,2025-12-08,cancelado,3878.98
4481,577,2025-06-24,entregado,84.5
4482,703,2024-05-11,cancelado,3712.29
4483,1181,2025-03-02,pendiente,2670.12
4484,1577,2025-11-27,enviado,766.77
4485,1209,2025-12-10,entregado,2106.27
4486,1772,2025-01-09,enviado,2673.47
4487,1730,2025-02-08,pendiente,734.08
4488,1410,2026-02-05,entregado,3683.97
4489,1357,2026-02-01,cancelado,2786.04
4490,1734,2024-11-09,enviado,2535.65
4491,1359,2025-12-20,pendiente,3472.0
4492,176,2024-05-22,cancelado,2291.79
4493,243,2024-02-09,pagado,3592.05
4494,339,2024-03-14,entregado,1405.77
4495,1689,2025-04-12,cancelado,2619.21
4496,1496,2024-02-05,entregado,1265.38
4497,908,2025-01-30,pagado,1648.41
4498,820,2024-07-09,cancelado,2136.43
4499,1869,2024-12-03,entregado,2457.15
4500,1951,2024-04-26,pendiente,3726.43
4501,1035,2025-01-22,pagado,469.57
4502,179,2024-08-06,cancelado,3577.84
4503,1150,2025-10-07,pendiente,3842.66
4504,1414,2025-07-16,pagado,499.03
4505,862,2024-12-22,cancelado,3401.38
4506,722,2024-07-16,enviado,2270.07
4507,733,2024-12-16,entregado,1737.71
4508,1931,2025-01-30,pagado,1863.72
4509,1387,2024-07-12,cancelado,77.33
4510,925,2025-10-17,pagado,3548.28
4511,146,2024-09-18,pagado,4077.53
4512,1841,2025-04-24,pendiente,3818.05
4513,1636,2025-02-03,pendiente,4198.2
4514,1055,2024-11-27,cancelado,976.04
4515,1576,2024-02-24,enviado,247.53
4516,1529,2025-10-14,enviado,2128.25
4517,1761,2025-10-20,entregado,892.25
4518,1801,2025-10-10,cancelado,2692.59
4519,1650,2024-10-04,entregado,151.96
4520,1970,2024-08-25,cancelado,1183.58
4521,289,2026-01-16,pendiente,867.96
4522,1700,2024-08-08,cancelado,2931.35
4523,261,2024-12-28,entregado,2012.69
4524,1014,2025-09-21,entregado,2653.81
4525,734,2024-07-31,pagado,404.38
4526,152,2024-07-30,enviado,2706.88
4527,1773,2024-03-12,pagado,2345.19
4528,646,2024-10-28,entregado,3273.12
4529,1894,2024-01-30,pagado,14.35
4530,1116,2024-04-30,enviado,57.24
4531,1527,2025-08-11,enviado,3713.64
4532,315,2025-02-21,cancelado,3113.34
4533,493,2025-06-01,cancelado,906.98
4534,1776,2025-05-19,enviado,4172.58
4535,1759,2025-06-15,entregado,566.98
4536,1484,2024-07-08,enviado,1348.96
4537,903,2024-05-21,pendiente,3016.51
4538,166,2025-12-12,pagado,1717.55
4539,706,2024-03-11,entregado,2927.0
4540,1505,2024-05-29,pagado,3910.03
4541,200,2025-06-25,enviado,3933.01
4542,1894,2024-08-05,pendiente,2257.09
4543,72,2025-03-31,cancelado,2754.86
4544,281,2025-01-08,cancelado,836.0
4545,175,2024-05-11,cancelado,3000.18
4546,909,2024-08-01,entregado,863.73
4547,1197,2026-01-26,pagado,1589.04
4548,353,2024-09-19,enviado,3640.25
4549,1272,2024-03-28,entregado,1623.36
4550,1972,2024-03-20,entregado,3858.34
4551,1243,2024-03-28,cancelado,950.21
4552,1044,2025-12-14,pagado,2401.76
4553,1698,2025-03-04,enviado,2632.59
4554,887,2025-12-16,pagado,773.09
4555,1628,2024-11-26,pendiente,2602.4
4556,1147,2025-02-02,cancelado,649.67
4557,1062,2025-03-09,pendiente,102.36
4558,744,2024-07-28,pagado,1920.68
4559,232,2024-05-22,enviado,2373.6
4560,258,2024-08-25,cancelado,532.43
4561,1041,2025-05-29,pendiente,33.78
4562,227,2024-12-20,pendiente,159.66
4563,169,2024-03-31,enviado,2732.31
4564,220,2026-01-05,pendiente,1710.91
4565,1087,2024-04-25,entregado,2961.51
4566,519,2025-03-31,cancelado,1847.68
4567,1666,2024-07-27,pagado,713.91
4568,1195,2025-12-12,entregado,1006.16
4569,500,2025-05-14,entregado,3576.99
4570,1657,2024-12-25,entregado,61.31
4571,317,2024-11-30,pagado,343.32
4572,1142,2024-07-16,enviado,3984.91
4573,159,2024-12-20,cancelado,2500.54
4574,1938,2026-01-05,enviado,17.49
4575,1055,2024-03-12,entregado,1772.5
4576,1803,2024-01-29,enviado,2114.21
4577,1891,2025-08-27,entregado,1372.75
4578,173,2025-10-23,cancelado,1104.34
4579,198,2025-11-06,pagado,1350.91
4580,603,2025-07-09,pendiente,624.01
4581,790,2025-07-21,pendiente,3713.72
4582,1792,2025-10-08,pagado,3150.93
4583,239,2025-05-08,cancelado,1221.81
4584,1916,2024-06-25,entregado,1978.11
4585,1314,2024-07-11,enviado,1726.92
4586,1369,2024-05-17,pendiente,3217.7
4587,1071,2025-09-11,pendiente,393.27
4588,1582,2025-09-13,pagado,2307.16
4589,1815,2025-07-05,pagado,1325.86
4590,1930,2025-07-17,entregado,1103.98
4591,1315,2024-01-18,pagado,755.08
4592,1802,2026-01-27,pagado,4101.47
4593,1565,2025-05-12,pagado,4137.93
4594,578,2024-03-09,enviado,2790.69
4595,1512,2025-08-11,pagado,317.63
4596,1550,2024-07-21,pendiente,2225.55
4597,111,2025-03-03,entregado,1236.9
4598,928,2024-07-06,enviado,1699.01
4599,549,2025-10-15,entregado,3097.45
4600,1951,2026-01-14,pendiente,2787.54
4601,61,2025-01-10,enviado,2209.42
4602,53,2024-12-22,pagado,145.68
4603,1657,2024-08-11,enviado,3622.46
4604,99,2024-12-01,pagado,3804.86
4605,1909,2024-02-02,cancelado,2773.12
4606,425,2024-02-16,pagado,3496.08
4607,1473,2025-05-03,pendiente,919.9
4608,1196,2026-03-05,cancelado,159.9
4609,23,2025-10-28,pendiente,571.0
4610,207,2024-06-14,pagado,1951.03
4611,254,2026-02-13,cancelado,1416.01
4612,22,2025-03-16,cancelado,400.04
4613,384,2025-10-28,entregado,4132.68
4614,1621,2024-08-27,pendiente,2906.62
4615,1425,2025-12-22,entregado,1060.65
4616,1776,2025-08-03,pagado,224.89
4617,1459,2026-01-11,cancelado,609.95
4618,1916,2024-12-11,pendiente,2909.04
4619,1781,2026-03-01,pagado,1252.03
4620,826,2025-07-30,enviado,3447.29
4621,930,2024-05-04,enviado,2254.44
4622,1269,2024-04-10,entregado,3183.07
4623,459,2024-09-02,pendiente,2336.12
4624,1656,2024-02-27,entregado,3291.94
4625,25,2025-01-10,cancelado,3846.31
4626,521,2024-02-20,cancelado,900.42
4627,1315,2025-06-19,pendiente,3705.53
4628,1166,2025-06-13,pagado,1019.22
4629,277,2024-06-15,cancelado,3436.91
4630,72,2024-02-04,pendiente,1009.43
4631,794,2024-05-26,pagado,2426.71
4632,1136,2025-08-15,entregado,2400.52
4633,481,2024-10-01,entregado,3173.51
4634,1239,2025-12-28,pagado,1093.48
4635,1585,2025-06-15,cancelado,503.79
4636,267,2024-09-07,cancelado,1773.06
4637,1198,2025-02-27,pendiente,3797.53
4638,897,2024-04-17,entregado,3279.35
4639,647,2025-08-25,enviado,47.45
4640,426,2024-07-05,entregado,1601.54
4641,1763,2025-04-26,pagado,337.9
4642,1289,2026-03-03,pagado,4125.94
4643,834,2025-11-25,enviado,2982.69
4644,1152,2025-07-05,enviado,4020.49
4645,1533,2025-08-14,enviado,754.26
4646,1937,2025-05-31,entregado,1416.49
4647,616,2025-05-13,entregado,3596.39
4648,728,2025-09-20,entregado,1863.02
4649,326,2024-06-18,enviado,3764.97
4650,1054,2025-10-15,cancelado,3978.07
4651,427,2025-04-16,enviado,2978.09
4652,692,2024-02-24,pendiente,224.32
4653,1355,2025-08-25,enviado,1987.75
4654,1479,2024-10-23,entregado,52.45
4655,1868,2024-09-25,enviado,1004.39
4656,227,2025-12-01,cancelado,3957.73
4657,276,2025-10-20,entregado,448.28
4658,1706,2025-06-04,pagado,3774.04
4659,692,2024-09-01,cancelado,92.97
4660,1876,2024-01-13,pagado,1622.33
4661,1814,2025-08-12,entregado,2114.82
4662,1032,2025-02-27,pagado,526.8
4663,1123,2025-11-29,entregado,638.01
4664,353,2025-05-19,enviado,1072.94
4665,1639,2024-10-10,enviado,1820.78
4666,66,2025-03-05,entregado,3139.87
4667,966,2024-01-12,entregado,799.71
4668,1917,2024-01-04,entregado,3861.09
4669,900,2024-06-05,pagado,3580.64
4670,1690,2024-08-02,entregado,2709.65
4671,653,2024-02-15,cancelado,4069.87
4672,1292,2025-04-04,enviado,1683.91
4673,1313,2025-07-29,entregado,3131.43
4674,1033,2025-07-21,pagado,2805.95
4675,323,2024-01-13,entregado,4121.53
4676,1540,2025-08-10,cancelado,980.46
4677,1988,2024-07-10,pendiente,2473.14
4678,307,2025-07-04,entregado,861.0
4679,551,2025-06-02,enviado,46.69
4680,1722,2025-09-25,cancelado,3557.39
4681,1099,2024-10-24,enviado,782.96
4682,1843,2025-03-27,entregado,4195.75
4683,58,2025-06-04,enviado,2085.29
4684,1758,2025-04-17,pendiente,3767.61
4685,907,2024-02-17,entregado,1282.68
4686,421,2024-11-06,cancelado,3955.99
4687,722,2026-01-27,pendiente,581.2
4688,1006,2025-12-04,cancelado,4088.63
4689,310,2025-01-01,cancelado,2378.46
4690,701,2025-07-10,pagado,3796.86
4691,620,2025-04-08,entregado,3623.84
4692,576,2025-07-18,cancelado,419.17
4693,476,2025-06-23,pendiente,869.06
4694,325,2024-07-20,pagado,4089.97
4695,957,2024-10-25,entregado,1321.12
4696,1739,2025-12-31,pendiente,3012.54
4697,1792,2025-01-14,cancelado,3723.13
4698,284,2024-01-15,pendiente,3411.66
4699,1916,2024-09-11,pendiente,1270.01
4700,1780,2026-01-17,pagado,342.75
4701,1445,2025-02-24,cancelado,2510.77
4702,1450,2024-06-28,enviado,2934.93
4703,1027,2024-11-23,enviado,2423.44
4704,933,2024-03-06,pagado,713.57
4705,1490,2024-11-08,cancelado,184.72
4706,598,2024-01-08,cancelado,1443.28
4707,108,2025-09-25,pendiente,219.76
4708,1730,2025-08-08,cancelado,2071.22
4709,1324,2024-08-12,pendiente,3507.62
4710,1790,2024-12-21,pendiente,3689.85
4711,269,2025-03-27,pagado,793.89
4712,73,2024-10-22,cancelado,674.93
4713,1122,2024-10-29,enviado,4109.32
4714,589,2024-10-04,pagado,3533.84
4715,672,2024-09-20,pendiente,3928.93
4716,1263,2026-02-06,cancelado,3419.78
4717,921,2025-05-08,enviado,2552.08
4718,1405,2025-10-11,cancelado,85.44
4719,1846,2024-05-24,pagado,3624.83
4720,571,2024-10-30,enviado,2621.21
4721,316,2024-11-20,pagado,2181.79
4722,1869,2025-11-20,entregado,1096.81
4723,773,2024-03-11,pendiente,3345.44
4724,814,2025-03-06,cancelado,3004.46
4725,293,2025-10-06,enviado,664.17
4726,945,2025-06-06,entregado,2430.62
4727,300,2024-01-17,pagado,3265.44
4728,1332,2026-01-20,cancelado,3572.84
4729,293,2025-05-22,cancelado,2950.37
4730,213,2024-10-06,entregado,2863.03
4731,1199,2025-03-27,cancelado,2259.88
4732,628,2024-02-17,cancelado,1654.52
4733,402,2024-01-10,enviado,2201.62
4734,829,2025-10-02,cancelado,2436.22
4735,1432,2024-08-21,entregado,3935.21
4736,201,2025-01-05,entregado,1024.22
4737,1097,2025-11-11,enviado,2125.28
4738,1616,2024-11-22,pendiente,2720.49
4739,673,2024-11-26,enviado,1429.04
4740,993,2024-12-12,entregado,2385.43
4741,1197,2024-07-16,enviado,1797.8
4742,1081,2026-01-06,pagado,2584.79
4743,732,2024-02-12,pendiente,201.21
4744,1248,2024-06-04,enviado,3702.08
4745,662,2025-03-20,pagado,2906.16
4746,1278,2024-12-09,entregado,3488.29
4747,831,2024-09-05,pagado,871.04
4748,1175,2024-04-23,entregado,3161.89
4749,713,2024-02-19,enviado,1549.87
4750,840,2024-09-16,cancelado,1347.05
4751,866,2025-07-07,cancelado,1509.96
4752,1431,2025-08-07,cancelado,3079.29
4753,1422,2024-12-22,entregado,1163.85
4754,241,2025-02-06,entregado,3377.49
4755,1183,2025-10-11,pagado,2904.61
4756,577,2026-01-14,cancelado,29.28
4757,765,2025-02-12,enviado,3342.0
4758,417,2025-09-11,cancelado,1875.91
4759,1719,2025-05-04,entregado,2204.47
4760,550,2024-07-14,enviado,2568.37
4761,773,2024-08-27,pagado,1106.09
4762,750,2025-05-17,enviado,2362.27
4763,1899,2024-12-12,pendiente,1714.41
4764,212,2025-10-27,entregado,3077.93
4765,1623,2024-10-13,pendiente,3501.26
4766,243,2025-04-05,pendiente,3529.27
4767,1796,2024-06-23,entregado,935.88
4768,1195,2025-12-10,pagado,610.07
4769,167,2024-02-26,pendiente,3125.82
4770,1056,2025-06-16,enviado,3486.65
4771,1305,2025-07-22,cancelado,3487.55
4772,1306,2024-04-27,cancelado,689.04
4773,1162,2024-01-12,pendiente,3265.86
4774,662,2025-09-22,pendiente,713.5
4775,1084,2025-02-24,enviado,868.21
4776,1508,2025-09-29,pagado,2872.84
4777,1502,2024-11-14,pendiente,3641.73
4778,1802,2024-04-01,pendiente,1772.16
4779,1885,2025-01-08,enviado,3314.91
4780,397,2025-10-11,enviado,80.41
4781,1904,2024-08-21,pendiente,3251.31
4782,597,2026-02-11,entregado,3953.45
4783,385,2025-07-10,entregado,3824.17
4784,1809,2024-03-29,entregado,2306.76
4785,1472,2026-01-05,entregado,3102.85
4786,1335,2024-11-15,pendiente,922.68
4787,1239,2024-04-09,entregado,1115.34
4788,523,2024-04-12,enviado,3950.19
4789,1916,2024-10-29,enviado,1981.6
4790,1172,2024-09-03,pendiente,1546.11
4791,1308,2026-01-30,pendiente,2627.2
4792,1168,2026-02-11,pagado,3176.28
4793,1479,2024-10-28,pendiente,920.47
4794,446,2025-09-11,cancelado,1271.12
4795,1772,2025-07-19,cancelado,2587.99
4796,295,2024-07-07,pagado,2807.6
4797,487,2026-03-03,pendiente,2730.43
4798,874,2025-04-06,enviado,2507.74
4799,647,2025-03-11,enviado,1244.88
4800,1298,2024-11-28,pagado,3825.7
4801,1582,2025-03-09,cancelado,2795.36
4802,1889,2024-03-27,pendiente,1470.03
4803,1205,2025-08-28,cancelado,1827.78
4804,705,2025-05-24,pendiente,2631.21
4805,572,2025-02-05,enviado,782.01
4806,1745,2024-02-11,enviado,2215.27
4807,178,2024-02-26,entregado,213.74
4808,1561,2025-02-24,pendiente,1589.33
4809,618,2025-06-27,cancelado,3727.43
4810,726,2024-04-07,pendiente,3931.91
4811,944,2024-12-25,pendiente,36.61
4812,400,2024-11-27,pagado,1614.34
4813,1320,2024-10-20,entregado,1540.55
4814,1253,2024-08-31,cancelado,3979.71
4815,1027,2025-07-07,pagado,3060.58
4816,574,2025-08-18,entregado,3321.77
4817,809,2025-01-11,entregado,871.08
4818,1736,2025-09-22,enviado,3990.39
4819,1791,2024-10-20,entregado,1881.05
4820,940,2025-12-05,pagado,1929.45
4821,471,2025-06-23,enviado,139.1
4822,209,2024-02-14,cancelado,1192.49
4823,1505,2025-08-25,pagado,3865.95
4824,1401,2025-12-08,pagado,2340.6
4825,1349,2024-01-18,enviado,2112.41
4826,164,2025-02-19,pagado,2832.13
4827,231,2025-07-06,pendiente,3239.33
4828,1600,2025-07-12,entregado,2003.56
4829,54,2025-08-12,pendiente,2488.52
4830,552,2024-12-21,enviado,2068.31
4831,975,2024-07-24,pagado,904.28
4832,498,2024-03-01,pendiente,308.06
4833,585,2024-07-14,pagado,3548.42
4834,200,2025-04-11,pendiente,2888.14
4835,1258,2026-01-17,enviado,3401.18
4836,159,2024-04-22,enviado,2195.52
4837,1960,2024-12-15,pagado,3908.22
4838,835,2025-10-29,entregado,4180.22
4839,162,2024-02-05,enviado,2205.36
4840,55,2025-02-06,pagado,2062.15
4841,1079,2025-09-08,pagado,57.41
4842,1119,2025-06-12,cancelado,224.96
4843,1955,2024-05-05,enviado,270.25
4844,562,2024-05-10,pagado,337.86
4845,703,2024-01-22,pagado,3624.34
4846,1660,2026-03-04,cancelado,1045.2
4847,1902,2025-11-14,pagado,1745.95
4848,493,2024-11-02,pagado,2847.79
4849,389,2025-05-20,entregado,504.06
4850,403,2025-08-27,pendiente,1800.82
4851,1242,2026-01-25,cancelado,566.42
4852,456,2026-03-05,enviado,2674.82
4853,963,2024-09-15,cancelado,3465.42
4854,1785,2024-04-15,cancelado,464.85
4855,1209,2025-09-22,enviado,2146.06
4856,825,2026-01-30,cancelado,1722.74
4857,1784,2026-02-22,enviado,3837.2
4858,435,2025-09-11,entregado,4187.56
4859,322,2025-04-14,cancelado,1177.76
4860,744,2024-07-11,pendiente,311.68
4861,1045,2024-03-04,pagado,1660.7
4862,698,2026-02-11,cancelado,3892.2
4863,515,2024-10-04,cancelado,2288.93
4864,1341,2024-08-10,pendiente,1132.44
4865,466,2024-12-09,pagado,1791.61
4866,598,2025-04-04,enviado,3430.49
4867,977,2026-01-01,entregado,3591.6
4868,1934,2024-03-02,pendiente,2602.61
4869,1166,2025-07-07,pendiente,4067.24
4870,391,2024-08-13,entregado,3112.12
4871,33,2025-02-23,pendiente,107.68
4872,44,2025-02-26,enviado,3357.76
4873,1770,2026-02-13,pagado,2543.08
4874,469,2024-09-12,enviado,1697.42
4875,1739,2024-06-26,pagado,2994.55
4876,1750,2024-08-08,cancelado,3810.32
4877,1108,2024-07-25,pagado,2039.97
4878,1342,2026-03-08,pendiente,3514.21
4879,1536,2025-09-19,pendiente,1397.11
4880,375,2024-06-17,entregado,2265.69
4881,391,2024-08-03,entregado,3104.66
4882,344,2024-10-29,enviado,3767.82
4883,489,2025-08-06,entregado,4000.37
4884,1863,2026-02-23,enviado,1565.69
4885,1771,2025-01-14,pagado,1786.88
4886,388,2025-03-13,entregado,1140.52
4887,1565,2025-07-30,enviado,2980.41
4888,1048,2024-08-18,entregado,793.99
4889,1255,2025-05-16,cancelado,1415.84
4890,1674,2024-11-06,enviado,2506.89
4891,586,2024-11-29,entregado,2740.45
4892,1429,2025-09-07,pagado,1232.0
4893,1750,2024-03-11,enviado,4149.38
4894,1859,2025-05-09,cancelado,1232.55
4895,273,2024-06-19,pagado,2154.21
4896,1028,2024-02-20,enviado,4002.47
4897,553,2025-12-09,enviado,494.25
4898,1582,2024-07-26,entregado,2973.27
4899,1054,2025-09-14,pagado,1020.79
4900,455,2025-09-23,entregado,721.63
4901,526,2026-01-16,enviado,3974.07
4902,116,2024-09-11,cancelado,3494.32
4903,1801,2025-12-20,pendiente,506.35
4904,1641,2024-11-07,enviado,3578.72
4905,1498,2025-09-21,cancelado,225.31
4906,83,2025-09-14,enviado,1875.0
4907,508,2025-05-22,pendiente,18.64
4908,1757,2024-01-29,entregado,2994.38
4909,228,2024-10-04,pagado,2692.8
4910,1221,2024-10-19,pendiente,1786.78
4911,1875,2026-02-18,pagado,1516.1
4912,343,2025-05-09,entregado,2706.53
4913,1524,2026-02-11,pendiente,3589.76
4914,1892,2025-01-02,entregado,1974.63
4915,1307,2026-02-20,pendiente,3372.33
4916,1514,2026-01-21,entregado,3282.11
4917,523,2025-08-25,pagado,962.78
4918,1534,2025-05-04,cancelado,2172.41
4919,1954,2024-08-05,entregado,2759.65
4920,786,2024-02-29,pagado,425.98
4921,283,2024-08-02,pendiente,3864.94
4922,1952,2025-06-27,pagado,1422.03
4923,1182,2026-02-24,enviado,836.85
4924,528,2024-04-10,entregado,43.79
4925,1158,2025-03-16,pendiente,3278.66
4926,126,2025-09-10,pendiente,2039.65
4927,191,2024-02-23,enviado,889.86
4928,840,2025-07-26,pagado,2365.28
4929,1230,2025-11-24,pendiente,1778.17
4930,1619,2026-02-25,pagado,3690.81
4931,1953,2024-04-04,pagado,442.2
4932,756,2026-02-21,pagado,2444.13
4933,15,2025-06-21,pagado,928.35
4934,1268,2026-01-06,entregado,447.45
4935,235,2024-04-23,enviado,509.75
4936,886,2024-03-19,cancelado,3111.26
4937,138,2025-04-20,cancelado,325.07
4938,181,2025-03-18,pagado,36.24
4939,372,2024-12-16,entregado,1564.77
4940,1821,2025-08-03,enviado,919.13
4941,283,2025-02-14,pendiente,2060.98
4942,1250,2024-10-02,cancelado,1819.37
4943,1718,2024-05-28,enviado,2425.11
4944,880,2024-09-23,entregado,745.17
4945,1282,2024-10-13,pendiente,1845.33
4946,1264,2025-09-04,cancelado,542.98
4947,630,2024-07-01,cancelado,35.07
4948,255,2024-12-03,pendiente,4016.44
4949,1597,2025-01-14,cancelado,2876.01
4950,1722,2024-07-03,cancelado,318.96
4951,1879,2025-07-05,cancelado,3539.62
4952,303,2026-01-19,pendiente,2147.89
4953,1474,2024-11-15,enviado,1945.71
4954,1322,2025-12-01,pendiente,970.96
4955,140,2024-11-30,cancelado,3297.05
4956,1708,2025-01-11,pagado,3038.34
4957,1301,2025-02-07,entregado,3536.37
4958,1249,2025-07-26,entregado,1086.22
4959,1147,2025-05-13,pendiente,2712.06
4960,1080,2024-12-08,cancelado,679.86
4961,1868,2024-03-25,enviado,2118.89
4962,1397,2025-12-14,pendiente,1065.4
4963,583,2025-05-15,pagado,3176.89
4964,283,2025-06-15,pagado,2688.74
4965,1788,2024-11-30,cancelado,3019.62
4966,1583,2025-11-06,entregado,845.57
4967,1965,2025-08-15,cancelado,3043.2
4968,1272,2025-05-06,pagado,550.42
4969,139,2025-06-05,enviado,781.28
4970,1726,2025-01-09,enviado,125.98
4971,1845,2024-05-17,pagado,1749.26
4972,1615,2024-10-13,pendiente,1489.53
4973,887,2024-06-20,cancelado,3756.77
4974,809,2025-07-01,enviado,3875.33
4975,1880,2025-10-09,pagado,2644.13
4976,493,2024-01-06,pendiente,1043.81
4977,1894,2024-07-26,pendiente,309.81
4978,267,2024-02-17,enviado,1146.79
4979,1193,2024-10-07,pagado,3775.02
4980,1171,2025-01-21,cancelado,322.71
4981,519,2025-08-26,cancelado,3108.25
4982,1826,2025-06-19,cancelado,1827.4
4983,1535,2024-01-19,pagado,1691.65
4984,307,2024-11-24,pagado,1603.45
4985,625,2025-03-23,entregado,590.36
4986,1067,2024-06-06,pagado,657.79
4987,1665,2024-04-25,entregado,2786.55
4988,1411,2025-06-24,pagado,3181.41
4989,24,2025-08-03,cancelado,3208.24
4990,607,2025-08-08,cancelado,2218.47
4991,523,2025-04-14,enviado,684.95
4992,458,2025-04-24,pendiente,440.45
4993,1011,2024-07-18,pagado,1693.48
4994,338,2025-04-28,cancelado,530.43
4995,621,2024-03-11,pendiente,103.34
4996,1427,2025-12-04,pagado,250.61
4997,1085,2025-07-25,pagado,904.39
4998,1788,2024-02-05,pagado,2082.58
4999,1787,2025-08-25,enviado,3911.32
5000,1531,2025-02-15,pagado,2832.65
5001,1162,2024-11-06,enviado,833.24
5002,73,2024-08-05,pagado,3645.58
5003,603,2025-10-14,cancelado,784.46
5004,1084,2025-08-04,entregado,1916.36
5005,1627,2025-08-09,pendiente,3312.26
5006,900,2025-09-17,entregado,16.38
5007,614,2025-05-27,entregado,2113.7
5008,230,2025-12-05,pendiente,972.53
5009,215,2024-12-03,enviado,840.96
5010,1069,2024-11-23,pendiente,1571.58
5011,22,2024-04-28,pendiente,1039.54
5012,908,2024-04-17,cancelado,3348.98
5013,118,2025-06-13,cancelado,2754.45
5014,1515,2025-03-28,pagado,75.12
5015,1169,2024-06-21,pendiente,2785.44
5016,549,2026-02-20,enviado,2603.27
5017,1860,2025-04-05,cancelado,1809.37
5018,1877,2024-12-07,pagado,107.58
5019,1234,2024-01-18,cancelado,2343.56
5020,1008,2024-07-31,enviado,3224.69
5021,1909,2025-07-06,pagado,1975.19
5022,1538,2026-02-21,pendiente,970.36
5023,208,2025-02-15,entregado,346.98
5024,1283,2025-08-14,cancelado,408.7
5025,189,2026-03-09,pagado,3646.07
5026,845,2026-01-08,pagado,2748.9
5027,742,2024-07-03,entregado,3165.62
5028,536,2024-04-08,cancelado,677.15
5029,720,2025-05-10,pendiente,55.23
5030,139,2024-11-20,pagado,2560.95
5031,1943,2024-10-01,cancelado,3495.67
5032,1390,2024-09-27,cancelado,2519.4
5033,12,2024-01-12,entregado,3967.74
5034,1810,2025-07-07,cancelado,2902.08
5035,689,2025-01-16,pagado,3383.16
5036,1638,2025-04-16,pagado,1318.67
5037,771,2024-01-19,cancelado,1648.18
5038,1364,2025-11-14,enviado,606.26
5039,150,2025-10-26,enviado,2322.13
5040,1210,2024-02-27,pendiente,811.14
5041,530,2024-08-14,cancelado,894.31
5042,1769,2025-05-30,pagado,3747.03
5043,1067,2024-12-09,entregado,907.51
5044,1261,2025-10-07,pendiente,236.28
5045,1703,2026-01-22,enviado,3934.81
5046,1382,2025-02-08,cancelado,1653.24
5047,640,2024-05-22,enviado,482.99
5048,1715,2024-12-10,cancelado,3684.69
5049,1005,2025-02-28,entregado,4128.71
5050,13,2025-11-17,pendiente,3233.71
5051,1638,2024-10-03,enviado,3516.5
5052,1292,2025-07-03,cancelado,1231.92
5053,611,2024-12-15,enviado,1819.84
5054,1051,2024-05-26,enviado,3095.51
5055,696,2026-02-08,cancelado,2201.34
5056,695,2024-06-28,entregado,2555.6
5057,593,2025-09-11,pendiente,174.91
5058,647,2024-04-03,pagado,1148.94
5059,638,2026-01-21,pendiente,3717.3
5060,147,2024-11-13,enviado,2899.44
5061,1752,2025-06-05,cancelado,4166.46
5062,1657,2025-03-01,enviado,2554.18
5063,1642,2024-12-05,cancelado,2527.45
5064,339,2024-02-16,entregado,688.92
5065,1314,2025-01-23,entregado,2991.43
5066,1881,2024-04-13,entregado,1894.73
5067,289,2025-07-28,pendiente,2151.29
5068,1730,2024-01-09,pagado,2137.08
5069,668,2024-04-27,pendiente,2417.5
5070,987,2024-12-14,pendiente,3584.68
5071,1925,2025-11-12,pendiente,4196.87
5072,92,2025-07-16,pagado,1450.95
5073,176,2025-01-03,pagado,3088.33
5074,1894,2024-09-30,entregado,2498.52
5075,1008,2025-05-16,pendiente,2836.27
5076,457,2025-11-28,cancelado,277.24
5077,1071,2025-02-06,enviado,692.21
5078,985,2025-11-01,cancelado,1496.76
5079,386,2024-12-05,enviado,4076.17
5080,1123,2025-01-24,pagado,183.01
5081,965,2024-07-02,enviado,1400.95
5082,1707,2024-06-24,cancelado,2053.69
5083,374,2024-05-02,enviado,3695.53
5084,1887,2024-09-13,entregado,2611.57
5085,1574,2025-05-05,pendiente,256.91
5086,890,2026-02-07,entregado,1795.37
5087,516,2024-05-14,pendiente,2279.53
5088,1276,2025-09-15,enviado,1864.14
5089,607,2025-03-16,cancelado,537.85
5090,756,2025-02-18,pendiente,1920.29
5091,313,2025-04-26,cancelado,2079.66
5092,918,2025-12-29,cancelado,12.96
5093,1632,2025-07-18,pagado,1957.23
5094,1654,2024-11-04,cancelado,1172.84
5095,89,2025-08-29,enviado,910.11
5096,626,2024-03-06,pendiente,2382.78
5097,1676,2024-01-03,cancelado,4005.13
5098,352,2025-06-19,entregado,1511.87
5099,714,2026-02-16,entregado,1835.82
5100,862,2024-02-15,entregado,2387.7
5101,361,2025-09-03,cancelado,369.39
5102,367,2025-06-14,enviado,1540.57
5103,1286,2024-02-05,pagado,806.54
5104,509,2024-10-07,cancelado,2687.69
5105,1438,2024-11-07,enviado,3329.52
5106,697,2024-01-30,entregado,3774.52
5107,675,2024-10-22,enviado,1404.25
5108,1250,2024-09-14,entregado,1591.91
5109,1991,2024-06-05,cancelado,1302.91
5110,563,2024-08-12,enviado,4004.33
5111,1596,2026-01-10,pagado,2896.96
5112,121,2025-11-02,pendiente,1838.94
5113,448,2024-11-12,pendiente,960.05
5114,783,2024-01-31,entregado,1986.52
5115,543,2024-06-23,entregado,2328.17
5116,1483,2025-10-01,entregado,3331.17
5117,423,2025-02-02,pagado,1632.85
5118,1018,2024-09-22,pagado,1633.77
5119,748,2025-01-12,pendiente,417.39
5120,563,2025-02-13,cancelado,2229.85
5121,409,2025-12-19,pendiente,2754.06
5122,1376,2026-01-12,enviado,2184.39
5123,415,2026-01-25,pendiente,2417.93
5124,52,2026-01-17,pagado,3391.52
5125,1148,2025-01-28,pagado,4089.73
5126,484,2025-06-14,enviado,3043.08
5127,1127,2024-02-22,pagado,2955.73
5128,549,2025-03-23,pagado,1264.9
5129,315,2026-01-28,entregado,1268.26
5130,75,2025-06-01,pagado,2720.61
5131,484,2024-09-01,cancelado,2072.86
5132,1790,2025-05-30,cancelado,53.18
5133,1924,2025-10-19,pendiente,2354.83
5134,80,2025-05-02,enviado,498.65
5135,1920,2026-01-11,enviado,846.38
5136,1696,2025-01-18,enviado,1093.99
5137,1188,2025-09-12,entregado,936.52
5138,768,2024-06-21,pendiente,2064.06
5139,136,2024-03-07,pagado,1027.0
5140,554,2026-01-14,enviado,1957.73
5141,699,2026-01-19,entregado,2241.34
5142,313,2024-08-25,entregado,630.53
5143,1013,2024-06-29,pendiente,2757.22
5144,182,2025-04-20,entregado,1470.25
5145,937,2025-11-03,cancelado,2184.05
5146,1161,2024-08-01,pagado,3580.11
5147,1894,2025-04-23,pagado,3543.73
5148,1397,2024-05-03,cancelado,1198.2
5149,46,2024-07-08,pendiente,2967.12
5150,1505,2025-04-21,pendiente,1218.84
5151,1412,2024-05-16,pagado,2113.25
5152,790,2025-11-23,entregado,1893.97
5153,24,2025-03-11,entregado,3309.32
5154,301,2025-01-02,pagado,2171.28
5155,177,2024-10-30,cancelado,2977.85
5156,29,2025-03-04,enviado,201.58
5157,1021,2025-12-24,pendiente,1031.54
5158,904,2025-05-08,pagado,2184.53
5159,1994,2024-12-13,entregado,1587.37
5160,964,2025-11-22,enviado,4075.81
5161,1827,2024-06-11,entregado,2798.7
5162,530,2025-12-05,pagado,3728.25
5163,315,2024-07-02,cancelado,619.65
5164,1526,2024-11-16,cancelado,3731.14
5165,1727,2025-02-21,entregado,179.35
5166,1242,2025-12-02,enviado,3553.88
5167,566,2025-05-06,pagado,1294.56
5168,1985,2024-01-25,entregado,3950.86
5169,1941,2025-08-10,entregado,2570.4
5170,1324,2025-04-26,pagado,156.95
5171,93,2025-10-01,cancelado,442.81
5172,1067,2024-09-25,enviado,1820.21
5173,895,2025-02-10,entregado,3258.19
5174,416,2024-07-29,cancelado,2821.78
5175,1313,2024-05-27,pendiente,1621.91
5176,185,2025-05-22,pagado,819.26
5177,748,2024-07-05,entregado,2918.58
5178,350,2024-12-11,pagado,661.76
5179,822,2025-06-09,enviado,2640.48
5180,1261,2025-07-09,entregado,2769.72
5181,1811,2025-05-28,entregado,1477.93
5182,510,2025-10-08,cancelado,4169.13
5183,1424,2024-01-25,cancelado,1694.79
5184,1162,2025-01-01,pendiente,1607.14
5185,134,2024-02-09,cancelado,4179.52
5186,1047,2025-05-27,pagado,2346.94
5187,467,2024-01-03,cancelado,1415.8
5188,1954,2024-09-22,cancelado,3641.47
5189,1801,2024-03-12,entregado,1294.35
5190,1989,2025-11-21,cancelado,2479.66
5191,827,2025-07-02,entregado,934.88
5192,1315,2025-11-05,pendiente,472.04
5193,1773,2024-12-24,pagado,546.99
5194,1429,2024-09-23,enviado,363.09
5195,334,2025-11-30,pagado,2862.95
5196,1685,2026-02-02,pagado,2017.38
5197,1983,2024-02-16,cancelado,300.57
5198,1806,2025-01-28,enviado,2707.65
5199,1861,2024-08-01,entregado,4070.8
5200,737,2025-10-09,entregado,214.44
5201,1231,2025-08-15,entregado,3220.3
5202,946,2026-01-29,enviado,1341.89
5203,1914,2024-09-03,entregado,1940.63
5204,325,2025-11-24,enviado,714.29
5205,766,2025-06-30,pendiente,3280.22
5206,94,2024-08-15,entregado,3285.61
5207,350,2026-02-13,enviado,1312.61
5208,1110,2024-12-27,pendiente,3871.9
5209,756,2024-10-14,enviado,3091.76
5210,967,2025-04-01,pagado,3997.85
5211,256,2024-01-09,cancelado,2087.03
5212,810,2024-10-26,pagado,53.58
5213,499,2024-11-04,pagado,3822.41
5214,1780,2026-01-08,entregado,1357.14
5215,90,2025-01-17,pagado,3624.67
5216,1655,2024-10-06,entregado,1378.0
5217,1028,2024-06-23,enviado,1313.94
5218,133,2024-11-11,pagado,317.37
5219,250,2025-02-22,entregado,3585.57
5220,1299,2026-02-10,cancelado,3374.88
5221,733,2024-08-12,pendiente,3822.25
5222,115,2025-02-27,pendiente,1886.94
5223,44,2024-06-02,cancelado,1894.75
5224,550,2024-11-22,cancelado,2878.06
5225,343,2025-07-02,pagado,211.78
5226,151,2025-02-20,cancelado,4166.1
5227,60,2024-01-10,enviado,1817.39
5228,1861,2024-01-11,pagado,1135.26
5229,452,2024-12-09,entregado,114.3
5230,1124,2025-11-02,pendiente,3634.39
5231,1546,2025-08-18,enviado,913.03
5232,1279,2024-05-02,enviado,2963.57
5233,156,2024-01-18,pagado,2165.1
5234,1352,2025-01-26,entregado,3428.74
5235,287,2025-07-18,pagado,1391.51
5236,596,2024-11-11,cancelado,746.97
5237,341,2024-09-25,pagado,3396.15
5238,516,2024-01-05,cancelado,4004.99
5239,1272,2024-10-11,enviado,1943.13
5240,1580,2024-02-12,entregado,1325.06
5241,267,2025-11-07,pendiente,1460.66
5242,1443,2024-03-09,cancelado,3627.6
5243,370,2025-03-18,entregado,2277.37
5244,211,2025-06-12,pendiente,3029.52
5245,1859,2025-01-31,cancelado,3320.45
5246,1865,2024-07-13,enviado,3874.58
5247,680,2024-06-28,pendiente,697.13
5248,669,2025-02-19,pagado,3440.48
5249,1398,2024-04-01,pendiente,1442.71
5250,30,2025-06-30,pendiente,3834.4
5251,1159,2024-08-19,cancelado,254.64
5252,682,2025-05-04,pagado,3035.64
5253,1408,2024-10-31,entregado,4051.83
5254,12,2026-01-17,pagado,2188.27
5255,597,2024-02-13,cancelado,1928.3
5256,145,2025-09-20,pagado,449.11
5257,159,2024-12-04,enviado,91.89
5258,58,2025-04-30,pagado,599.32
5259,1690,2024-08-14,pendiente,3708.89
5260,912,2024-10-10,pagado,388.41
5261,1112,2025-05-22,entregado,2198.65
5262,635,2025-12-07,pendiente,2993.8
5263,878,2025-05-10,pagado,1373.5
5264,203,2024-05-18,cancelado,466.86
5265,1513,2025-04-15,pagado,541.64
5266,293,2024-06-17,cancelado,3451.24
5267,901,2025-01-19,entregado,4063.86
5268,870,2026-02-25,pendiente,489.97
5269,90,2025-02-15,pagado,1799.21
5270,1933,2025-11-30,pendiente,87.25
5271,195,2026-02-17,entregado,1398.66
5272,1302,2024-01-18,entregado,286.24
5273,1238,2025-06-22,enviado,3600.47
5274,1399,2024-12-05,pendiente,837.89
5275,1468,2024-10-31,pendiente,1031.69
5276,660,2025-07-01,entregado,1618.19
5277,1076,2024-03-12,pagado,3088.19
5278,1580,2025-01-16,entregado,2626.8
5279,1305,2025-10-23,pendiente,296.26
5280,409,2024-03-28,enviado,43.12
5281,1988,2024-01-13,pendiente,1547.22
5282,1972,2024-12-21,cancelado,3019.66
5283,469,2024-08-05,pagado,660.71
5284,881,2026-02-05,entregado,2591.66
5285,1838,2025-12-20,enviado,3080.17
5286,1282,2025-08-15,pendiente,2655.38
5287,1950,2025-05-17,pendiente,1569.95
5288,339,2024-04-26,pagado,3289.3
5289,328,2025-08-14,cancelado,2093.72
5290,271,2024-12-19,enviado,4084.8
5291,565,2026-02-22,pendiente,149.15
5292,249,2025-03-22,cancelado,763.91
5293,949,2024-12-22,pendiente,508.76
5294,841,2024-09-23,entregado,2980.99
5295,1367,2025-07-12,pagado,2068.64
5296,796,2024-09-30,pagado,2056.01
5297,1923,2025-12-08,pagado,1027.21
5298,1626,2024-01-11,pendiente,2790.02
5299,54,2024-07-11,entregado,69.46
5300,1834,2024-04-09,enviado,3068.93
5301,279,2024-10-08,pagado,669.51
5302,1683,2024-11-18,enviado,1508.37
5303,948,2024-07-10,pendiente,1716.3
5304,252,2025-06-09,pendiente,4094.04
5305,1882,2026-03-03,pendiente,2466.39
5306,1585,2024-08-04,enviado,1264.44
5307,1640,2025-07-23,pendiente,3971.93
5308,1457,2025-12-11,pagado,414.68
5309,364,2024-01-03,pagado,3912.17
5310,1246,2024-11-04,pendiente,1494.42
5311,1376,2024-07-27,enviado,1367.35
5312,160,2024-02-18,pendiente,1311.58
5313,37,2024-12-29,entregado,4147.75
5314,1905,2025-11-20,pendiente,2582.49
5315,1015,2024-02-15,cancelado,3340.0
5316,1205,2024-01-12,enviado,3091.66
5317,880,2024-06-18,entregado,1740.41
5318,1634,2024-06-12,entregado,3858.71
5319,662,2025-10-12,cancelado,377.01
5320,552,2025-09-08,cancelado,445.88
5321,1912,2024-09-01,pagado,3292.84
5322,1717,2025-09-17,cancelado,1696.43
5323,202,2025-03-07,pagado,1775.99
5324,1294,2024-03-05,cancelado,3077.68
5325,853,2025-09-14,pagado,3967.65
5326,1504,2024-07-11,entregado,3173.5
5327,513,2024-12-18,pagado,2017.89
5328,1516,2025-10-14,cancelado,3506.13
5329,775,2026-01-18,enviado,2561.66
5330,1509,2024-08-09,pagado,1561.65
5331,566,2024-06-21,cancelado,3063.69
5332,1429,2025-08-14,entregado,1478.09
5333,1399,2026-01-02,cancelado,3051.68
5334,198,2025-01-02,cancelado,2763.55
5335,1593,2024-03-10,entregado,3088.14
5336,1093,2025-10-26,pagado,2118.41
5337,438,2024-01-05,pendiente,631.38
5338,1896,2025-01-30,entregado,226.86
5339,476,2025-09-04,cancelado,1350.85
5340,43,2025-09-13,entregado,1334.37
5341,555,2024-05-17,pagado,2111.97
5342,1369,2024-10-23,entregado,2632.71
5343,131,2026-01-30,entregado,2391.34
5344,1402,2025-06-04,cancelado,4179.68
5345,1562,2025-09-02,pagado,3466.47
5346,879,2025-12-18,cancelado,2647.77
5347,1588,2024-09-26,entregado,965.16
5348,1439,2025-05-12,pendiente,2998.64
5349,1851,2024-04-20,pagado,1933.77
5350,353,2024-07-31,enviado,3086.41
5351,1703,2024-03-19,pendiente,146.15
5352,589,2025-02-20,enviado,79.2
5353,1950,2024-04-21,enviado,3095.19
5354,671,2025-09-04,cancelado,963.35
5355,1073,2024-04-27,enviado,2480.79
5356,1231,2025-06-06,enviado,1492.26
5357,1527,2025-07-23,cancelado,3437.6
5358,484,2024-08-11,enviado,3530.69
5359,858,2025-06-15,pagado,1434.44
5360,112,2024-10-13,entregado,4044.5
5361,1549,2024-03-31,pagado,877.28
5362,1786,2024-04-09,pagado,1385.17
5363,10,2025-08-02,enviado,4147.43
5364,1350,2025-11-24,pagado,940.02
5365,921,2025-06-12,pendiente,2756.44
5366,533,2025-01-06,pagado,782.43
5367,26,2025-10-22,pendiente,1695.51
5368,1878,2024-01-23,enviado,863.03
5369,1750,2025-12-11,entregado,738.84
5370,1001,2024-11-21,cancelado,837.78
5371,341,2024-11-23,enviado,1973.33
5372,1277,2024-01-06,cancelado,1852.69
5373,98,2024-09-17,enviado,277.29
5374,794,2024-07-28,entregado,2483.17
5375,738,2025-07-29,entregado,187.05
5376,9,2024-11-05,pagado,3286.08
5377,665,2024-04-08,enviado,1653.02
5378,694,2025-12-23,pendiente,2538.59
5379,1805,2026-02-20,cancelado,1658.95
5380,1754,2024-07-07,cancelado,3655.0
5381,1351,2025-12-23,pagado,3838.77
5382,112,2026-02-25,pagado,2115.96
5383,907,2026-02-24,entregado,2980.76
5384,1160,2024-10-25,pendiente,2888.94
5385,1263,2024-10-15,cancelado,1627.9
5386,896,2026-02-11,pendiente,2847.69
5387,1791,2025-06-01,pagado,847.94
5388,1741,2025-07-08,pendiente,3756.28
5389,1159,2024-04-27,entregado,3279.25
5390,748,2026-03-09,pagado,2653.49
5391,1821,2024-11-24,enviado,3563.78
5392,1730,2024-09-11,entregado,2117.87
5393,341,2025-08-03,cancelado,2578.91
5394,1610,2026-01-02,entregado,4196.91
5395,1999,2024-04-18,entregado,143.62
5396,1614,2025-02-06,enviado,3458.37
5397,1808,2024-02-11,enviado,2214.18
5398,1803,2025-10-18,cancelado,646.27
5399,780,2026-02-10,pagado,4048.37
5400,143,2025-12-19,cancelado,3518.9
5401,391,2024-09-14,pagado,4198.11
5402,1794,2024-12-03,cancelado,2909.55
5403,1896,2024-08-06,pendiente,3552.36
5404,390,2024-02-14,enviado,598.2
5405,1550,2026-02-13,pagado,529.29
5406,632,2024-01-12,entregado,1472.52
5407,515,2024-07-27,pendiente,1922.82
5408,411,2026-03-01,cancelado,644.25
5409,1992,2024-03-14,entregado,655.86
5410,1054,2024-07-13,cancelado,2046.78
5411,910,2024-01-29,enviado,2546.71
5412,1714,2025-03-18,enviado,3146.99
5413,1541,2024-01-30,entregado,1980.88
5414,864,2025-11-01,pendiente,322.63
5415,1095,2025-05-13,cancelado,1329.01
5416,961,2025-03-07,pendiente,1147.27
5417,1923,2025-04-05,entregado,3062.12
5418,931,2024-01-23,pagado,3603.78
5419,727,2024-09-05,enviado,2985.27
5420,1369,2024-05-29,enviado,3842.64
5421,1814,2024-01-17,enviado,2454.0
5422,1910,2024-12-25,pendiente,4109.82
5423,400,2024-09-13,cancelado,3096.97
5424,1524,2024-03-27,enviado,2065.91
5425,1620,2024-01-09,cancelado,2418.19
5426,1898,2026-01-19,pagado,2879.99
5427,1936,2024-05-22,entregado,4053.04
5428,667,2024-10-02,pendiente,3962.85
5429,1598,2024-12-31,pendiente,1407.08
5430,1387,2025-08-27,pendiente,1724.4
5431,106,2024-11-18,pagado,3362.28
5432,17,2025-12-29,cancelado,3681.45
5433,1152,2024-01-04,cancelado,1242.63
5434,1439,2025-10-13,cancelado,2887.0
5435,372,2024-07-12,pendiente,29.77
5436,88,2024-03-30,cancelado,1327.2
5437,862,2024-12-01,pagado,2706.86
5438,902,2025-09-10,entregado,3987.77
5439,959,2025-02-22,entregado,1495.69
5440,1354,2024-09-01,enviado,1343.03
5441,324,2024-07-05,enviado,1172.88
5442,1473,2024-08-22,pendiente,2561.14
5443,518,2025-11-17,pendiente,873.37
5444,1212,2025-12-16,cancelado,3947.07
5445,1830,2025-01-13,pendiente,4031.27
5446,1173,2025-01-02,pendiente,3154.99
5447,634,2024-04-01,entregado,217.03
5448,86,2024-03-11,cancelado,1061.12
5449,629,2026-01-07,entregado,2359.25
5450,874,2024-08-25,entregado,1929.93
5451,1353,2025-11-17,cancelado,674.75
5452,574,2025-12-08,cancelado,3210.22
5453,1212,2025-06-30,pendiente,1895.46
5454,1538,2024-11-12,enviado,3412.32
5455,271,2024-02-09,cancelado,2134.47
5456,68,2024-07-19,pendiente,2161.19
5457,502,2025-02-20,pendiente,1437.28
5458,392,2025-01-22,pendiente,104.16
5459,1966,2024-08-15,enviado,2770.25
5460,1699,2025-02-06,enviado,208.38
5461,1614,2025-04-24,entregado,1420.55
5462,134,2025-01-17,pagado,882.53
5463,1047,2024-01-20,cancelado,3503.66
5464,1985,2024-12-04,pagado,3287.12
5465,322,2025-11-19,enviado,1480.26
5466,668,2025-09-17,cancelado,1044.6
5467,330,2024-05-01,enviado,1637.55
5468,956,2025-03-19,enviado,3870.59
5469,1657,2024-04-13,pendiente,3023.64
5470,1522,2025-06-20,cancelado,892.47
5471,1537,2025-10-30,cancelado,1740.81
5472,850,2024-07-09,enviado,3403.72
5473,1001,2024-05-31,enviado,2516.19
5474,449,2025-03-14,enviado,3857.52
5475,1263,2026-02-17,pendiente,1001.23
5476,1053,2025-01-04,entregado,1933.21
5477,673,2025-02-11,pagado,397.41
5478,1057,2026-01-01,pendiente,1764.85
5479,1985,2024-01-05,pendiente,3903.2
5480,1481,2026-01-26,pendiente,3700.66
5481,1768,2024-12-07,enviado,2784.07
5482,962,2025-03-12,enviado,3293.83
5483,3,2025-05-26,pendiente,313.9
5484,485,2024-10-06,entregado,477.65
5485,384,2025-07-16,pagado,94.89
5486,646,2024-05-10,pagado,922.4
5487,780,2024-02-03,pagado,3800.68
5488,1816,2025-08-04,cancelado,2859.48
5489,549,2024-08-06,enviado,1905.12
5490,39,2024-03-28,pendiente,471.98
5491,517,2024-07-14,entregado,3352.81
5492,658,2025-09-28,entregado,3796.69
5493,1589,2025-04-03,entregado,240.43
5494,939,2024-10-05,pagado,3653.14
5495,1408,2026-01-26,cancelado,3234.33
5496,1257,2024-09-05,pendiente,3918.77
5497,1312,2024-09-23,entregado,937.9
5498,583,2024-06-24,pendiente,635.22
5499,388,2025-07-23,pagado,2964.3
5500,1687,2024-04-29,pagado,23.59
5501,918,2025-09-30,cancelado,1385.97
5502,309,2025-02-02,pagado,3729.57
5503,419,2024-06-05,pagado,3173.31
5504,689,2025-04-20,cancelado,2849.24
5505,1193,2024-04-24,enviado,2220.29
5506,1680,2025-09-02,pendiente,1170.84
5507,1195,2024-04-29,enviado,580.79
5508,315,2024-04-24,pagado,258.14
5509,113,2025-11-08,cancelado,2254.24
5510,1006,2024-02-08,pagado,3981.39
5511,793,2025-01-27,pagado,465.78
5512,1166,2024-03-08,pendiente,1198.72
5513,618,2026-01-27,enviado,1238.49
5514,306,2024-03-15,enviado,175.37
5515,796,2024-10-09,enviado,2003.51
5516,1670,2025-01-20,entregado,669.16
5517,1503,2025-11-29,pendiente,736.24
5518,1805,2025-10-11,enviado,2258.77
5519,339,2024-06-08,pagado,1264.88
5520,1282,2025-04-09,pagado,874.42
5521,270,2024-08-31,enviado,1647.45
5522,1215,2025-10-08,pagado,3144.6
5523,1244,2024-08-10,enviado,2853.41
5524,698,2024-03-22,pagado,2210.87
5525,517,2025-11-26,pendiente,875.54
5526,1566,2024-10-22,pagado,1472.58
5527,531,2024-12-06,enviado,1266.95
5528,1176,2024-03-19,cancelado,2854.38
5529,1860,2024-04-01,cancelado,4062.29
5530,175,2025-01-11,pagado,502.8
5531,1048,2024-02-13,cancelado,1244.04
5532,1895,2025-05-30,cancelado,876.47
5533,386,2025-08-08,pendiente,1739.66
5534,98,2024-11-11,pagado,1636.44
5535,1606,2024-06-01,entregado,602.35
5536,134,2024-07-06,cancelado,143.66
5537,1217,2025-02-17,pagado,1198.78
5538,1684,2024-09-10,pagado,1676.77
5539,925,2024-12-10,pagado,1643.12
5540,878,2026-03-03,pagado,2563.99
5541,1654,2026-01-05,pagado,561.49
5542,1988,2025-05-27,pendiente,2423.41
5543,1380,2025-10-16,cancelado,3998.43
5544,10,2025-06-09,pagado,643.09
5545,1852,2026-03-02,pendiente,1500.15
5546,1529,2024-12-26,pagado,91.87
5547,990,2026-01-19,entregado,464.94
5548,327,2024-02-16,pagado,3825.48
5549,1533,2024-04-13,enviado,3811.87
5550,1189,2025-01-01,enviado,1517.39
5551,465,2024-10-17,enviado,3107.96
5552,1502,2026-01-29,pendiente,1428.12
5553,1521,2024-12-17,entregado,3944.87
5554,1156,2025-04-15,pendiente,1532.8
5555,671,2025-05-06,enviado,3030.42
5556,966,2024-10-16,entregado,2525.21
5557,1827,2024-09-14,enviado,814.01
5558,1067,2024-09-10,pagado,1817.4
5559,1312,2024-08-19,entregado,1761.33
5560,300,2024-03-14,entregado,2339.16
5561,1755,2025-06-26,pendiente,2881.77
5562,1037,2025-02-19,cancelado,3050.88
5563,29,2024-04-24,enviado,2582.26
5564,725,2025-11-05,pendiente,2519.65
5565,78,2024-02-01,pagado,1893.97
5566,426,2025-06-09,pagado,1263.71
5567,643,2024-07-02,enviado,3502.8
5568,1462,2024-05-07,entregado,1974.82
5569,486,2024-10-05,pagado,1272.89
5570,241,2025-02-19,entregado,2969.87
5571,1310,2025-05-02,enviado,329.82
5572,1494,2025-08-21,pendiente,3448.24
5573,1717,2025-03-18,entregado,3110.58
5574,1322,2025-08-15,pendiente,2435.46
5575,1780,2025-09-24,pendiente,1081.44
5576,1182,2024-11-04,enviado,1326.18
5577,290,2024-01-24,enviado,1672.94
5578,92,2025-02-07,enviado,1262.48
5579,683,2024-01-06,cancelado,1386.57
5580,9,2024-12-04,pagado,1226.76
5581,1128,2025-04-18,pendiente,2297.33
5582,1133,2026-01-25,cancelado,3823.79
5583,1434,2024-09-17,pendiente,944.44
5584,443,2025-04-29,pagado,3605.64
5585,1020,2025-03-03,cancelado,2504.02
5586,1556,2025-12-25,entregado,2762.16
5587,1541,2024-02-02,pendiente,258.57
5588,48,2025-02-21,pendiente,694.76
5589,474,2025-05-20,pendiente,2472.16
5590,1171,2024-04-06,cancelado,1134.4
5591,1698,2024-01-10,cancelado,2967.01
5592,416,2026-02-07,entregado,904.27
5593,522,2025-05-15,cancelado,3282.46
5594,996,2024-12-12,pagado,1539.8
5595,179,2024-01-24,pagado,1321.16
5596,270,2024-05-04,enviado,3293.65
5597,507,2024-11-28,entregado,4019.5
5598,785,2024-02-14,entregado,3035.04
5599,581,2025-12-28,cancelado,2772.25
5600,597,2025-10-14,cancelado,121.96
5601,1434,2025-07-20,pendiente,3534.83
5602,833,2024-01-21,pagado,571.42
5603,870,2026-01-21,pendiente,3922.96
5604,885,2024-12-30,pendiente,947.55
5605,1479,2025-07-07,cancelado,2021.84
5606,926,2025-11-25,entregado,3124.95
5607,203,2026-01-27,pendiente,2195.75
5608,1173,2024-09-13,pagado,4061.16
5609,27,2025-10-23,enviado,4199.17
5610,1264,2025-01-25,pendiente,1720.61
5611,1822,2025-03-22,pendiente,2324.77
5612,1091,2025-04-16,enviado,2977.07
5613,255,2025-08-21,enviado,1314.59
5614,1143,2025-11-13,pendiente,3816.25
5615,1044,2024-02-20,entregado,2770.99
5616,1645,2026-01-16,pendiente,524.27
5617,1049,2025-09-04,pendiente,2318.13
5618,1357,2024-01-25,entregado,3475.9
5619,1933,2025-05-01,enviado,1434.86
5620,1826,2025-10-24,enviado,1592.29
5621,441,2025-07-17,pagado,1531.59
5622,1777,2024-08-27,cancelado,60.53
5623,1589,2025-08-14,entregado,2723.37
5624,1816,2024-07-04,enviado,891.85
5625,865,2024-06-24,enviado,3208.19
5626,1525,2024-11-18,pagado,1032.63
5627,189,2026-02-20,pagado,838.8
5628,6,2025-11-30,cancelado,3196.46
5629,1060,2024-06-28,entregado,2443.78
5630,1271,2024-04-21,entregado,3970.79
5631,1130,2024-12-03,entregado,1711.59
5632,356,2025-02-16,entregado,4180.0
5633,847,2025-08-11,pagado,833.73
5634,1888,2025-04-22,cancelado,58.99
5635,1117,2024-12-28,entregado,2316.71
5636,2,2024-03-15,entregado,3778.86
5637,88,2025-07-25,pendiente,1140.79
5638,1252,2025-02-27,entregado,2632.36
5639,125,2025-02-05,pagado,2174.69
5640,546,2025-11-08,pagado,3702.56
5641,460,2024-05-24,cancelado,835.78
5642,1287,2024-01-31,entregado,3034.97
5643,572,2024-06-12,cancelado,1195.68
5644,177,2024-06-17,pendiente,3542.54
5645,638,2025-07-30,enviado,4113.57
5646,1495,2025-09-30,enviado,3144.45
5647,28,2024-03-07,cancelado,1018.57
5648,1839,2024-11-11,enviado,3178.75
5649,1552,2025-06-26,pendiente,1148.1
5650,1930,2024-01-05,cancelado,338.91
5651,1612,2025-10-18,entregado,2008.82
5652,37,2024-11-04,cancelado,3185.74
5653,283,2024-09-24,pendiente,3190.93
5654,1439,2025-11-03,pagado,2118.9
5655,107,2026-01-09,enviado,3357.69
5656,90,2025-02-10,enviado,1448.42
5657,851,2024-02-08,entregado,496.79
5658,1756,2025-10-03,enviado,3423.51
5659,270,2025-08-31,pagado,1403.37
5660,396,2025-10-13,enviado,442.22
5661,942,2024-06-28,entregado,1231.33
5662,1318,2024-04-14,cancelado,186.52
5663,1030,2024-03-11,pendiente,1439.76
5664,1819,2024-11-15,pagado,3893.55
5665,1457,2024-09-17,pendiente,2947.58
5666,1647,2024-03-03,enviado,3373.24
5667,677,2025-11-02,pendiente,3171.02
5668,1383,2024-11-17,entregado,588.98
5669,1695,2025-11-30,enviado,740.13
5670,684,2025-09-19,cancelado,2403.13
5671,1566,2024-01-23,entregado,3668.62
5672,340,2024-12-05,pagado,624.08
5673,733,2025-10-01,pagado,2758.32
5674,270,2025-05-24,cancelado,2090.24
5675,1732,2025-06-13,enviado,435.89
5676,834,2025-06-27,enviado,4036.86
5677,952,2025-01-11,enviado,3355.58
5678,1093,2024-02-24,cancelado,643.57
5679,147,2024-01-08,pendiente,1279.02
5680,1925,2025-06-10,enviado,129.1
5681,1044,2025-12-19,pagado,3115.26
5682,941,2025-04-19,pagado,38.99
5683,1776,2026-01-05,pagado,77.53
5684,1340,2024-09-01,entregado,3268.83
5685,274,2025-12-15,pagado,2330.42
5686,749,2024-10-22,cancelado,3436.14
5687,242,2025-09-16,enviado,3006.13
5688,442,2024-06-04,cancelado,1273.79
5689,1149,2026-01-06,enviado,599.7
5690,94,2024-11-25,cancelado,3700.78
5691,4,2025-07-28,cancelado,2057.86
5692,1021,2024-07-12,pendiente,344.86
5693,859,2024-08-09,cancelado,1842.21
5694,280,2024-10-11,entregado,2160.35
5695,1971,2024-12-27,pendiente,1890.6
5696,210,2025-10-30,pendiente,974.72
5697,566,2024-07-05,pendiente,622.42
5698,1029,2024-02-28,pendiente,256.71
5699,1962,2025-10-29,cancelado,920.68
5700,1999,2025-04-11,pagado,2631.12
5701,730,2024-10-04,pagado,3680.73
5702,816,2024-06-29,enviado,2145.04
5703,1867,2025-05-12,enviado,3134.18
5704,993,2024-04-14,enviado,1699.58
5705,576,2024-12-09,pagado,3912.42
5706,1972,2025-05-10,enviado,2165.72
5707,428,2026-01-06,pendiente,688.86
5708,853,2024-10-13,pagado,2313.98
5709,932,2026-02-19,entregado,1659.75
5710,690,2025-12-03,pagado,1990.86
5711,269,2025-02-23,pagado,4126.83
5712,629,2024-09-02,cancelado,1355.15
5713,31,2024-03-27,enviado,243.1
5714,775,2025-09-29,entregado,1454.2
5715,11,2025-12-07,entregado,1090.93
5716,1863,2025-07-09,cancelado,787.2
5717,1320,2025-03-25,enviado,3802.73
5718,363,2025-01-02,pendiente,3722.85
5719,1810,2025-03-05,enviado,1484.98
5720,820,2026-02-22,pendiente,3682.84
5721,1866,2025-02-21,cancelado,3188.05
5722,1752,2024-04-10,entregado,1027.56
5723,1415,2024-08-08,cancelado,1650.2
5724,1929,2024-12-13,pagado,1910.03
5725,2,2025-11-18,cancelado,726.42
5726,303,2024-04-11,pagado,2419.72
5727,268,2024-02-24,pendiente,109.17
5728,993,2024-06-17,pendiente,460.42
5729,1553,2025-06-12,enviado,1054.24
5730,1351,2024-10-02,enviado,784.59
5731,1421,2024-05-02,enviado,809.54
5732,445,2024-07-18,pagado,499.83
5733,122,2025-05-17,enviado,1284.83
5734,1132,2026-02-24,entregado,175.14
5735,1258,2024-11-28,pagado,121.19
5736,533,2024-11-22,pagado,1466.28
5737,801,2025-03-20,pagado,578.28
5738,806,2024-02-04,cancelado,1728.61
5739,707,2026-03-05,pagado,3490.84
5740,1597,2026-02-25,enviado,1637.32
5741,264,2024-09-11,cancelado,229.8
5742,6,2026-03-02,pendiente,883.31
5743,687,2024-06-21,pagado,3234.26
5744,1909,2024-02-18,pagado,2114.38
5745,72,2025-07-24,entregado,941.96
5746,145,2024-06-27,pendiente,2900.29
5747,1782,2024-08-13,enviado,2618.82
5748,1000,2024-05-12,pendiente,38.47
5749,1112,2025-01-20,cancelado,3611.56
5750,585,2025-10-23,pendiente,2717.79
5751,781,2024-11-12,cancelado,1629.37
5752,1401,2026-01-30,cancelado,1445.64
5753,1310,2024-06-23,enviado,1619.43
5754,675,2024-02-29,pendiente,2147.01
5755,728,2025-07-15,pendiente,3227.02
5756,1388,2024-03-24,pagado,2058.42
5757,947,2024-08-09,enviado,2624.99
5758,806,2024-02-23,cancelado,3813.75
5759,1960,2025-01-23,entregado,2195.85
5760,858,2024-02-29,pendiente,2951.02
5761,642,2025-05-16,entregado,382.86
5762,1271,2025-11-28,cancelado,3590.58
5763,1278,2025-07-11,enviado,1002.92
5764,1347,2026-03-01,entregado,1563.07
5765,767,2024-05-05,pagado,2436.54
5766,1724,2024-12-06,enviado,3058.23
5767,1045,2024-01-01,enviado,1582.02
5768,243,2025-07-29,entregado,1512.84
5769,1694,2025-10-30,pendiente,2103.93
5770,895,2025-10-29,entregado,289.6
5771,785,2024-02-24,enviado,3729.06
5772,76,2025-07-15,pagado,1883.27
5773,151,2025-10-19,enviado,2721.78
5774,567,2024-11-20,entregado,2742.0
5775,345,2026-01-22,entregado,892.69
5776,687,2024-08-28,enviado,495.27
5777,534,2025-05-25,pagado,445.44
5778,1654,2025-11-14,pagado,3028.65
5779,1689,2025-05-09,enviado,1577.2
5780,1427,2025-05-11,pendiente,3213.79
5781,1190,2025-01-27,enviado,2730.74
5782,1202,2025-09-11,pagado,1440.64
5783,663,2025-02-12,cancelado,2640.55
5784,1172,2024-10-27,entregado,3516.99
5785,1401,2025-01-30,cancelado,2785.78
5786,876,2025-03-01,entregado,1473.03
5787,606,2024-10-15,pendiente,2513.36
5788,1968,2024-09-12,pendiente,1545.9
5789,1968,2024-08-24,cancelado,3926.49
5790,990,2025-12-05,entregado,1529.33
5791,1505,2025-09-11,pagado,1717.32
5792,770,2025-09-21,cancelado,4107.61
5793,948,2025-11-08,entregado,1499.85
5794,234,2024-06-04,cancelado,2671.71
5795,1772,2024-05-21,cancelado,2473.39
5796,1047,2024-01-31,entregado,651.53
5797,1917,2024-02-17,enviado,4000.13
5798,703,2025-09-23,pendiente,1634.74
5799,1101,2024-12-19,pendiente,2356.56
5800,752,2024-07-03,pendiente,590.64
5801,1453,2024-01-13,enviado,494.49
5802,1299,2026-02-03,pendiente,4098.78
5803,651,2025-01-16,pendiente,2094.77
5804,1720,2025-07-29,cancelado,3479.93
5805,1232,2024-04-03,pagado,1698.97
5806,1207,2025-03-17,enviado,1130.4
5807,277,2025-04-01,enviado,1344.16
5808,1585,2024-06-03,pendiente,375.95
5809,1379,2024-04-07,pendiente,1095.59
5810,1478,2025-02-27,cancelado,786.07
5811,1466,2024-09-27,enviado,3373.41
5812,1750,2025-12-25,entregado,2796.51
5813,719,2024-10-06,pagado,2356.52
5814,1787,2025-05-17,pendiente,1333.72
5815,1279,2024-11-04,pagado,172.65
5816,641,2025-01-08,entregado,2526.76
5817,518,2025-05-21,entregado,2092.87
5818,1274,2024-06-30,entregado,2371.31
5819,1437,2025-05-13,pagado,3765.41
5820,975,2026-01-15,cancelado,1242.63
5821,1744,2025-08-03,enviado,3944.4
5822,955,2024-08-20,cancelado,1394.58
5823,1507,2025-03-17,pendiente,1529.67
5824,740,2025-04-30,pendiente,704.73
5825,1440,2025-03-21,entregado,216.32
5826,599,2024-08-10,pendiente,3281.27
5827,1380,2025-05-25,entregado,602.55
5828,137,2025-02-03,entregado,2306.88
5829,1930,2025-05-20,pendiente,3336.77
5830,962,2024-03-24,entregado,2574.44
5831,1735,2025-07-07,pagado,33.62
5832,947,2024-07-15,enviado,1766.07
5833,866,2024-12-25,pagado,2638.25
5834,130,2025-07-02,cancelado,2024.59
5835,1815,2025-10-14,entregado,4081.78
5836,933,2025-07-04,pagado,3166.02
5837,501,2025-06-19,enviado,2746.69
5838,320,2024-02-04,entregado,781.25
5839,1528,2025-10-27,enviado,4147.48
5840,892,2024-05-07,pagado,62.27
5841,210,2025-12-20,entregado,1400.59
5842,1687,2024-07-16,pagado,3159.75
5843,814,2025-05-14,entregado,2638.75
5844,369,2024-06-14,enviado,4006.65
5845,101,2026-02-22,cancelado,3257.58
5846,1878,2024-06-19,pendiente,4007.83
5847,1596,2024-05-08,entregado,2121.08
5848,1139,2025-09-18,pagado,1996.58
5849,190,2025-01-07,entregado,749.02
5850,746,2025-04-21,entregado,938.95
5851,1309,2024-05-12,pendiente,1808.07
5852,375,2024-11-12,entregado,1303.92
5853,375,2024-08-09,cancelado,2599.61
5854,1418,2026-02-17,cancelado,3321.0
5855,83,2025-06-08,cancelado,3832.39
5856,1216,2024-05-23,pagado,2492.12
5857,1978,2025-07-26,pagado,2432.18
5858,833,2024-01-17,cancelado,3908.95
5859,301,2024-11-16,pagado,3318.48
5860,1004,2026-01-09,entregado,2561.36
5861,921,2024-05-18,pagado,249.32
5862,1044,2025-04-21,enviado,233.82
5863,298,2026-02-28,entregado,3960.44
5864,769,2024-09-20,cancelado,1972.11
5865,742,2025-01-27,enviado,2730.88
5866,1128,2026-01-02,entregado,2977.5
5867,749,2025-04-21,cancelado,842.34
5868,415,2024-02-24,pendiente,3699.83
5869,1734,2025-06-14,entregado,1910.36
5870,138,2024-10-23,pendiente,1711.69
5871,726,2024-03-12,enviado,1413.91
5872,1673,2025-01-23,entregado,265.37
5873,760,2025-12-25,pendiente,4134.83
5874,1442,2025-03-18,pendiente,1248.55
5875,1621,2025-09-17,cancelado,2325.46
5876,702,2025-09-05,pagado,259.06
5877,867,2024-08-07,pagado,1205.89
5878,976,2026-01-21,pagado,2383.3
5879,1719,2025-06-19,cancelado,4033.36
5880,1879,2024-02-24,entregado,3713.3
5881,501,2024-10-27,enviado,428.37
5882,393,2024-07-07,pendiente,548.86
5883,564,2025-11-27,pendiente,2893.27
5884,1800,2024-06-25,pendiente,2466.8
5885,1523,2025-12-21,entregado,3933.66
5886,406,2025-06-17,enviado,1068.99
5887,1,2025-11-15,pagado,2962.53
5888,1299,2024-12-27,enviado,3177.9
5889,1056,2024-07-17,cancelado,56.76
5890,416,2025-01-04,enviado,1807.69
5891,1784,2025-06-12,entregado,2673.38
5892,1233,2025-11-03,cancelado,1618.39
5893,1668,2024-08-20,cancelado,2596.93
5894,1482,2024-08-16,pendiente,2469.28
5895,495,2025-08-15,entregado,2314.97
5896,813,2024-06-25,entregado,2525.24
5897,858,2025-04-19,entregado,4193.67
5898,1031,2025-07-22,entregado,760.83
5899,588,2025-05-08,enviado,1305.46
5900,1749,2025-04-20,entregado,3106.51
5901,570,2024-07-06,enviado,106.65
5902,557,2024-02-14,cancelado,1982.1
5903,1540,2024-09-26,pendiente,339.15
5904,735,2024-04-09,entregado,2852.85
5905,251,2025-04-15,entregado,4179.2
5906,987,2025-08-15,pendiente,298.96
5907,348,2025-11-24,cancelado,500.69
5908,1382,2026-01-18,entregado,640.9
5909,1815,2024-02-06,pendiente,4008.02
5910,1686,2024-09-13,cancelado,2867.0
5911,1541,2024-02-27,pendiente,708.11
5912,1977,2025-11-01,pagado,1235.52
5913,619,2025-01-12,pendiente,3294.25
5914,1792,2026-02-28,entregado,934.32
5915,1920,2024-09-15,pagado,3174.17
5916,1322,2025-10-09,entregado,1376.91
5917,594,2025-04-04,pendiente,1997.13
5918,1269,2025-01-31,entregado,849.53
5919,895,2025-12-03,pendiente,121.07
5920,351,2025-10-02,pagado,977.65
5921,1230,2024-11-17,pendiente,1207.81
5922,951,2024-07-30,pagado,3322.01
5923,523,2024-02-11,pagado,814.23
5924,1395,2025-11-02,enviado,1568.74
5925,756,2024-01-23,entregado,2166.37
5926,312,2025-02-14,enviado,1673.47
5927,431,2024-02-21,entregado,1668.0
5928,229,2025-01-10,enviado,843.46
5929,421,2024-05-13,pagado,13.12
5930,7,2025-09-14,enviado,4181.37
5931,294,2025-09-15,entregado,3537.77
5932,825,2024-06-19,pagado,2498.67
5933,1731,2025-03-07,entregado,3270.07
5934,815,2025-03-02,entregado,425.72
5935,1910,2024-12-06,cancelado,3312.6
5936,1989,2024-10-23,pagado,1154.09
5937,1842,2024-08-12,cancelado,1535.5
5938,1072,2025-02-26,pendiente,544.64
5939,1191,2025-11-23,pendiente,2795.58
5940,1251,2026-02-04,entregado,3964.12
5941,1758,2025-03-18,pagado,2939.03
5942,1836,2025-07-31,pendiente,3282.18
5943,1845,2025-07-22,entregado,2952.04
5944,1559,2025-05-27,cancelado,2004.63
5945,1931,2025-06-17,cancelado,1086.98
5946,1206,2025-05-31,enviado,871.8
5947,395,2024-09-10,cancelado,414.48
5948,369,2024-02-08,enviado,4032.3
5949,827,2024-08-06,pendiente,1984.38
5950,325,2024-02-10,pendiente,3669.69
5951,1281,2025-06-24,enviado,2437.04
5952,173,2025-05-20,cancelado,2545.87
5953,1557,2024-10-18,enviado,2151.75
5954,103,2026-01-04,pagado,3149.73
5955,1376,2024-05-25,enviado,2670.0
5956,947,2025-12-22,enviado,2828.73
5957,1419,2025-10-06,enviado,2586.66
5958,1467,2025-06-02,cancelado,1436.78
5959,1559,2025-07-02,pagado,1762.11
5960,1779,2025-09-29,pagado,1750.65
5961,54,2025-06-27,enviado,4125.96
5962,113,2024-01-28,enviado,3374.05
5963,1180,2025-12-13,entregado,2101.16
5964,651,2024-01-10,pagado,1202.25
5965,511,2024-12-08,pagado,1189.12
5966,838,2024-05-09,pagado,2218.48
5967,1573,2025-10-25,pendiente,70.87
5968,882,2024-01-18,cancelado,3832.12
5969,1922,2024-10-26,pagado,3955.78
5970,862,2025-11-11,pendiente,3949.54
5971,1087,2025-09-04,pagado,1429.86
5972,782,2024-02-27,enviado,1523.53
5973,1184,2024-09-28,cancelado,2140.14
5974,1663,2025-01-11,cancelado,3506.0
5975,12,2026-01-27,entregado,338.61
5976,1547,2024-11-24,pendiente,2216.52
5977,70,2024-06-07,entregado,2992.28
5978,490,2024-01-23,cancelado,689.4
5979,1819,2025-12-04,pagado,440.76
5980,397,2025-10-14,cancelado,1236.78
5981,1609,2025-04-04,enviado,1464.4
5982,1930,2025-11-17,enviado,2470.18
5983,1713,2025-03-19,pagado,1617.66
5984,1145,2024-10-19,pendiente,2409.26
5985,1251,2024-09-16,enviado,2636.74
5986,1054,2025-05-13,enviado,1713.28
5987,1343,2025-06-08,pendiente,2593.69
5988,1494,2024-07-11,enviado,1341.47
5989,467,2025-12-17,cancelado,863.29
5990,1228,2025-08-30,pagado,807.45
5991,520,2026-02-27,pendiente,3041.1
5992,1025,2025-03-25,enviado,2239.51
5993,200,2025-11-14,pagado,1963.97
5994,1157,2025-04-10,cancelado,3997.21
5995,42,2025-12-30,cancelado,390.71
5996,725,2025-04-15,pagado,13.82
5997,1071,2025-09-05,pagado,3390.14
5998,1594,2024-02-15,pendiente,111.57
5999,31,2024-03-20,enviado,3351.22
6000,1192,2024-02-24,pendiente,4097.72
