id,nombre,rubro,distrito,ubicacion
1,Supermercado Flores 1,supermercado,Lima,"POINT(-12.043011, -77.030981)"
2,Supermercado Ponce 2,supermercado,Lima,"POINT(-12.043594, -77.044031)"
3,Panadería Chávez 3,panadería,San Miguel,"POINT(-12.070864, -77.086532)"
4,Restaurante Ramos 4,restaurante,San Isidro,"POINT(-12.097057, -77.034643)"
5,Supermercado Vargas 5,supermercado,San Miguel,"POINT(-12.072389, -77.091813)"
6,Librería Ramos 6,librería,Surco,"POINT(-12.133380, -76.986968)"
7,Supermercado Huamán 7,supermercado,Pueblo Libre,"POINT(-12.071021, -77.064018)"
8,Ferretería Salazar 8,ferretería,La Molina,"POINT(-12.092714, -76.944742)"
9,Electrónica Rojas 9,electrónica,Barranco,"POINT(-12.147398, -77.014597)"
10,Farmacia Huamán 10,farmacia,San Borja,"POINT(-12.110265, -77.002323)"
11,Farmacia Huamán 11,farmacia,Miraflores,"POINT(-12.129160, -77.013465)"
12,Panadería Quispe 12,panadería,Jesús María,"POINT(-12.067611, -77.048504)"
13,Supermercado Cárdenas 13,supermercado,Surco,"POINT(-12.140297, -76.971032)"
14,Electrónica Huamán 14,electrónica,San Isidro,"POINT(-12.101193, -77.053925)"
15,Panadería Ríos 15,panadería,Lima,"POINT(-12.042365, -77.022714)"
16,Librería Espinoza 16,librería,Pueblo Libre,"POINT(-12.083482, -77.073256)"
17,Ferretería Cárdenas 17,ferretería,La Molina,"POINT(-12.078772, -76.933503)"
18,Gasolinera Ponce 18,gasolinera,Lima,"POINT(-12.044519, -77.055611)"
19,Supermercado Quispe 19,supermercado,Lince,"POINT(-12.088822, -77.033295)"
20,Supermercado Cárdenas 20,supermercado,Los Olivos,"POINT(-11.969670, -77.061829)"
21,Supermercado Ramos 21,supermercado,Miraflores,"POINT(-12.118760, -77.017028)"
22,Panadería Chávez 22,panadería,San Borja,"POINT(-12.105976, -76.988923)"
23,Supermercado Ríos 23,supermercado,Miraflores,"POINT(-12.124093, -77.032841)"
24,Restaurante Ponce 24,restaurante,San Miguel,"POINT(-12.077072, -77.080351)"
25,Supermercado Mendoza 25,supermercado,La Molina,"POINT(-12.102133, -76.952845)"
26,Ferretería Chávez 26,ferretería,San Isidro,"POINT(-12.099961, -77.026595)"
27,Panadería Chávez 27,panadería,Los Olivos,"POINT(-11.983544, -77.074386)"
28,Librería Ríos 28,librería,Lima,"POINT(-12.045273, -77.053708)"
29,Librería Mendoza 29,librería,Pueblo Libre,"POINT(-12.073906, -77.073117)"
30,Librería Mendoza 30,librería,San Miguel,"POINT(-12.075110, -77.079741)"
31,Gasolinera Mendoza 31,gasolinera,Lima,"POINT(-12.057276, -77.076687)"
32,Electrónica Rojas 32,electrónica,Los Olivos,"POINT(-11.960541, -77.078022)"
33,Restaurante Ríos 33,restaurante,San Borja,"POINT(-12.096693, -76.998286)"
34,Supermercado Quispe 34,supermercado,Pueblo Libre,"POINT(-12.082027, -77.064825)"
35,Electrónica Castillo 35,electrónica,San Miguel,"POINT(-12.071829, -77.083810)"
36,Librería Ramos 36,librería,San Borja,"POINT(-12.090321, -76.991803)"
37,Librería Huamán 37,librería,San Borja,"POINT(-12.113644, -77.004461)"
38,Restaurante Flores 38,restaurante,Lima,"POINT(-12.042576, -77.062926)"
39,Panadería Chávez 39,panadería,Los Olivos,"POINT(-11.967781, -77.078112)"
40,Restaurante Mendoza 40,restaurante,Pueblo Libre,"POINT(-12.070904, -77.071592)"
41,Panadería Paredes 41,panadería,Surco,"POINT(-12.151150, -77.001095)"
42,Supermercado Ramos 42,supermercado,San Borja,"POINT(-12.090845, -76.991682)"
43,Librería Paredes 43,librería,Miraflores,"POINT(-12.117567, -77.023194)"
44,Ferretería Ramos 44,ferretería,San Isidro,"POINT(-12.105524, -77.035294)"
45,Supermercado Salazar 45,supermercado,San Borja,"POINT(-12.099039, -76.988611)"
46,Panadería Ramos 46,panadería,San Miguel,"POINT(-12.072716, -77.083890)"
47,Supermercado Ríos 47,supermercado,Pueblo Libre,"POINT(-12.073810, -77.064421)"
48,Ferretería Ramos 48,ferretería,Miraflores,"POINT(-12.113425, -77.028838)"
49,Electrónica Vargas 49,electrónica,Lince,"POINT(-12.080487, -77.022571)"
50,Restaurante Rojas 50,restaurante,Pueblo Libre,"POINT(-12.078046, -77.074874)"
51,Librería Ríos 51,librería,San Miguel,"POINT(-12.070000, -77.092179)"
52,Farmacia Ramos 52,farmacia,San Borja,"POINT(-12.092255, -76.985660)"
53,Librería Ramos 53,librería,San Isidro,"POINT(-12.100916, -77.021233)"
54,Ferretería Vargas 54,ferretería,Los Olivos,"POINT(-11.958121, -77.072027)"
55,Panadería Huamán 55,panadería,Barranco,"POINT(-12.153292, -77.014862)"
56,Electrónica Rojas 56,electrónica,Miraflores,"POINT(-12.121313, -77.030303)"
57,Farmacia Paredes 57,farmacia,Los Olivos,"POINT(-11.993021, -77.066011)"
58,Electrónica Huamán 58,electrónica,Pueblo Libre,"POINT(-12.077601, -77.068365)"
59,Supermercado Paredes 59,supermercado,Miraflores,"POINT(-12.134091, -77.014833)"
60,Farmacia Quispe 60,farmacia,Surco,"POINT(-12.148253, -76.993953)"
61,Ferretería Quispe 61,ferretería,Los Olivos,"POINT(-11.975305, -77.060793)"
62,Restaurante Flores 62,restaurante,Los Olivos,"POINT(-11.974234, -77.060270)"
63,Farmacia Salazar 63,farmacia,San Borja,"POINT(-12.104357, -76.982351)"
64,Electrónica Rojas 64,electrónica,Surco,"POINT(-12.154101, -76.975287)"
65,Restaurante Vargas 65,restaurante,Pueblo Libre,"POINT(-12.082832, -77.064199)"
66,Electrónica Huamán 66,electrónica,Lince,"POINT(-12.082965, -77.033841)"
67,Restaurante Castillo 67,restaurante,San Isidro,"POINT(-12.100592, -77.026943)"
68,Supermercado Castillo 68,supermercado,Surco,"POINT(-12.149106, -76.999987)"
69,Librería Salazar 69,librería,Lima,"POINT(-12.037337, -77.060746)"
70,Librería Ríos 70,librería,Lima,"POINT(-12.054554, -77.081667)"
71,Restaurante Espinoza 71,restaurante,San Isidro,"POINT(-12.095159, -77.031665)"
72,Farmacia Ríos 72,farmacia,La Molina,"POINT(-12.086443, -76.930218)"
73,Librería Espinoza 73,librería,San Borja,"POINT(-12.091083, -77.003571)"
74,Librería Ríos 74,librería,Jesús María,"POINT(-12.079141, -77.041648)"
75,Ferretería Ríos 75,ferretería,La Molina,"POINT(-12.085630, -76.919846)"
76,Farmacia Cárdenas 76,farmacia,Miraflores,"POINT(-12.126488, -77.031583)"
77,Gasolinera Quispe 77,gasolinera,La Molina,"POINT(-12.087984, -76.935019)"
78,Librería Rojas 78,librería,Lima,"POINT(-12.044037, -77.060385)"
79,Supermercado Aguilar 79,supermercado,Lima,"POINT(-12.054315, -77.071165)"
80,Librería Castillo 80,librería,San Isidro,"POINT(-12.101259, -77.024986)"
81,Electrónica Chávez 81,electrónica,Surco,"POINT(-12.158329, -76.988798)"
82,Librería Flores 82,librería,Lima,"POINT(-12.051584, -77.034393)"
83,Panadería Chávez 83,panadería,La Molina,"POINT(-12.096463, -76.963929)"
84,Panadería Aguilar 84,panadería,San Borja,"POINT(-12.106081, -77.003344)"
85,Panadería Huamán 85,panadería,Surco,"POINT(-12.154229, -76.991477)"
86,Gasolinera Vargas 86,gasolinera,San Miguel,"POINT(-12.077590, -77.082930)"
87,Restaurante Espinoza 87,restaurante,San Miguel,"POINT(-12.081751, -77.083288)"
88,Farmacia Rojas 88,farmacia,Surco,"POINT(-12.126843, -77.000164)"
89,Panadería Quispe 89,panadería,Miraflores,"POINT(-12.130963, -77.018235)"
90,Librería Vargas 90,librería,Los Olivos,"POINT(-11.978017, -77.061917)"
91,Ferretería Ponce 91,ferretería,San Isidro,"POINT(-12.100057, -77.052338)"
92,Ferretería Huamán 92,ferretería,Surco,"POINT(-12.141581, -76.999146)"
93,Panadería Aguilar 93,panadería,Miraflores,"POINT(-12.113819, -77.019674)"
94,Restaurante Mendoza 94,restaurante,La Molina,"POINT(-12.073982, -76.958108)"
95,Gasolinera Rojas 95,gasolinera,Lince,"POINT(-12.088529, -77.025883)"
96,Farmacia Quispe 96,farmacia,Lima,"POINT(-12.039095, -77.035763)"
97,Gasolinera Cárdenas 97,gasolinera,La Molina,"POINT(-12.067529, -76.950993)"
98,Supermercado Huamán 98,supermercado,La Molina,"POINT(-12.085332, -76.917679)"
99,Restaurante Salazar 99,restaurante,La Molina,"POINT(-12.089010, -76.935378)"
100,Restaurante Paredes 100,restaurante,Barranco,"POINT(-12.144777, -77.012533)"
101,Supermercado Ríos 101,supermercado,Lima,"POINT(-12.043394, -77.083153)"
102,Restaurante Rojas 102,restaurante,La Molina,"POINT(-12.091007, -76.959090)"
103,Librería Rojas 103,librería,San Isidro,"POINT(-12.099662, -77.024200)"
104,Gasolinera Salazar 104,gasolinera,Jesús María,"POINT(-12.087490, -77.061285)"
105,Ferretería Ponce 105,ferretería,Miraflores,"POINT(-12.134145, -77.012323)"
106,Supermercado Quispe 106,supermercado,Lima,"POINT(-12.058168, -77.075612)"
107,Farmacia Ramos 107,farmacia,San Isidro,"POINT(-12.108372, -77.027966)"
108,Supermercado Ramos 108,supermercado,Miraflores,"POINT(-12.132201, -77.013895)"
109,Gasolinera Aguilar 109,gasolinera,Pueblo Libre,"POINT(-12.084544, -77.066747)"
110,Restaurante Cárdenas 110,restaurante,Miraflores,"POINT(-12.116295, -77.040905)"
111,Supermercado Quispe 111,supermercado,La Molina,"POINT(-12.098748, -76.937620)"
112,Supermercado Rojas 112,supermercado,Surco,"POINT(-12.149105, -76.980663)"
113,Librería Ríos 113,librería,San Isidro,"POINT(-12.097212, -77.046866)"
114,Librería Ramos 114,librería,Surco,"POINT(-12.130026, -76.993100)"
115,Supermercado Castillo 115,supermercado,Jesús María,"POINT(-12.086317, -77.041797)"
116,Supermercado Chávez 116,supermercado,San Borja,"POINT(-12.087653, -76.987880)"
117,Gasolinera Flores 117,gasolinera,Surco,"POINT(-12.140292, -76.983728)"
118,Electrónica Aguilar 118,electrónica,Lima,"POINT(-12.041214, -77.076877)"
119,Electrónica Espinoza 119,electrónica,San Borja,"POINT(-12.099425, -76.990034)"
120,Panadería Ríos 120,panadería,Surco,"POINT(-12.127801, -76.982646)"
121,Librería Aguilar 121,librería,La Molina,"POINT(-12.070146, -76.962572)"
122,Electrónica Ríos 122,electrónica,Miraflores,"POINT(-12.132282, -77.008446)"
123,Farmacia Vargas 123,farmacia,Miraflores,"POINT(-12.125653, -77.031792)"
124,Supermercado Salazar 124,supermercado,Surco,"POINT(-12.118230, -76.980533)"
125,Ferretería Flores 125,ferretería,San Miguel,"POINT(-12.081275, -77.091485)"
126,Supermercado Paredes 126,supermercado,Lima,"POINT(-12.064555, -77.043877)"
127,Restaurante Flores 127,restaurante,La Molina,"POINT(-12.076676, -76.941748)"
128,Ferretería Quispe 128,ferretería,La Molina,"POINT(-12.101972, -76.953331)"
129,Librería Vargas 129,librería,Surco,"POINT(-12.158773, -76.985608)"
130,Librería Mendoza 130,librería,La Molina,"POINT(-12.081660, -76.948730)"
131,Restaurante Rojas 131,restaurante,Lima,"POINT(-12.044665, -77.064851)"
132,Gasolinera Mendoza 132,gasolinera,San Miguel,"POINT(-12.078512, -77.082811)"
133,Restaurante Cárdenas 133,restaurante,Lima,"POINT(-12.037587, -77.079877)"
134,Supermercado Flores 134,supermercado,Los Olivos,"POINT(-11.996407, -77.059198)"
135,Supermercado Quispe 135,supermercado,Lima,"POINT(-12.033962, -77.047897)"
136,Librería Rojas 136,librería,Barranco,"POINT(-12.152298, -77.010076)"
137,Librería Ríos 137,librería,Surco,"POINT(-12.136565, -76.973821)"
138,Restaurante Mendoza 138,restaurante,Lima,"POINT(-12.052998, -77.030470)"
139,Librería Rojas 139,librería,Los Olivos,"POINT(-11.986768, -77.060944)"
140,Restaurante Paredes 140,restaurante,San Miguel,"POINT(-12.081753, -77.092544)"
141,Supermercado Salazar 141,supermercado,Surco,"POINT(-12.149558, -76.983727)"
142,Supermercado Rojas 142,supermercado,Surco,"POINT(-12.159650, -76.994081)"
143,Farmacia Salazar 143,farmacia,Barranco,"POINT(-12.141713, -77.012550)"
144,Farmacia Quispe 144,farmacia,Lima,"POINT(-12.060062, -77.043606)"
145,Electrónica Ramos 145,electrónica,Barranco,"POINT(-12.149317, -77.015375)"
146,Panadería Vargas 146,panadería,La Molina,"POINT(-12.091822, -76.941863)"
147,Librería Mendoza 147,librería,Pueblo Libre,"POINT(-12.068640, -77.072755)"
148,Supermercado Chávez 148,supermercado,Miraflores,"POINT(-12.112872, -77.031149)"
149,Panadería Ríos 149,panadería,Surco,"POINT(-12.162634, -76.986782)"
150,Gasolinera Ramos 150,gasolinera,Miraflores,"POINT(-12.124960, -77.030475)"
151,Panadería Ponce 151,panadería,Surco,"POINT(-12.118040, -76.977917)"
152,Ferretería Flores 152,ferretería,Miraflores,"POINT(-12.121472, -77.030110)"
153,Gasolinera Mendoza 153,gasolinera,San Borja,"POINT(-12.094230, -76.995357)"
154,Supermercado Huamán 154,supermercado,Surco,"POINT(-12.131999, -76.979498)"
155,Ferretería Chávez 155,ferretería,San Isidro,"POINT(-12.107810, -77.016822)"
156,Librería Paredes 156,librería,San Borja,"POINT(-12.096198, -76.982256)"
157,Librería Cárdenas 157,librería,Surco,"POINT(-12.137994, -76.992435)"
158,Restaurante Espinoza 158,restaurante,Lince,"POINT(-12.084564, -77.022954)"
159,Restaurante Quispe 159,restaurante,Miraflores,"POINT(-12.116001, -77.033730)"
160,Ferretería Castillo 160,ferretería,Los Olivos,"POINT(-12.002454, -77.074216)"
161,Ferretería Quispe 161,ferretería,San Miguel,"POINT(-12.076721, -77.097257)"
162,Panadería Espinoza 162,panadería,Lince,"POINT(-12.080729, -77.037169)"
163,Restaurante Mendoza 163,restaurante,Lima,"POINT(-12.054281, -77.021619)"
164,Farmacia Flores 164,farmacia,Lima,"POINT(-12.051692, -77.032866)"
165,Restaurante Cárdenas 165,restaurante,San Borja,"POINT(-12.097451, -77.002704)"
166,Electrónica Flores 166,electrónica,Lima,"POINT(-12.058583, -77.029813)"
167,Panadería Rojas 167,panadería,San Borja,"POINT(-12.106685, -76.992977)"
168,Farmacia Aguilar 168,farmacia,Jesús María,"POINT(-12.072175, -77.056082)"
169,Gasolinera Salazar 169,gasolinera,San Isidro,"POINT(-12.107754, -77.030049)"
170,Librería Ponce 170,librería,Los Olivos,"POINT(-11.984780, -77.065038)"
171,Gasolinera Cárdenas 171,gasolinera,Los Olivos,"POINT(-11.999137, -77.075401)"
172,Farmacia Ríos 172,farmacia,San Borja,"POINT(-12.099101, -76.987567)"
173,Panadería Ponce 173,panadería,San Miguel,"POINT(-12.076248, -77.089917)"
174,Panadería Aguilar 174,panadería,San Isidro,"POINT(-12.103797, -77.024416)"
175,Restaurante Paredes 175,restaurante,San Borja,"POINT(-12.092777, -76.991135)"
176,Librería Aguilar 176,librería,Surco,"POINT(-12.118366, -76.986627)"
177,Panadería Quispe 177,panadería,La Molina,"POINT(-12.089628, -76.952073)"
178,Gasolinera Espinoza 178,gasolinera,Lince,"POINT(-12.084341, -77.035940)"
179,Farmacia Castillo 179,farmacia,San Borja,"POINT(-12.103049, -77.002492)"
180,Supermercado Huamán 180,supermercado,Lima,"POINT(-12.039460, -77.028604)"
181,Ferretería Flores 181,ferretería,Surco,"POINT(-12.140672, -76.971547)"
182,Farmacia Castillo 182,farmacia,Surco,"POINT(-12.161486, -76.990918)"
183,Panadería Ponce 183,panadería,Lima,"POINT(-12.062199, -77.067591)"
184,Ferretería Rojas 184,ferretería,Surco,"POINT(-12.118531, -76.999240)"
185,Supermercado Salazar 185,supermercado,Los Olivos,"POINT(-11.965254, -77.078858)"
186,Electrónica Castillo 186,electrónica,La Molina,"POINT(-12.099343, -76.958929)"
187,Ferretería Vargas 187,ferretería,Lima,"POINT(-12.060123, -77.061810)"
188,Librería Salazar 188,librería,Lima,"POINT(-12.054690, -77.077635)"
189,Restaurante Cárdenas 189,restaurante,San Isidro,"POINT(-12.100112, -77.038963)"
190,Supermercado Vargas 190,supermercado,La Molina,"POINT(-12.072848, -76.937000)"
191,Electrónica Aguilar 191,electrónica,La Molina,"POINT(-12.087712, -76.937423)"
192,Panadería Rojas 192,panadería,San Miguel,"POINT(-12.072975, -77.084189)"
193,Ferretería Chávez 193,ferretería,San Borja,"POINT(-12.105013, -76.995493)"
194,Ferretería Ponce 194,ferretería,La Molina,"POINT(-12.068387, -76.952921)"
195,Gasolinera Quispe 195,gasolinera,Miraflores,"POINT(-12.112433, -77.041341)"
196,Ferretería Paredes 196,ferretería,Surco,"POINT(-12.159568, -76.977983)"
197,Panadería Espinoza 197,panadería,Los Olivos,"POINT(-11.967764, -77.074303)"
198,Supermercado Mendoza 198,supermercado,Los Olivos,"POINT(-11.970375, -77.062560)"
199,Gasolinera Vargas 199,gasolinera,Lima,"POINT(-12.051097, -77.024921)"
200,Ferretería Vargas 200,ferretería,San Isidro,"POINT(-12.095791, -77.053101)"
201,Librería Ponce 201,librería,La Molina,"POINT(-12.082926, -76.959196)"
202,Panadería Huamán 202,panadería,San Borja,"POINT(-12.089593, -76.995145)"
203,Restaurante Ríos 203,restaurante,San Miguel,"POINT(-12.077422, -77.100092)"
204,Farmacia Chávez 204,farmacia,San Borja,"POINT(-12.097799, -77.000298)"
205,Supermercado Ponce 205,supermercado,Miraflores,"POINT(-12.134739, -77.016196)"
206,Librería Ríos 206,librería,Surco,"POINT(-12.143853, -76.972622)"
207,Gasolinera Paredes 207,gasolinera,Miraflores,"POINT(-12.112574, -77.012581)"
208,Electrónica Cárdenas 208,electrónica,San Isidro,"POINT(-12.097639, -77.044678)"
209,Supermercado Chávez 209,supermercado,Los Olivos,"POINT(-11.960358, -77.075421)"
210,Restaurante Quispe 210,restaurante,La Molina,"POINT(-12.072320, -76.949034)"
211,Restaurante Aguilar 211,restaurante,San Miguel,"POINT(-12.069573, -77.100567)"
212,Librería Flores 212,librería,Surco,"POINT(-12.155856, -77.003754)"
213,Electrónica Salazar 213,electrónica,Lima,"POINT(-12.039637, -77.067322)"
214,Ferretería Paredes 214,ferretería,Surco,"POINT(-12.121674, -76.973770)"
215,Ferretería Chávez 215,ferretería,Miraflores,"POINT(-12.134229, -77.019415)"
216,Panadería Chávez 216,panadería,Surco,"POINT(-12.119052, -76.994204)"
217,Panadería Cárdenas 217,panadería,San Borja,"POINT(-12.110478, -76.992365)"
218,Restaurante Ponce 218,restaurante,Jesús María,"POINT(-12.081575, -77.050278)"
219,Supermercado Mendoza 219,supermercado,Lima,"POINT(-12.048826, -77.021417)"
220,Restaurante Flores 220,restaurante,Lima,"POINT(-12.060039, -77.023163)"
221,Restaurante Ramos 221,restaurante,Pueblo Libre,"POINT(-12.073221, -77.071704)"
222,Gasolinera Ramos 222,gasolinera,Miraflores,"POINT(-12.129166, -77.024159)"
223,Panadería Aguilar 223,panadería,Pueblo Libre,"POINT(-12.068129, -77.069552)"
224,Ferretería Huamán 224,ferretería,Miraflores,"POINT(-12.135149, -77.014066)"
225,Farmacia Castillo 225,farmacia,Lima,"POINT(-12.056440, -77.057349)"
226,Electrónica Huamán 226,electrónica,Pueblo Libre,"POINT(-12.076151, -77.073948)"
227,Farmacia Ramos 227,farmacia,La Molina,"POINT(-12.080822, -76.926411)"
228,Gasolinera Ríos 228,gasolinera,Barranco,"POINT(-12.151472, -77.014021)"
229,Ferretería Castillo 229,ferretería,Pueblo Libre,"POINT(-12.081709, -77.072233)"
230,Panadería Huamán 230,panadería,Lima,"POINT(-12.040269, -77.038252)"
231,Panadería Huamán 231,panadería,Lima,"POINT(-12.061967, -77.038604)"
232,Gasolinera Mendoza 232,gasolinera,Pueblo Libre,"POINT(-12.081243, -77.064559)"
233,Librería Chávez 233,librería,Lima,"POINT(-12.052175, -77.073375)"
234,Electrónica Aguilar 234,electrónica,Pueblo Libre,"POINT(-12.074217, -77.074953)"
235,Electrónica Aguilar 235,electrónica,Lima,"POINT(-12.064481, -77.052165)"
236,Restaurante Vargas 236,restaurante,Miraflores,"POINT(-12.133852, -77.013188)"
237,Librería Huamán 237,librería,Los Olivos,"POINT(-11.995045, -77.063839)"
238,Panadería Rojas 238,panadería,Miraflores,"POINT(-12.122288, -77.036922)"
239,Librería Espinoza 239,librería,Surco,"POINT(-12.160789, -76.992334)"
240,Ferretería Ponce 240,ferretería,Lima,"POINT(-12.056018, -77.021665)"
241,Panadería Espinoza 241,panadería,San Borja,"POINT(-12.093305, -76.991621)"
242,Ferretería Ríos 242,ferretería,Lima,"POINT(-12.064134, -77.033993)"
243,Farmacia Quispe 243,farmacia,Surco,"POINT(-12.154865, -76.989051)"
244,Restaurante Vargas 244,restaurante,San Isidro,"POINT(-12.104160, -77.030602)"
245,Panadería Mendoza 245,panadería,Lima,"POINT(-12.061409, -77.065939)"
246,Restaurante Castillo 246,restaurante,Miraflores,"POINT(-12.126347, -77.019580)"
247,Gasolinera Rojas 247,gasolinera,San Isidro,"POINT(-12.106368, -77.053542)"
248,Panadería Espinoza 248,panadería,Lima,"POINT(-12.054969, -77.064093)"
249,Electrónica Ramos 249,electrónica,Lince,"POINT(-12.079274, -77.022428)"
250,Restaurante Espinoza 250,restaurante,Pueblo Libre,"POINT(-12.080219, -77.066613)"
251,Restaurante Salazar 251,restaurante,San Borja,"POINT(-12.100723, -76.995668)"
252,Gasolinera Rojas 252,gasolinera,San Miguel,"POINT(-12.075551, -77.080638)"
253,Restaurante Salazar 253,restaurante,Lima,"POINT(-12.045475, -77.056356)"
254,Farmacia Quispe 254,farmacia,Los Olivos,"POINT(-11.994964, -77.067838)"
255,Electrónica Vargas 255,electrónica,Miraflores,"POINT(-12.120922, -77.021020)"
256,Librería Flores 256,librería,Lince,"POINT(-12.079718, -77.028763)"
257,Panadería Paredes 257,panadería,Los Olivos,"POINT(-11.991399, -77.060279)"
258,Electrónica Castillo 258,electrónica,Barranco,"POINT(-12.157834, -77.010182)"
259,Ferretería Ríos 259,ferretería,La Molina,"POINT(-12.072095, -76.967442)"
260,Electrónica Castillo 260,electrónica,San Miguel,"POINT(-12.068818, -77.094386)"
261,Panadería Ríos 261,panadería,Miraflores,"POINT(-12.123279, -77.028095)"
262,Librería Huamán 262,librería,San Isidro,"POINT(-12.106071, -77.028110)"
263,Gasolinera Quispe 263,gasolinera,Los Olivos,"POINT(-11.969887, -77.077176)"
264,Restaurante Aguilar 264,restaurante,San Miguel,"POINT(-12.073021, -77.091064)"
265,Farmacia Cárdenas 265,farmacia,La Molina,"POINT(-12.075874, -76.921626)"
266,Electrónica Mendoza 266,electrónica,San Miguel,"POINT(-12.069457, -77.097577)"
267,Supermercado Rojas 267,supermercado,Lima,"POINT(-12.041333, -77.026380)"
268,Supermercado Flores 268,supermercado,San Borja,"POINT(-12.102202, -76.986908)"
269,Panadería Vargas 269,panadería,San Miguel,"POINT(-12.079213, -77.098033)"
270,Gasolinera Cárdenas 270,gasolinera,Los Olivos,"POINT(-11.999469, -77.065543)"
271,Farmacia Huamán 271,farmacia,Lima,"POINT(-12.064959, -77.055868)"
272,Librería Aguilar 272,librería,Lima,"POINT(-12.046904, -77.020298)"
273,Supermercado Huamán 273,supermercado,Surco,"POINT(-12.127563, -76.993371)"
274,Panadería Quispe 274,panadería,Surco,"POINT(-12.132992, -76.975363)"
275,Librería Castillo 275,librería,Lima,"POINT(-12.061431, -77.051798)"
276,Restaurante Castillo 276,restaurante,La Molina,"POINT(-12.069832, -76.928791)"
277,Gasolinera Flores 277,gasolinera,Lima,"POINT(-12.036022, -77.072323)"
278,Restaurante Castillo 278,restaurante,Jesús María,"POINT(-12.086405, -77.061698)"
279,Gasolinera Quispe 279,gasolinera,Miraflores,"POINT(-12.121172, -77.010635)"
280,Electrónica Cárdenas 280,electrónica,San Isidro,"POINT(-12.104519, -77.016907)"
281,Restaurante Salazar 281,restaurante,Surco,"POINT(-12.158127, -76.984285)"
282,Supermercado Quispe 282,supermercado,Surco,"POINT(-12.145539, -76.981239)"
283,Librería Ríos 283,librería,Jesús María,"POINT(-12.085827, -77.061686)"
284,Farmacia Ponce 284,farmacia,Los Olivos,"POINT(-11.994200, -77.068203)"
285,Panadería Ponce 285,panadería,San Isidro,"POINT(-12.107176, -77.035171)"
286,Ferretería Cárdenas 286,ferretería,San Isidro,"POINT(-12.099241, -77.047957)"
287,Supermercado Castillo 287,supermercado,San Miguel,"POINT(-12.070527, -77.089637)"
288,Supermercado Mendoza 288,supermercado,Los Olivos,"POINT(-11.993956, -77.060744)"
289,Ferretería Cárdenas 289,ferretería,San Isidro,"POINT(-12.107643, -77.052771)"
290,Librería Ponce 290,librería,San Borja,"POINT(-12.110324, -77.004933)"
291,Panadería Ríos 291,panadería,La Molina,"POINT(-12.078774, -76.960136)"
292,Librería Cárdenas 292,librería,Pueblo Libre,"POINT(-12.077300, -77.068173)"
293,Electrónica Ponce 293,electrónica,La Molina,"POINT(-12.088400, -76.926987)"
294,Gasolinera Ponce 294,gasolinera,San Isidro,"POINT(-12.106486, -77.038560)"
295,Supermercado Cárdenas 295,supermercado,Pueblo Libre,"POINT(-12.079171, -77.066789)"
296,Electrónica Cárdenas 296,electrónica,San Borja,"POINT(-12.091298, -76.993483)"
297,Farmacia Castillo 297,farmacia,Miraflores,"POINT(-12.120804, -77.030990)"
298,Librería Espinoza 298,librería,Los Olivos,"POINT(-12.003009, -77.084096)"
299,Ferretería Vargas 299,ferretería,Los Olivos,"POINT(-11.996044, -77.078977)"
300,Electrónica Ponce 300,electrónica,Lima,"POINT(-12.046266, -77.079826)"
301,Farmacia Chávez 301,farmacia,Miraflores,"POINT(-12.130455, -77.016501)"
302,Farmacia Vargas 302,farmacia,Jesús María,"POINT(-12.077989, -77.042505)"
303,Ferretería Vargas 303,ferretería,Los Olivos,"POINT(-11.959538, -77.079399)"
304,Panadería Chávez 304,panadería,Pueblo Libre,"POINT(-12.074874, -77.075625)"
305,Supermercado Ríos 305,supermercado,Miraflores,"POINT(-12.119104, -77.016719)"
306,Supermercado Chávez 306,supermercado,Jesús María,"POINT(-12.086896, -77.055904)"
307,Gasolinera Rojas 307,gasolinera,Miraflores,"POINT(-12.115378, -77.020762)"
308,Restaurante Vargas 308,restaurante,San Isidro,"POINT(-12.104693, -77.046041)"
309,Gasolinera Ponce 309,gasolinera,San Borja,"POINT(-12.103399, -76.995204)"
310,Librería Vargas 310,librería,San Borja,"POINT(-12.097862, -76.989025)"
311,Gasolinera Espinoza 311,gasolinera,San Isidro,"POINT(-12.099970, -77.041213)"
312,Librería Ramos 312,librería,Lima,"POINT(-12.037448, -77.060463)"
313,Restaurante Cárdenas 313,restaurante,La Molina,"POINT(-12.078493, -76.945512)"
314,Ferretería Ponce 314,ferretería,Lima,"POINT(-12.056275, -77.036424)"
315,Gasolinera Rojas 315,gasolinera,San Isidro,"POINT(-12.100327, -77.044684)"
316,Supermercado Quispe 316,supermercado,Lima,"POINT(-12.043908, -77.060546)"
317,Panadería Flores 317,panadería,Surco,"POINT(-12.119069, -76.998848)"
318,Restaurante Salazar 318,restaurante,Miraflores,"POINT(-12.126065, -77.013599)"
319,Supermercado Mendoza 319,supermercado,San Borja,"POINT(-12.093875, -76.988694)"
320,Electrónica Vargas 320,electrónica,San Miguel,"POINT(-12.077021, -77.099047)"
321,Librería Rojas 321,librería,San Miguel,"POINT(-12.075851, -77.084037)"
322,Gasolinera Rojas 322,gasolinera,Los Olivos,"POINT(-11.959740, -77.060487)"
323,Farmacia Espinoza 323,farmacia,Surco,"POINT(-12.159575, -76.997147)"
324,Panadería Paredes 324,panadería,San Isidro,"POINT(-12.097316, -77.022906)"
325,Panadería Cárdenas 325,panadería,Los Olivos,"POINT(-11.983821, -77.079080)"
326,Electrónica Aguilar 326,electrónica,Miraflores,"POINT(-12.116741, -77.011748)"
327,Farmacia Ríos 327,farmacia,Los Olivos,"POINT(-11.973282, -77.074841)"
328,Panadería Quispe 328,panadería,Los Olivos,"POINT(-12.003282, -77.064728)"
329,Gasolinera Flores 329,gasolinera,San Borja,"POINT(-12.104830, -76.981177)"
330,Gasolinera Chávez 330,gasolinera,Lince,"POINT(-12.086392, -77.023797)"
331,Ferretería Ramos 331,ferretería,Lima,"POINT(-12.042785, -77.073475)"
332,Gasolinera Castillo 332,gasolinera,Miraflores,"POINT(-12.115792, -77.021485)"
333,Supermercado Castillo 333,supermercado,Miraflores,"POINT(-12.133753, -77.024604)"
334,Restaurante Aguilar 334,restaurante,Surco,"POINT(-12.139748, -76.977360)"
335,Supermercado Cárdenas 335,supermercado,La Molina,"POINT(-12.080418, -76.924901)"
336,Supermercado Salazar 336,supermercado,Barranco,"POINT(-12.151472, -77.012161)"
337,Panadería Ramos 337,panadería,Jesús María,"POINT(-12.074351, -77.048382)"
338,Librería Mendoza 338,librería,Surco,"POINT(-12.151194, -76.982839)"
339,Electrónica Quispe 339,electrónica,Lima,"POINT(-12.051433, -77.020317)"
340,Electrónica Flores 340,electrónica,Los Olivos,"POINT(-11.968594, -77.068665)"
341,Panadería Huamán 341,panadería,Surco,"POINT(-12.156708, -76.983934)"
342,Restaurante Ponce 342,restaurante,Lince,"POINT(-12.088542, -77.023929)"
343,Farmacia Salazar 343,farmacia,Miraflores,"POINT(-12.135217, -77.011411)"
344,Farmacia Rojas 344,farmacia,San Borja,"POINT(-12.094204, -76.983759)"
345,Supermercado Quispe 345,supermercado,Miraflores,"POINT(-12.121386, -77.030951)"
346,Supermercado Aguilar 346,supermercado,Lince,"POINT(-12.081377, -77.023593)"
347,Farmacia Cárdenas 347,farmacia,Lince,"POINT(-12.083817, -77.029431)"
348,Librería Castillo 348,librería,Barranco,"POINT(-12.140925, -77.013416)"
349,Gasolinera Quispe 349,gasolinera,La Molina,"POINT(-12.076962, -76.956875)"
350,Panadería Flores 350,panadería,Lince,"POINT(-12.091450, -77.032787)"
351,Supermercado Quispe 351,supermercado,Miraflores,"POINT(-12.114206, -77.028014)"
352,Farmacia Castillo 352,farmacia,Lima,"POINT(-12.034537, -77.055585)"
353,Librería Cárdenas 353,librería,San Borja,"POINT(-12.109731, -76.981022)"
354,Panadería Flores 354,panadería,San Borja,"POINT(-12.086524, -76.987060)"
355,Restaurante Salazar 355,restaurante,Barranco,"POINT(-12.150596, -77.017886)"
356,Panadería Aguilar 356,panadería,Miraflores,"POINT(-12.120619, -77.025835)"
357,Farmacia Espinoza 357,farmacia,Los Olivos,"POINT(-11.998128, -77.060059)"
358,Librería Castillo 358,librería,San Miguel,"POINT(-12.072433, -77.082715)"
359,Farmacia Ponce 359,farmacia,Miraflores,"POINT(-12.112574, -77.021469)"
360,Supermercado Ríos 360,supermercado,Surco,"POINT(-12.132809, -77.002211)"
361,Panadería Salazar 361,panadería,Los Olivos,"POINT(-11.978873, -77.065293)"
362,Gasolinera Mendoza 362,gasolinera,Lima,"POINT(-12.039221, -77.054801)"
363,Farmacia Ramos 363,farmacia,San Isidro,"POINT(-12.101102, -77.023305)"
364,Restaurante Espinoza 364,restaurante,Surco,"POINT(-12.146466, -76.978826)"
365,Ferretería Ponce 365,ferretería,Lima,"POINT(-12.043591, -77.067634)"
366,Restaurante Quispe 366,restaurante,Lince,"POINT(-12.092079, -77.031044)"
367,Ferretería Mendoza 367,ferretería,Surco,"POINT(-12.138200, -77.003397)"
368,Ferretería Vargas 368,ferretería,San Isidro,"POINT(-12.105476, -77.049792)"
369,Librería Flores 369,librería,Lima,"POINT(-12.049948, -77.039496)"
370,Gasolinera Chávez 370,gasolinera,Lima,"POINT(-12.058309, -77.027522)"
371,Panadería Quispe 371,panadería,La Molina,"POINT(-12.077207, -76.940736)"
372,Restaurante Salazar 372,restaurante,Lima,"POINT(-12.062971, -77.028031)"
373,Farmacia Salazar 373,farmacia,Surco,"POINT(-12.162505, -76.990597)"
374,Gasolinera Paredes 374,gasolinera,San Miguel,"POINT(-12.079073, -77.087295)"
375,Gasolinera Mendoza 375,gasolinera,La Molina,"POINT(-12.092735, -76.950621)"
376,Restaurante Ramos 376,restaurante,La Molina,"POINT(-12.098193, -76.943663)"
377,Panadería Flores 377,panadería,San Borja,"POINT(-12.105889, -76.996115)"
378,Panadería Chávez 378,panadería,Pueblo Libre,"POINT(-12.084396, -77.066986)"
379,Panadería Rojas 379,panadería,Lince,"POINT(-12.090126, -77.035795)"
380,Gasolinera Rojas 380,gasolinera,Surco,"POINT(-12.153072, -76.982688)"
381,Gasolinera Vargas 381,gasolinera,Miraflores,"POINT(-12.114382, -77.029748)"
382,Supermercado Quispe 382,supermercado,Miraflores,"POINT(-12.115351, -77.028177)"
383,Farmacia Cárdenas 383,farmacia,Jesús María,"POINT(-12.083891, -77.041594)"
384,Restaurante Aguilar 384,restaurante,Barranco,"POINT(-12.141632, -77.011524)"
385,Gasolinera Chávez 385,gasolinera,Lima,"POINT(-12.049624, -77.062724)"
386,Ferretería Ponce 386,ferretería,Pueblo Libre,"POINT(-12.071549, -77.071852)"
387,Gasolinera Espinoza 387,gasolinera,Lima,"POINT(-12.051711, -77.078150)"
388,Electrónica Ramos 388,electrónica,San Isidro,"POINT(-12.105911, -77.052422)"
389,Librería Castillo 389,librería,Lima,"POINT(-12.042702, -77.039511)"
390,Supermercado Salazar 390,supermercado,La Molina,"POINT(-12.077991, -76.930199)"
391,Restaurante Paredes 391,restaurante,Miraflores,"POINT(-12.130933, -77.023369)"
392,Gasolinera Cárdenas 392,gasolinera,Lima,"POINT(-12.036692, -77.048605)"
393,Librería Rojas 393,librería,Lima,"POINT(-12.051116, -77.065375)"
394,Supermercado Ramos 394,supermercado,Surco,"POINT(-12.142859, -76.978635)"
395,Gasolinera Aguilar 395,gasolinera,Surco,"POINT(-12.134623, -76.984172)"
396,Supermercado Castillo 396,supermercado,Pueblo Libre,"POINT(-12.083353, -77.068630)"
397,Gasolinera Espinoza 397,gasolinera,San Isidro,"POINT(-12.097318, -77.037168)"
398,Ferretería Paredes 398,ferretería,Barranco,"POINT(-12.151343, -77.020939)"
399,Farmacia Espinoza 399,farmacia,Barranco,"POINT(-12.143911, -77.019164)"
400,Electrónica Ramos 400,electrónica,Jesús María,"POINT(-12.079045, -77.058196)"
401,Electrónica Mendoza 401,electrónica,La Molina,"POINT(-12.085768, -76.922608)"
402,Librería Ramos 402,librería,San Borja,"POINT(-12.104168, -76.981932)"
403,Gasolinera Vargas 403,gasolinera,San Isidro,"POINT(-12.107032, -77.049046)"
404,Ferretería Flores 404,ferretería,Miraflores,"POINT(-12.116995, -77.028884)"
405,Restaurante Aguilar 405,restaurante,Lima,"POINT(-12.044912, -77.048167)"
406,Restaurante Ríos 406,restaurante,Surco,"POINT(-12.119110, -76.998584)"
407,Ferretería Vargas 407,ferretería,Lima,"POINT(-12.045396, -77.051917)"
408,Restaurante Mendoza 408,restaurante,San Borja,"POINT(-12.095092, -76.993413)"
409,Electrónica Espinoza 409,electrónica,Lima,"POINT(-12.037226, -77.079156)"
410,Panadería Ramos 410,panadería,San Miguel,"POINT(-12.074422, -77.080112)"
411,Supermercado Ríos 411,supermercado,Pueblo Libre,"POINT(-12.081252, -77.065225)"
412,Panadería Rojas 412,panadería,Jesús María,"POINT(-12.071102, -77.040494)"
413,Supermercado Flores 413,supermercado,Miraflores,"POINT(-12.134310, -77.023513)"
414,Ferretería Ponce 414,ferretería,Miraflores,"POINT(-12.128586, -77.021357)"
415,Gasolinera Cárdenas 415,gasolinera,Miraflores,"POINT(-12.113475, -77.034998)"
416,Supermercado Ríos 416,supermercado,Lima,"POINT(-12.064134, -77.067530)"
417,Panadería Espinoza 417,panadería,Surco,"POINT(-12.129924, -76.993227)"
418,Ferretería Espinoza 418,ferretería,Lima,"POINT(-12.050733, -77.065822)"
419,Ferretería Rojas 419,ferretería,Jesús María,"POINT(-12.082778, -77.048839)"
420,Restaurante Castillo 420,restaurante,Jesús María,"POINT(-12.084329, -77.054862)"
421,Electrónica Chávez 421,electrónica,Lince,"POINT(-12.078939, -77.033871)"
422,Panadería Huamán 422,panadería,La Molina,"POINT(-12.072529, -76.962625)"
423,Gasolinera Vargas 423,gasolinera,Lince,"POINT(-12.092753, -77.030217)"
424,Librería Cárdenas 424,librería,Los Olivos,"POINT(-11.983053, -77.073082)"
425,Electrónica Paredes 425,electrónica,Miraflores,"POINT(-12.131286, -77.019074)"
426,Electrónica Salazar 426,electrónica,San Borja,"POINT(-12.112290, -77.002349)"
427,Supermercado Rojas 427,supermercado,Pueblo Libre,"POINT(-12.073827, -77.075777)"
428,Electrónica Mendoza 428,electrónica,Lince,"POINT(-12.085556, -77.033773)"
429,Gasolinera Aguilar 429,gasolinera,Miraflores,"POINT(-12.126623, -77.019684)"
430,Ferretería Mendoza 430,ferretería,Lince,"POINT(-12.079452, -77.024563)"
431,Ferretería Paredes 431,ferretería,San Isidro,"POINT(-12.104566, -77.055944)"
432,Electrónica Vargas 432,electrónica,Miraflores,"POINT(-12.118350, -77.013592)"
433,Farmacia Mendoza 433,farmacia,Surco,"POINT(-12.140999, -76.983723)"
434,Electrónica Huamán 434,electrónica,Lima,"POINT(-12.053706, -77.022702)"
435,Restaurante Rojas 435,restaurante,Miraflores,"POINT(-12.118743, -77.033842)"
436,Farmacia Espinoza 436,farmacia,San Miguel,"POINT(-12.078862, -77.082988)"
437,Farmacia Quispe 437,farmacia,Pueblo Libre,"POINT(-12.070153, -77.072611)"
438,Electrónica Castillo 438,electrónica,Lima,"POINT(-12.051460, -77.049197)"
439,Supermercado Ponce 439,supermercado,San Isidro,"POINT(-12.107666, -77.016321)"
440,Supermercado Salazar 440,supermercado,Pueblo Libre,"POINT(-12.068198, -77.070777)"
441,Restaurante Salazar 441,restaurante,San Borja,"POINT(-12.106011, -76.996266)"
442,Gasolinera Vargas 442,gasolinera,Lima,"POINT(-12.063510, -77.056217)"
443,Farmacia Espinoza 443,farmacia,Los Olivos,"POINT(-11.988958, -77.064185)"
444,Panadería Chávez 444,panadería,Lince,"POINT(-12.089162, -77.036116)"
445,Electrónica Flores 445,electrónica,Lima,"POINT(-12.045255, -77.077970)"
446,Restaurante Flores 446,restaurante,La Molina,"POINT(-12.097737, -76.959353)"
447,Farmacia Salazar 447,farmacia,San Isidro,"POINT(-12.107804, -77.031927)"
448,Librería Flores 448,librería,Lince,"POINT(-12.089228, -77.030766)"
449,Gasolinera Cárdenas 449,gasolinera,La Molina,"POINT(-12.072672, -76.968204)"
450,Supermercado Quispe 450,supermercado,Barranco,"POINT(-12.145681, -77.021745)"
451,Panadería Espinoza 451,panadería,Lima,"POINT(-12.056026, -77.038540)"
452,Gasolinera Huamán 452,gasolinera,Lince,"POINT(-12.079232, -77.023777)"
453,Librería Castillo 453,librería,Los Olivos,"POINT(-11.963463, -77.066268)"
454,Librería Paredes 454,librería,Los Olivos,"POINT(-11.984382, -77.079485)"
455,Farmacia Ponce 455,farmacia,Lima,"POINT(-12.057031, -77.056662)"
456,Restaurante Cárdenas 456,restaurante,Lima,"POINT(-12.063981, -77.061420)"
457,Restaurante Vargas 457,restaurante,Miraflores,"POINT(-12.129800, -77.022552)"
458,Librería Paredes 458,librería,Lima,"POINT(-12.062531, -77.062066)"
459,Farmacia Paredes 459,farmacia,Lince,"POINT(-12.078020, -77.025981)"
460,Supermercado Espinoza 460,supermercado,Miraflores,"POINT(-12.134225, -77.020400)"
461,Farmacia Castillo 461,farmacia,Pueblo Libre,"POINT(-12.080920, -77.069767)"
462,Gasolinera Ramos 462,gasolinera,Miraflores,"POINT(-12.115626, -77.021203)"
463,Electrónica Salazar 463,electrónica,Los Olivos,"POINT(-11.970265, -77.074372)"
464,Gasolinera Castillo 464,gasolinera,San Isidro,"POINT(-12.106272, -77.051353)"
465,Supermercado Chávez 465,supermercado,Surco,"POINT(-12.133254, -76.995354)"
466,Farmacia Paredes 466,farmacia,Miraflores,"POINT(-12.126138, -77.017249)"
467,Farmacia Mendoza 467,farmacia,Surco,"POINT(-12.141217, -76.979811)"
468,Electrónica Paredes 468,electrónica,Jesús María,"POINT(-12.083251, -77.044549)"
469,Panadería Quispe 469,panadería,La Molina,"POINT(-12.072423, -76.960104)"
470,Farmacia Mendoza 470,farmacia,San Borja,"POINT(-12.106227, -76.986350)"
471,Librería Paredes 471,librería,San Borja,"POINT(-12.094355, -76.997615)"
472,Gasolinera Espinoza 472,gasolinera,Surco,"POINT(-12.164246, -76.985562)"
473,Gasolinera Flores 473,gasolinera,San Miguel,"POINT(-12.081722, -77.095088)"
474,Librería Paredes 474,librería,Los Olivos,"POINT(-11.990030, -77.075758)"
475,Librería Aguilar 475,librería,Los Olivos,"POINT(-11.993565, -77.082548)"
476,Librería Flores 476,librería,Lince,"POINT(-12.084033, -77.024423)"
477,Farmacia Vargas 477,farmacia,Los Olivos,"POINT(-11.965860, -77.072820)"
478,Panadería Ponce 478,panadería,La Molina,"POINT(-12.066609, -76.929157)"
479,Librería Huamán 479,librería,Los Olivos,"POINT(-11.980505, -77.075186)"
480,Panadería Cárdenas 480,panadería,Los Olivos,"POINT(-11.994483, -77.078940)"
481,Ferretería Salazar 481,ferretería,Miraflores,"POINT(-12.128021, -77.019136)"
482,Electrónica Ríos 482,electrónica,Lima,"POINT(-12.043248, -77.035663)"
483,Electrónica Ríos 483,electrónica,Los Olivos,"POINT(-11.977659, -77.076172)"
484,Supermercado Rojas 484,supermercado,Surco,"POINT(-12.118737, -76.986824)"
485,Supermercado Salazar 485,supermercado,San Miguel,"POINT(-12.078848, -77.080486)"
486,Supermercado Chávez 486,supermercado,La Molina,"POINT(-12.080072, -76.922716)"
487,Panadería Ponce 487,panadería,Jesús María,"POINT(-12.074678, -77.058137)"
488,Farmacia Rojas 488,farmacia,Lima,"POINT(-12.064602, -77.060390)"
489,Ferretería Vargas 489,ferretería,Miraflores,"POINT(-12.126667, -77.020725)"
490,Ferretería Vargas 490,ferretería,Miraflores,"POINT(-12.126402, -77.025502)"
491,Panadería Quispe 491,panadería,Surco,"POINT(-12.144901, -77.003196)"
492,Electrónica Vargas 492,electrónica,Miraflores,"POINT(-12.123223, -77.036341)"
493,Ferretería Mendoza 493,ferretería,Lima,"POINT(-12.049906, -77.021373)"
494,Panadería Ponce 494,panadería,Lima,"POINT(-12.040873, -77.076222)"
495,Farmacia Flores 495,farmacia,Los Olivos,"POINT(-11.965046, -77.083085)"
496,Restaurante Paredes 496,restaurante,Surco,"POINT(-12.134329, -76.970471)"
497,Electrónica Chávez 497,electrónica,Jesús María,"POINT(-12.074318, -77.053118)"
498,Librería Ramos 498,librería,San Isidro,"POINT(-12.098004, -77.019506)"
499,Restaurante Castillo 499,restaurante,San Isidro,"POINT(-12.104774, -77.040346)"
500,Panadería Rojas 500,panadería,Lima,"POINT(-12.036293, -77.052267)"
501,Panadería Vargas 501,panadería,Surco,"POINT(-12.126157, -76.999548)"
502,Gasolinera Rojas 502,gasolinera,San Borja,"POINT(-12.095428, -76.990185)"
503,Panadería Castillo 503,panadería,San Isidro,"POINT(-12.105708, -77.020012)"
504,Ferretería Castillo 504,ferretería,Lima,"POINT(-12.050414, -77.042152)"
505,Librería Chávez 505,librería,Lima,"POINT(-12.055451, -77.039614)"
506,Gasolinera Ramos 506,gasolinera,Los Olivos,"POINT(-12.000052, -77.078124)"
507,Supermercado Ríos 507,supermercado,Lince,"POINT(-12.089273, -77.028127)"
508,Ferretería Vargas 508,ferretería,San Miguel,"POINT(-12.079407, -77.087724)"
509,Ferretería Mendoza 509,ferretería,Lima,"POINT(-12.040630, -77.057614)"
510,Farmacia Huamán 510,farmacia,Lima,"POINT(-12.042863, -77.059229)"
511,Electrónica Huamán 511,electrónica,Lince,"POINT(-12.087879, -77.036160)"
512,Electrónica Salazar 512,electrónica,Lima,"POINT(-12.064445, -77.077883)"
513,Restaurante Ponce 513,restaurante,Miraflores,"POINT(-12.113341, -77.041143)"
514,Farmacia Aguilar 514,farmacia,Lima,"POINT(-12.033181, -77.053817)"
515,Restaurante Castillo 515,restaurante,Surco,"POINT(-12.152899, -76.984472)"
516,Farmacia Quispe 516,farmacia,San Miguel,"POINT(-12.077085, -77.087635)"
517,Gasolinera Espinoza 517,gasolinera,Pueblo Libre,"POINT(-12.071093, -77.067107)"
518,Farmacia Ríos 518,farmacia,Miraflores,"POINT(-12.135415, -77.025106)"
519,Gasolinera Aguilar 519,gasolinera,Los Olivos,"POINT(-12.002580, -77.077048)"
520,Supermercado Rojas 520,supermercado,San Borja,"POINT(-12.112547, -76.998331)"
521,Ferretería Chávez 521,ferretería,Pueblo Libre,"POINT(-12.083465, -77.067575)"
522,Ferretería Huamán 522,ferretería,San Miguel,"POINT(-12.074847, -77.100962)"
523,Ferretería Cárdenas 523,ferretería,San Isidro,"POINT(-12.100748, -77.023480)"
524,Ferretería Chávez 524,ferretería,San Borja,"POINT(-12.091887, -77.002843)"
525,Restaurante Mendoza 525,restaurante,Lince,"POINT(-12.087530, -77.036049)"
526,Panadería Ramos 526,panadería,Los Olivos,"POINT(-11.999426, -77.081170)"
527,Ferretería Castillo 527,ferretería,Miraflores,"POINT(-12.127802, -77.015939)"
528,Farmacia Ramos 528,farmacia,San Miguel,"POINT(-12.070805, -77.094930)"
529,Panadería Paredes 529,panadería,Pueblo Libre,"POINT(-12.068024, -77.074454)"
530,Ferretería Rojas 530,ferretería,Lima,"POINT(-12.042745, -77.027692)"
531,Ferretería Cárdenas 531,ferretería,San Miguel,"POINT(-12.069687, -77.101401)"
532,Restaurante Salazar 532,restaurante,Surco,"POINT(-12.120691, -77.001782)"
533,Farmacia Ramos 533,farmacia,San Isidro,"POINT(-12.108188, -77.035732)"
534,Supermercado Mendoza 534,supermercado,San Miguel,"POINT(-12.080016, -77.088527)"
535,Librería Ramos 535,librería,La Molina,"POINT(-12.069330, -76.925501)"
536,Restaurante Huamán 536,restaurante,Jesús María,"POINT(-12.079570, -77.052301)"
537,Ferretería Quispe 537,ferretería,Jesús María,"POINT(-12.074698, -77.060717)"
538,Farmacia Aguilar 538,farmacia,San Isidro,"POINT(-12.104159, -77.026335)"
539,Gasolinera Espinoza 539,gasolinera,San Borja,"POINT(-12.101078, -76.985550)"
540,Gasolinera Vargas 540,gasolinera,Surco,"POINT(-12.140897, -76.980465)"
541,Electrónica Vargas 541,electrónica,Miraflores,"POINT(-12.118277, -77.025813)"
542,Gasolinera Paredes 542,gasolinera,Lince,"POINT(-12.078012, -77.030674)"
543,Panadería Salazar 543,panadería,Jesús María,"POINT(-12.074190, -77.053028)"
544,Ferretería Chávez 544,ferretería,Surco,"POINT(-12.121823, -77.001618)"
545,Farmacia Vargas 545,farmacia,Lince,"POINT(-12.088137, -77.031510)"
546,Librería Aguilar 546,librería,La Molina,"POINT(-12.096116, -76.927689)"
547,Gasolinera Flores 547,gasolinera,Los Olivos,"POINT(-11.977258, -77.076411)"
548,Gasolinera Ramos 548,gasolinera,Lima,"POINT(-12.042634, -77.059205)"
549,Supermercado Espinoza 549,supermercado,Pueblo Libre,"POINT(-12.080980, -77.067981)"
550,Ferretería Aguilar 550,ferretería,Lince,"POINT(-12.087386, -77.037725)"
551,Supermercado Mendoza 551,supermercado,Lince,"POINT(-12.087694, -77.025296)"
552,Ferretería Rojas 552,ferretería,San Miguel,"POINT(-12.068883, -77.101537)"
553,Electrónica Rojas 553,electrónica,San Borja,"POINT(-12.093545, -76.997605)"
554,Restaurante Espinoza 554,restaurante,San Isidro,"POINT(-12.096258, -77.051482)"
555,Farmacia Quispe 555,farmacia,Lima,"POINT(-12.041561, -77.069767)"
556,Gasolinera Quispe 556,gasolinera,Surco,"POINT(-12.147639, -76.989267)"
557,Farmacia Salazar 557,farmacia,Lima,"POINT(-12.037718, -77.061409)"
558,Panadería Ponce 558,panadería,San Borja,"POINT(-12.097362, -76.983885)"
559,Ferretería Mendoza 559,ferretería,Miraflores,"POINT(-12.120366, -77.039138)"
560,Panadería Espinoza 560,panadería,La Molina,"POINT(-12.085390, -76.925592)"
561,Restaurante Ríos 561,restaurante,San Isidro,"POINT(-12.106374, -77.046168)"
562,Librería Chávez 562,librería,Lima,"POINT(-12.050418, -77.081307)"
563,Panadería Mendoza 563,panadería,Miraflores,"POINT(-12.130733, -77.013401)"
564,Farmacia Vargas 564,farmacia,Pueblo Libre,"POINT(-12.072549, -77.066428)"
565,Ferretería Ramos 565,ferretería,Lima,"POINT(-12.063143, -77.036694)"
566,Supermercado Ríos 566,supermercado,San Isidro,"POINT(-12.105106, -77.039036)"
567,Panadería Ramos 567,panadería,San Borja,"POINT(-12.107657, -76.987690)"
568,Supermercado Ponce 568,supermercado,Lince,"POINT(-12.090837, -77.033293)"
569,Librería Ramos 569,librería,Jesús María,"POINT(-12.083254, -77.047524)"
570,Farmacia Ramos 570,farmacia,Lima,"POINT(-12.059737, -77.069635)"
571,Ferretería Paredes 571,ferretería,Surco,"POINT(-12.143880, -76.989942)"
572,Electrónica Espinoza 572,electrónica,Jesús María,"POINT(-12.073439, -77.043081)"
573,Panadería Mendoza 573,panadería,La Molina,"POINT(-12.079830, -76.920056)"
574,Farmacia Espinoza 574,farmacia,Lima,"POINT(-12.060012, -77.032545)"
575,Restaurante Flores 575,restaurante,Surco,"POINT(-12.160745, -76.985468)"
576,Gasolinera Vargas 576,gasolinera,Lima,"POINT(-12.045910, -77.080197)"
577,Electrónica Flores 577,electrónica,Surco,"POINT(-12.131157, -76.968672)"
578,Librería Aguilar 578,librería,La Molina,"POINT(-12.100604, -76.959864)"
579,Restaurante Vargas 579,restaurante,La Molina,"POINT(-12.068314, -76.933169)"
580,Gasolinera Ramos 580,gasolinera,Los Olivos,"POINT(-11.987852, -77.061750)"
581,Gasolinera Ponce 581,gasolinera,Miraflores,"POINT(-12.125628, -77.012398)"
582,Gasolinera Huamán 582,gasolinera,Los Olivos,"POINT(-11.993518, -77.061359)"
583,Restaurante Flores 583,restaurante,Surco,"POINT(-12.129880, -76.971923)"
584,Supermercado Vargas 584,supermercado,Barranco,"POINT(-12.154198, -77.013606)"
585,Ferretería Castillo 585,ferretería,San Borja,"POINT(-12.110801, -76.997263)"
586,Electrónica Ríos 586,electrónica,Miraflores,"POINT(-12.124154, -77.030610)"
587,Gasolinera Paredes 587,gasolinera,Miraflores,"POINT(-12.112897, -77.021992)"
588,Restaurante Castillo 588,restaurante,San Borja,"POINT(-12.091515, -76.991919)"
589,Restaurante Rojas 589,restaurante,San Miguel,"POINT(-12.073783, -77.089007)"
590,Supermercado Flores 590,supermercado,Miraflores,"POINT(-12.120293, -77.017708)"
591,Ferretería Aguilar 591,ferretería,Surco,"POINT(-12.156422, -76.985370)"
592,Ferretería Vargas 592,ferretería,Los Olivos,"POINT(-11.991883, -77.077204)"
593,Panadería Salazar 593,panadería,Lince,"POINT(-12.083163, -77.028540)"
594,Restaurante Rojas 594,restaurante,Los Olivos,"POINT(-11.977512, -77.063711)"
595,Librería Quispe 595,librería,Jesús María,"POINT(-12.078341, -77.053049)"
596,Panadería Castillo 596,panadería,Lince,"POINT(-12.079387, -77.033358)"
597,Panadería Ríos 597,panadería,Lima,"POINT(-12.037657, -77.037503)"
598,Restaurante Ríos 598,restaurante,San Borja,"POINT(-12.109094, -76.981148)"
599,Supermercado Quispe 599,supermercado,Surco,"POINT(-12.135476, -77.003292)"
600,Gasolinera Rojas 600,gasolinera,Los Olivos,"POINT(-11.981072, -77.073995)"
601,Restaurante Rojas 601,restaurante,Miraflores,"POINT(-12.122043, -77.024481)"
602,Restaurante Paredes 602,restaurante,La Molina,"POINT(-12.101324, -76.955996)"
603,Panadería Ponce 603,panadería,La Molina,"POINT(-12.076319, -76.948348)"
604,Gasolinera Huamán 604,gasolinera,Pueblo Libre,"POINT(-12.073608, -77.064782)"
605,Supermercado Chávez 605,supermercado,Surco,"POINT(-12.149964, -76.996138)"
606,Panadería Vargas 606,panadería,Surco,"POINT(-12.159697, -76.985798)"
607,Electrónica Mendoza 607,electrónica,Jesús María,"POINT(-12.086274, -77.054920)"
608,Farmacia Vargas 608,farmacia,San Borja,"POINT(-12.110242, -76.995913)"
609,Supermercado Mendoza 609,supermercado,Lince,"POINT(-12.088679, -77.036731)"
610,Librería Cárdenas 610,librería,San Borja,"POINT(-12.109448, -76.997917)"
611,Panadería Ríos 611,panadería,San Borja,"POINT(-12.106230, -77.003795)"
612,Librería Huamán 612,librería,Lima,"POINT(-12.046304, -77.074342)"
613,Electrónica Rojas 613,electrónica,Barranco,"POINT(-12.139219, -77.017920)"
614,Electrónica Huamán 614,electrónica,Lince,"POINT(-12.087940, -77.030353)"
615,Ferretería Ramos 615,ferretería,San Borja,"POINT(-12.093925, -76.999487)"
616,Electrónica Rojas 616,electrónica,Surco,"POINT(-12.142594, -76.988982)"
617,Farmacia Ramos 617,farmacia,Lima,"POINT(-12.062777, -77.039533)"
618,Farmacia Paredes 618,farmacia,San Isidro,"POINT(-12.101198, -77.036575)"
619,Farmacia Ramos 619,farmacia,San Miguel,"POINT(-12.073637, -77.081580)"
620,Librería Huamán 620,librería,San Miguel,"POINT(-12.072476, -77.089154)"
621,Farmacia Chávez 621,farmacia,Lima,"POINT(-12.031812, -77.047232)"
622,Electrónica Flores 622,electrónica,Miraflores,"POINT(-12.121710, -77.024415)"
623,Farmacia Rojas 623,farmacia,Jesús María,"POINT(-12.084596, -77.056864)"
624,Ferretería Castillo 624,ferretería,Jesús María,"POINT(-12.075355, -77.048156)"
625,Electrónica Quispe 625,electrónica,Miraflores,"POINT(-12.121767, -77.015240)"
626,Panadería Flores 626,panadería,San Miguel,"POINT(-12.071549, -77.082460)"
627,Restaurante Quispe 627,restaurante,Lince,"POINT(-12.085112, -77.024448)"
628,Librería Ríos 628,librería,San Borja,"POINT(-12.089478, -76.991873)"
629,Gasolinera Vargas 629,gasolinera,Lince,"POINT(-12.091389, -77.026560)"
630,Restaurante Ramos 630,restaurante,Lima,"POINT(-12.042126, -77.028245)"
631,Farmacia Ramos 631,farmacia,Pueblo Libre,"POINT(-12.083958, -77.072124)"
632,Restaurante Ramos 632,restaurante,Miraflores,"POINT(-12.118829, -77.024484)"
633,Gasolinera Ramos 633,gasolinera,Miraflores,"POINT(-12.117603, -77.017479)"
634,Electrónica Ramos 634,electrónica,Surco,"POINT(-12.154935, -76.988439)"
635,Supermercado Huamán 635,supermercado,San Borja,"POINT(-12.089599, -76.996853)"
636,Gasolinera Quispe 636,gasolinera,Surco,"POINT(-12.155960, -76.986218)"
637,Librería Cárdenas 637,librería,Surco,"POINT(-12.151063, -76.969354)"
638,Ferretería Ramos 638,ferretería,Miraflores,"POINT(-12.120155, -77.015342)"
639,Librería Chávez 639,librería,Surco,"POINT(-12.141187, -76.987321)"
640,Farmacia Mendoza 640,farmacia,Surco,"POINT(-12.128001, -76.982792)"
641,Farmacia Ponce 641,farmacia,Surco,"POINT(-12.154321, -76.971826)"
642,Librería Ríos 642,librería,San Miguel,"POINT(-12.072648, -77.093359)"
643,Ferretería Ríos 643,ferretería,Miraflores,"POINT(-12.127120, -77.032984)"
644,Gasolinera Cárdenas 644,gasolinera,Jesús María,"POINT(-12.074894, -77.044606)"
645,Electrónica Huamán 645,electrónica,Lince,"POINT(-12.088336, -77.027555)"
646,Electrónica Rojas 646,electrónica,San Miguel,"POINT(-12.070909, -77.096706)"
647,Supermercado Huamán 647,supermercado,Miraflores,"POINT(-12.129121, -77.031061)"
648,Electrónica Aguilar 648,electrónica,Miraflores,"POINT(-12.113382, -77.010568)"
649,Ferretería Ramos 649,ferretería,San Isidro,"POINT(-12.095174, -77.052210)"
650,Electrónica Mendoza 650,electrónica,Lima,"POINT(-12.044721, -77.026132)"
651,Ferretería Chávez 651,ferretería,Miraflores,"POINT(-12.112100, -77.037205)"
652,Librería Espinoza 652,librería,Pueblo Libre,"POINT(-12.069445, -77.075267)"
653,Electrónica Huamán 653,electrónica,Jesús María,"POINT(-12.081973, -77.056449)"
654,Ferretería Ríos 654,ferretería,Pueblo Libre,"POINT(-12.070880, -77.064013)"
655,Librería Castillo 655,librería,La Molina,"POINT(-12.085831, -76.953246)"
656,Electrónica Ramos 656,electrónica,Lima,"POINT(-12.051951, -77.062157)"
657,Panadería Huamán 657,panadería,San Isidro,"POINT(-12.098167, -77.035817)"
658,Panadería Flores 658,panadería,San Isidro,"POINT(-12.107447, -77.039137)"
659,Ferretería Mendoza 659,ferretería,Miraflores,"POINT(-12.114045, -77.032059)"
660,Panadería Huamán 660,panadería,Lima,"POINT(-12.061850, -77.068871)"
661,Supermercado Chávez 661,supermercado,San Miguel,"POINT(-12.079820, -77.079091)"
662,Electrónica Cárdenas 662,electrónica,San Borja,"POINT(-12.096681, -76.999558)"
663,Restaurante Salazar 663,restaurante,Surco,"POINT(-12.146675, -76.966999)"
664,Gasolinera Cárdenas 664,gasolinera,Los Olivos,"POINT(-11.959440, -77.075314)"
665,Gasolinera Castillo 665,gasolinera,Jesús María,"POINT(-12.070143, -77.042193)"
666,Gasolinera Vargas 666,gasolinera,La Molina,"POINT(-12.078797, -76.965526)"
667,Restaurante Aguilar 667,restaurante,Lima,"POINT(-12.035143, -77.048879)"
668,Supermercado Aguilar 668,supermercado,San Borja,"POINT(-12.096549, -76.998731)"
669,Ferretería Espinoza 669,ferretería,Miraflores,"POINT(-12.126104, -77.028624)"
670,Supermercado Cárdenas 670,supermercado,Miraflores,"POINT(-12.114892, -77.038985)"
671,Gasolinera Paredes 671,gasolinera,La Molina,"POINT(-12.070072, -76.962140)"
672,Ferretería Espinoza 672,ferretería,Los Olivos,"POINT(-11.986691, -77.077540)"
673,Electrónica Flores 673,electrónica,Surco,"POINT(-12.130111, -76.971806)"
674,Farmacia Ramos 674,farmacia,Lince,"POINT(-12.088648, -77.031052)"
675,Ferretería Castillo 675,ferretería,Lince,"POINT(-12.085435, -77.023840)"
676,Panadería Salazar 676,panadería,Lima,"POINT(-12.039843, -77.043550)"
677,Librería Flores 677,librería,San Isidro,"POINT(-12.100552, -77.041607)"
678,Electrónica Ponce 678,electrónica,Surco,"POINT(-12.122505, -76.970864)"
679,Gasolinera Vargas 679,gasolinera,La Molina,"POINT(-12.103371, -76.945239)"
680,Electrónica Vargas 680,electrónica,San Miguel,"POINT(-12.070117, -77.098494)"
681,Panadería Huamán 681,panadería,Pueblo Libre,"POINT(-12.076308, -77.071478)"
682,Supermercado Cárdenas 682,supermercado,La Molina,"POINT(-12.084431, -76.921228)"
683,Supermercado Castillo 683,supermercado,Lince,"POINT(-12.084770, -77.028725)"
684,Electrónica Paredes 684,electrónica,Barranco,"POINT(-12.139163, -77.009204)"
685,Ferretería Ramos 685,ferretería,Lima,"POINT(-12.041942, -77.053834)"
686,Gasolinera Aguilar 686,gasolinera,La Molina,"POINT(-12.075603, -76.933363)"
687,Supermercado Castillo 687,supermercado,La Molina,"POINT(-12.072066, -76.941760)"
688,Gasolinera Cárdenas 688,gasolinera,Surco,"POINT(-12.150754, -76.976149)"
689,Librería Chávez 689,librería,Surco,"POINT(-12.119030, -76.989003)"
690,Restaurante Vargas 690,restaurante,Lima,"POINT(-12.049273, -77.067110)"
691,Restaurante Ponce 691,restaurante,Pueblo Libre,"POINT(-12.079985, -77.075903)"
692,Electrónica Vargas 692,electrónica,San Borja,"POINT(-12.099148, -76.999539)"
693,Librería Cárdenas 693,librería,Barranco,"POINT(-12.144444, -77.014358)"
694,Librería Flores 694,librería,San Borja,"POINT(-12.090928, -76.996931)"
695,Librería Huamán 695,librería,San Miguel,"POINT(-12.069590, -77.087480)"
696,Panadería Espinoza 696,panadería,Lima,"POINT(-12.064352, -77.039001)"
697,Restaurante Quispe 697,restaurante,San Borja,"POINT(-12.111499, -76.982395)"
698,Librería Quispe 698,librería,Miraflores,"POINT(-12.124803, -77.029226)"
699,Restaurante Huamán 699,restaurante,Surco,"POINT(-12.142211, -76.975595)"
700,Panadería Chávez 700,panadería,La Molina,"POINT(-12.081446, -76.946460)"
701,Panadería Cárdenas 701,panadería,La Molina,"POINT(-12.097400, -76.938305)"
702,Librería Cárdenas 702,librería,La Molina,"POINT(-12.074129, -76.946828)"
703,Librería Mendoza 703,librería,Los Olivos,"POINT(-11.962973, -77.063806)"
704,Librería Aguilar 704,librería,Los Olivos,"POINT(-12.002554, -77.064401)"
705,Electrónica Ponce 705,electrónica,Miraflores,"POINT(-12.112677, -77.014623)"
706,Restaurante Huamán 706,restaurante,Pueblo Libre,"POINT(-12.075488, -77.070189)"
707,Restaurante Rojas 707,restaurante,La Molina,"POINT(-12.075180, -76.960427)"
708,Librería Vargas 708,librería,Lima,"POINT(-12.035322, -77.046420)"
709,Farmacia Ramos 709,farmacia,La Molina,"POINT(-12.073126, -76.940846)"
710,Librería Chávez 710,librería,Lince,"POINT(-12.084574, -77.023424)"
711,Electrónica Chávez 711,electrónica,Jesús María,"POINT(-12.080806, -77.059932)"
712,Electrónica Ríos 712,electrónica,San Borja,"POINT(-12.107128, -76.987040)"
713,Ferretería Castillo 713,ferretería,Miraflores,"POINT(-12.116091, -77.026814)"
714,Librería Vargas 714,librería,La Molina,"POINT(-12.083608, -76.943909)"
715,Gasolinera Chávez 715,gasolinera,San Borja,"POINT(-12.095867, -76.995189)"
716,Panadería Rojas 716,panadería,San Borja,"POINT(-12.102103, -76.994030)"
717,Librería Ponce 717,librería,Pueblo Libre,"POINT(-12.079747, -77.072509)"
718,Restaurante Salazar 718,restaurante,San Miguel,"POINT(-12.074797, -77.081786)"
719,Ferretería Ríos 719,ferretería,Lince,"POINT(-12.079409, -77.027004)"
720,Ferretería Vargas 720,ferretería,Lince,"POINT(-12.084690, -77.035503)"
721,Restaurante Castillo 721,restaurante,Surco,"POINT(-12.146475, -76.975858)"
722,Electrónica Paredes 722,electrónica,Lima,"POINT(-12.060784, -77.031607)"
723,Ferretería Quispe 723,ferretería,Lima,"POINT(-12.045516, -77.049545)"
724,Farmacia Salazar 724,farmacia,Surco,"POINT(-12.151547, -76.980124)"
725,Electrónica Chávez 725,electrónica,San Isidro,"POINT(-12.099101, -77.021559)"
726,Supermercado Chávez 726,supermercado,San Miguel,"POINT(-12.072462, -77.096375)"
727,Supermercado Chávez 727,supermercado,San Borja,"POINT(-12.089572, -77.002604)"
728,Gasolinera Salazar 728,gasolinera,Pueblo Libre,"POINT(-12.077943, -77.067285)"
729,Ferretería Castillo 729,ferretería,Los Olivos,"POINT(-11.992193, -77.072144)"
730,Panadería Ponce 730,panadería,Miraflores,"POINT(-12.128937, -77.028734)"
731,Supermercado Vargas 731,supermercado,La Molina,"POINT(-12.093744, -76.936030)"
732,Farmacia Quispe 732,farmacia,Lima,"POINT(-12.031400, -77.042115)"
733,Ferretería Rojas 733,ferretería,Pueblo Libre,"POINT(-12.069408, -77.072189)"
734,Gasolinera Castillo 734,gasolinera,San Borja,"POINT(-12.093201, -76.990759)"
735,Panadería Cárdenas 735,panadería,Miraflores,"POINT(-12.120987, -77.017282)"
736,Electrónica Salazar 736,electrónica,San Isidro,"POINT(-12.099217, -77.034453)"
737,Panadería Paredes 737,panadería,Lima,"POINT(-12.035569, -77.063213)"
738,Electrónica Rojas 738,electrónica,La Molina,"POINT(-12.082253, -76.959289)"
739,Librería Cárdenas 739,librería,La Molina,"POINT(-12.094935, -76.946118)"
740,Ferretería Espinoza 740,ferretería,Surco,"POINT(-12.137591, -76.975116)"
741,Farmacia Huamán 741,farmacia,San Isidro,"POINT(-12.102339, -77.037671)"
742,Restaurante Castillo 742,restaurante,San Borja,"POINT(-12.100655, -76.988546)"
743,Restaurante Ramos 743,restaurante,Miraflores,"POINT(-12.134951, -77.010244)"
744,Restaurante Flores 744,restaurante,Surco,"POINT(-12.134015, -76.972851)"
745,Librería Salazar 745,librería,San Miguel,"POINT(-12.072281, -77.088381)"
746,Supermercado Castillo 746,supermercado,San Isidro,"POINT(-12.102990, -77.032282)"
747,Restaurante Aguilar 747,restaurante,Los Olivos,"POINT(-11.998949, -77.083455)"
748,Restaurante Paredes 748,restaurante,Lima,"POINT(-12.039172, -77.045217)"
749,Supermercado Paredes 749,supermercado,Miraflores,"POINT(-12.125656, -77.015595)"
750,Supermercado Cárdenas 750,supermercado,Pueblo Libre,"POINT(-12.080258, -77.073916)"
751,Panadería Espinoza 751,panadería,Surco,"POINT(-12.151152, -76.992201)"
752,Gasolinera Espinoza 752,gasolinera,Los Olivos,"POINT(-11.965960, -77.080815)"
753,Ferretería Chávez 753,ferretería,Pueblo Libre,"POINT(-12.082023, -77.074450)"
754,Gasolinera Ponce 754,gasolinera,Lima,"POINT(-12.048669, -77.026218)"
755,Supermercado Espinoza 755,supermercado,San Borja,"POINT(-12.091531, -76.998121)"
756,Restaurante Salazar 756,restaurante,Surco,"POINT(-12.122408, -76.986803)"
757,Gasolinera Castillo 757,gasolinera,Lince,"POINT(-12.085116, -77.033081)"
758,Electrónica Ponce 758,electrónica,San Isidro,"POINT(-12.106512, -77.047326)"
759,Electrónica Ponce 759,electrónica,La Molina,"POINT(-12.094832, -76.939618)"
760,Ferretería Cárdenas 760,ferretería,Miraflores,"POINT(-12.113735, -77.041047)"
761,Farmacia Vargas 761,farmacia,La Molina,"POINT(-12.081199, -76.922831)"
762,Electrónica Ríos 762,electrónica,Lince,"POINT(-12.078514, -77.035983)"
763,Restaurante Salazar 763,restaurante,San Isidro,"POINT(-12.103422, -77.039173)"
764,Electrónica Castillo 764,electrónica,Miraflores,"POINT(-12.126441, -77.015776)"
765,Librería Paredes 765,librería,Lima,"POINT(-12.049814, -77.061724)"
766,Ferretería Chávez 766,ferretería,Los Olivos,"POINT(-11.988790, -77.063029)"
767,Electrónica Salazar 767,electrónica,Lima,"POINT(-12.048800, -77.058299)"
768,Gasolinera Ríos 768,gasolinera,Lima,"POINT(-12.061757, -77.056709)"
769,Panadería Mendoza 769,panadería,San Borja,"POINT(-12.106473, -76.993984)"
770,Supermercado Espinoza 770,supermercado,San Miguel,"POINT(-12.075338, -77.090408)"
771,Panadería Ramos 771,panadería,Lima,"POINT(-12.062021, -77.052840)"
772,Electrónica Aguilar 772,electrónica,Miraflores,"POINT(-12.131400, -77.010268)"
773,Electrónica Salazar 773,electrónica,Lima,"POINT(-12.047170, -77.066925)"
774,Ferretería Ramos 774,ferretería,Surco,"POINT(-12.161058, -76.985327)"
775,Electrónica Flores 775,electrónica,Miraflores,"POINT(-12.120311, -77.011013)"
776,Electrónica Espinoza 776,electrónica,San Isidro,"POINT(-12.098286, -77.045276)"
777,Gasolinera Espinoza 777,gasolinera,La Molina,"POINT(-12.070394, -76.959133)"
778,Farmacia Vargas 778,farmacia,Los Olivos,"POINT(-11.958421, -77.074614)"
779,Librería Ponce 779,librería,Miraflores,"POINT(-12.125870, -77.028300)"
780,Ferretería Espinoza 780,ferretería,Los Olivos,"POINT(-11.999357, -77.069725)"
781,Gasolinera Quispe 781,gasolinera,La Molina,"POINT(-12.088343, -76.950184)"
782,Supermercado Quispe 782,supermercado,La Molina,"POINT(-12.070279, -76.928482)"
783,Ferretería Chávez 783,ferretería,Surco,"POINT(-12.140578, -76.984069)"
784,Gasolinera Ponce 784,gasolinera,Lima,"POINT(-12.057682, -77.020866)"
785,Panadería Ramos 785,panadería,Surco,"POINT(-12.128463, -76.994830)"
786,Librería Vargas 786,librería,San Miguel,"POINT(-12.075863, -77.082959)"
787,Farmacia Ponce 787,farmacia,Pueblo Libre,"POINT(-12.081199, -77.070364)"
788,Supermercado Salazar 788,supermercado,Miraflores,"POINT(-12.135804, -77.013284)"
789,Ferretería Cárdenas 789,ferretería,San Isidro,"POINT(-12.108534, -77.047717)"
790,Farmacia Flores 790,farmacia,Barranco,"POINT(-12.157010, -77.015636)"
791,Electrónica Paredes 791,electrónica,La Molina,"POINT(-12.070150, -76.943909)"
792,Electrónica Ríos 792,electrónica,Lince,"POINT(-12.090476, -77.030662)"
793,Librería Espinoza 793,librería,Surco,"POINT(-12.149422, -76.968399)"
794,Librería Flores 794,librería,Miraflores,"POINT(-12.112257, -77.012021)"
795,Gasolinera Espinoza 795,gasolinera,Jesús María,"POINT(-12.081531, -77.050455)"
796,Supermercado Ríos 796,supermercado,Lima,"POINT(-12.058373, -77.065144)"
797,Farmacia Huamán 797,farmacia,La Molina,"POINT(-12.074823, -76.942080)"
798,Panadería Flores 798,panadería,La Molina,"POINT(-12.088792, -76.936931)"
799,Panadería Chávez 799,panadería,Los Olivos,"POINT(-11.977294, -77.081684)"
800,Gasolinera Ponce 800,gasolinera,Surco,"POINT(-12.131527, -76.972717)"
801,Panadería Ríos 801,panadería,San Isidro,"POINT(-12.097459, -77.045274)"
802,Supermercado Vargas 802,supermercado,Lima,"POINT(-12.055057, -77.061156)"
803,Panadería Chávez 803,panadería,La Molina,"POINT(-12.088242, -76.944866)"
804,Gasolinera Huamán 804,gasolinera,Lima,"POINT(-12.058439, -77.050600)"
805,Librería Flores 805,librería,Miraflores,"POINT(-12.115749, -77.015750)"
806,Panadería Castillo 806,panadería,La Molina,"POINT(-12.101631, -76.936139)"
807,Restaurante Ponce 807,restaurante,San Miguel,"POINT(-12.069296, -77.085937)"
808,Supermercado Ramos 808,supermercado,San Isidro,"POINT(-12.107813, -77.045727)"
809,Electrónica Chávez 809,electrónica,Surco,"POINT(-12.126998, -76.995177)"
810,Ferretería Ríos 810,ferretería,Lince,"POINT(-12.088925, -77.024664)"
811,Librería Castillo 811,librería,Lima,"POINT(-12.037700, -77.047254)"
812,Gasolinera Salazar 812,gasolinera,San Isidro,"POINT(-12.105223, -77.034093)"
813,Restaurante Ríos 813,restaurante,La Molina,"POINT(-12.072297, -76.929921)"
814,Restaurante Salazar 814,restaurante,San Isidro,"POINT(-12.105582, -77.035157)"
815,Restaurante Castillo 815,restaurante,San Isidro,"POINT(-12.097882, -77.031989)"
816,Gasolinera Ponce 816,gasolinera,Los Olivos,"POINT(-11.969173, -77.075892)"
817,Supermercado Aguilar 817,supermercado,Barranco,"POINT(-12.150717, -77.020578)"
818,Gasolinera Chávez 818,gasolinera,Pueblo Libre,"POINT(-12.074473, -77.070615)"
819,Librería Flores 819,librería,La Molina,"POINT(-12.100384, -76.947038)"
820,Gasolinera Rojas 820,gasolinera,Surco,"POINT(-12.152839, -76.996951)"
821,Gasolinera Huamán 821,gasolinera,Lima,"POINT(-12.033662, -77.049376)"
822,Ferretería Ramos 822,ferretería,San Isidro,"POINT(-12.100247, -77.027877)"
823,Librería Chávez 823,librería,Miraflores,"POINT(-12.128224, -77.011229)"
824,Restaurante Cárdenas 824,restaurante,Lima,"POINT(-12.049112, -77.045063)"
825,Librería Aguilar 825,librería,Surco,"POINT(-12.125838, -76.986763)"
826,Ferretería Quispe 826,ferretería,Surco,"POINT(-12.133270, -76.975807)"
827,Ferretería Castillo 827,ferretería,Surco,"POINT(-12.150311, -76.987203)"
828,Ferretería Ramos 828,ferretería,Los Olivos,"POINT(-11.979777, -77.081578)"
829,Ferretería Flores 829,ferretería,Jesús María,"POINT(-12.087143, -77.057232)"
830,Librería Vargas 830,librería,San Isidro,"POINT(-12.104760, -77.038680)"
831,Panadería Ramos 831,panadería,San Isidro,"POINT(-12.102165, -77.027195)"
832,Gasolinera Quispe 832,gasolinera,Surco,"POINT(-12.145358, -76.978523)"
833,Restaurante Flores 833,restaurante,Miraflores,"POINT(-12.117293, -77.031022)"
834,Panadería Chávez 834,panadería,San Isidro,"POINT(-12.108214, -77.042019)"
835,Restaurante Huamán 835,restaurante,Lima,"POINT(-12.044823, -77.039913)"
836,Ferretería Castillo 836,ferretería,San Isidro,"POINT(-12.103602, -77.023625)"
837,Supermercado Cárdenas 837,supermercado,San Borja,"POINT(-12.096694, -76.985067)"
838,Ferretería Huamán 838,ferretería,Los Olivos,"POINT(-12.000471, -77.067048)"
839,Librería Chávez 839,librería,Los Olivos,"POINT(-11.968884, -77.061740)"
840,Farmacia Huamán 840,farmacia,Barranco,"POINT(-12.148231, -77.020622)"
841,Supermercado Ponce 841,supermercado,Barranco,"POINT(-12.154904, -77.017158)"
842,Electrónica Espinoza 842,electrónica,Lima,"POINT(-12.062842, -77.083908)"
843,Electrónica Cárdenas 843,electrónica,San Isidro,"POINT(-12.101441, -77.032071)"
844,Electrónica Vargas 844,electrónica,Pueblo Libre,"POINT(-12.075753, -77.074073)"
845,Librería Aguilar 845,librería,San Borja,"POINT(-12.098881, -76.981192)"
846,Librería Quispe 846,librería,Surco,"POINT(-12.124519, -76.969097)"
847,Supermercado Espinoza 847,supermercado,San Miguel,"POINT(-12.075349, -77.101328)"
848,Supermercado Ríos 848,supermercado,San Miguel,"POINT(-12.071485, -77.097796)"
849,Electrónica Quispe 849,electrónica,Lima,"POINT(-12.032750, -77.041392)"
850,Restaurante Espinoza 850,restaurante,Lima,"POINT(-12.064789, -77.039345)"
851,Librería Mendoza 851,librería,Lince,"POINT(-12.084398, -77.029302)"
852,Supermercado Salazar 852,supermercado,Barranco,"POINT(-12.144389, -77.016528)"
853,Electrónica Cárdenas 853,electrónica,La Molina,"POINT(-12.067939, -76.963535)"
854,Farmacia Aguilar 854,farmacia,San Isidro,"POINT(-12.101353, -77.032402)"
855,Farmacia Salazar 855,farmacia,Jesús María,"POINT(-12.068312, -77.048024)"
856,Librería Flores 856,librería,San Isidro,"POINT(-12.096404, -77.045778)"
857,Supermercado Salazar 857,supermercado,La Molina,"POINT(-12.088973, -76.920282)"
858,Librería Ponce 858,librería,Los Olivos,"POINT(-11.970820, -77.081142)"
859,Farmacia Flores 859,farmacia,Lince,"POINT(-12.083279, -77.030532)"
860,Panadería Huamán 860,panadería,Lince,"POINT(-12.087386, -77.027161)"
861,Supermercado Quispe 861,supermercado,San Borja,"POINT(-12.090600, -76.987858)"
862,Electrónica Aguilar 862,electrónica,Miraflores,"POINT(-12.131736, -77.010793)"
863,Librería Castillo 863,librería,Lima,"POINT(-12.059005, -77.057851)"
864,Panadería Ponce 864,panadería,Surco,"POINT(-12.137490, -77.001687)"
865,Restaurante Salazar 865,restaurante,Jesús María,"POINT(-12.082798, -77.044233)"
866,Ferretería Castillo 866,ferretería,Los Olivos,"POINT(-12.002503, -77.077224)"
867,Electrónica Vargas 867,electrónica,Surco,"POINT(-12.122176, -76.987988)"
868,Gasolinera Paredes 868,gasolinera,Pueblo Libre,"POINT(-12.082493, -77.065118)"
869,Supermercado Huamán 869,supermercado,Surco,"POINT(-12.133415, -76.971926)"
870,Restaurante Paredes 870,restaurante,San Miguel,"POINT(-12.081322, -77.081080)"
871,Farmacia Ponce 871,farmacia,Miraflores,"POINT(-12.112608, -77.043517)"
872,Electrónica Espinoza 872,electrónica,Los Olivos,"POINT(-11.997429, -77.060403)"
873,Supermercado Mendoza 873,supermercado,San Miguel,"POINT(-12.074978, -77.097677)"
874,Librería Ramos 874,librería,Jesús María,"POINT(-12.086225, -77.057463)"
875,Farmacia Paredes 875,farmacia,Los Olivos,"POINT(-11.958683, -77.076632)"
876,Restaurante Cárdenas 876,restaurante,Surco,"POINT(-12.118038, -76.976922)"
877,Electrónica Cárdenas 877,electrónica,Lince,"POINT(-12.092797, -77.029637)"
878,Ferretería Castillo 878,ferretería,Surco,"POINT(-12.120273, -76.985754)"
879,Librería Vargas 879,librería,Los Olivos,"POINT(-11.995157, -77.065335)"
880,Librería Rojas 880,librería,Surco,"POINT(-12.163154, -76.989252)"
881,Librería Vargas 881,librería,Surco,"POINT(-12.161348, -76.987764)"
882,Panadería Cárdenas 882,panadería,Jesús María,"POINT(-12.080759, -77.044375)"
883,Electrónica Chávez 883,electrónica,Lima,"POINT(-12.063627, -77.024653)"
884,Electrónica Vargas 884,electrónica,Lima,"POINT(-12.049045, -77.033843)"
885,Electrónica Espinoza 885,electrónica,San Miguel,"POINT(-12.075748, -77.085756)"
886,Gasolinera Cárdenas 886,gasolinera,Surco,"POINT(-12.124953, -76.995952)"
887,Restaurante Mendoza 887,restaurante,La Molina,"POINT(-12.093393, -76.940695)"
888,Electrónica Ponce 888,electrónica,La Molina,"POINT(-12.084677, -76.919903)"
889,Electrónica Chávez 889,electrónica,San Miguel,"POINT(-12.073741, -77.080665)"
890,Panadería Cárdenas 890,panadería,Lince,"POINT(-12.090467, -77.034247)"
891,Supermercado Ríos 891,supermercado,La Molina,"POINT(-12.071273, -76.949205)"
892,Restaurante Salazar 892,restaurante,Lima,"POINT(-12.049743, -77.048648)"
893,Electrónica Rojas 893,electrónica,Miraflores,"POINT(-12.119207, -77.011821)"
894,Panadería Cárdenas 894,panadería,Lima,"POINT(-12.060241, -77.069632)"
895,Supermercado Chávez 895,supermercado,Lince,"POINT(-12.079967, -77.031325)"
896,Electrónica Ramos 896,electrónica,Surco,"POINT(-12.121765, -76.996431)"
897,Farmacia Ramos 897,farmacia,San Isidro,"POINT(-12.095980, -77.032810)"
898,Panadería Chávez 898,panadería,Lima,"POINT(-12.064751, -77.069939)"
899,Ferretería Quispe 899,ferretería,Lince,"POINT(-12.091830, -77.032042)"
900,Panadería Salazar 900,panadería,Lince,"POINT(-12.092138, -77.031742)"
901,Farmacia Rojas 901,farmacia,Miraflores,"POINT(-12.129041, -77.031838)"
902,Electrónica Rojas 902,electrónica,San Borja,"POINT(-12.107891, -76.988576)"
903,Ferretería Espinoza 903,ferretería,San Isidro,"POINT(-12.096933, -77.054148)"
904,Farmacia Salazar 904,farmacia,San Miguel,"POINT(-12.074326, -77.090527)"
905,Farmacia Flores 905,farmacia,Lima,"POINT(-12.039871, -77.080233)"
906,Supermercado Cárdenas 906,supermercado,Lima,"POINT(-12.053846, -77.065549)"
907,Gasolinera Flores 907,gasolinera,San Miguel,"POINT(-12.079088, -77.083627)"
908,Supermercado Castillo 908,supermercado,Lima,"POINT(-12.050359, -77.077935)"
909,Supermercado Ramos 909,supermercado,San Borja,"POINT(-12.108133, -76.983993)"
910,Panadería Aguilar 910,panadería,La Molina,"POINT(-12.096899, -76.927097)"
911,Farmacia Aguilar 911,farmacia,San Borja,"POINT(-12.102219, -76.997438)"
912,Librería Vargas 912,librería,Pueblo Libre,"POINT(-12.079710, -77.064205)"
913,Librería Aguilar 913,librería,Pueblo Libre,"POINT(-12.074452, -77.068698)"
914,Supermercado Mendoza 914,supermercado,La Molina,"POINT(-12.065981, -76.936766)"
915,Gasolinera Ramos 915,gasolinera,Jesús María,"POINT(-12.075451, -77.048525)"
916,Restaurante Espinoza 916,restaurante,Lima,"POINT(-12.040049, -77.065525)"
917,Librería Cárdenas 917,librería,San Isidro,"POINT(-12.108951, -77.045285)"
918,Ferretería Espinoza 918,ferretería,San Borja,"POINT(-12.106121, -76.986458)"
919,Electrónica Flores 919,electrónica,Miraflores,"POINT(-12.134815, -77.016982)"
920,Ferretería Chávez 920,ferretería,San Isidro,"POINT(-12.099190, -77.033186)"
921,Supermercado Vargas 921,supermercado,Miraflores,"POINT(-12.113330, -77.011375)"
922,Electrónica Huamán 922,electrónica,Lima,"POINT(-12.051035, -77.059921)"
923,Ferretería Quispe 923,ferretería,Jesús María,"POINT(-12.083467, -77.053508)"
924,Ferretería Rojas 924,ferretería,Surco,"POINT(-12.147271, -76.979692)"
925,Gasolinera Castillo 925,gasolinera,Surco,"POINT(-12.148364, -76.975552)"
926,Supermercado Cárdenas 926,supermercado,Los Olivos,"POINT(-11.994085, -77.080696)"
927,Librería Aguilar 927,librería,Pueblo Libre,"POINT(-12.074797, -77.073638)"
928,Electrónica Huamán 928,electrónica,Lima,"POINT(-12.053751, -77.022465)"
929,Panadería Paredes 929,panadería,Lince,"POINT(-12.089922, -77.027050)"
930,Restaurante Ponce 930,restaurante,Jesús María,"POINT(-12.068598, -77.051801)"
931,Supermercado Ríos 931,supermercado,Los Olivos,"POINT(-11.978455, -77.073647)"
932,Supermercado Quispe 932,supermercado,La Molina,"POINT(-12.079354, -76.956767)"
933,Gasolinera Aguilar 933,gasolinera,Lince,"POINT(-12.082991, -77.035986)"
934,Panadería Espinoza 934,panadería,San Isidro,"POINT(-12.100438, -77.038640)"
935,Gasolinera Mendoza 935,gasolinera,Surco,"POINT(-12.121187, -77.000043)"
936,Gasolinera Castillo 936,gasolinera,Los Olivos,"POINT(-11.989369, -77.067499)"
937,Supermercado Espinoza 937,supermercado,San Borja,"POINT(-12.108413, -76.994699)"
938,Restaurante Chávez 938,restaurante,Surco,"POINT(-12.121833, -76.978865)"
939,Restaurante Espinoza 939,restaurante,San Borja,"POINT(-12.095784, -76.993762)"
940,Panadería Quispe 940,panadería,Los Olivos,"POINT(-11.997009, -77.064792)"
941,Ferretería Ponce 941,ferretería,Los Olivos,"POINT(-11.992273, -77.075463)"
942,Panadería Paredes 942,panadería,Surco,"POINT(-12.129190, -76.997716)"
943,Librería Chávez 943,librería,Surco,"POINT(-12.153714, -76.972790)"
944,Farmacia Ponce 944,farmacia,Miraflores,"POINT(-12.128023, -77.012380)"
945,Farmacia Ramos 945,farmacia,La Molina,"POINT(-12.075909, -76.937543)"
946,Restaurante Huamán 946,restaurante,Lince,"POINT(-12.087793, -77.024006)"
947,Ferretería Paredes 947,ferretería,Lima,"POINT(-12.057023, -77.032702)"
948,Electrónica Quispe 948,electrónica,San Isidro,"POINT(-12.100681, -77.042589)"
949,Farmacia Quispe 949,farmacia,Surco,"POINT(-12.155341, -77.001886)"
950,Librería Castillo 950,librería,San Miguel,"POINT(-12.074042, -77.094347)"
951,Electrónica Aguilar 951,electrónica,La Molina,"POINT(-12.084764, -76.957567)"
952,Librería Huamán 952,librería,Miraflores,"POINT(-12.114232, -77.031064)"
953,Electrónica Espinoza 953,electrónica,Barranco,"POINT(-12.144589, -77.009866)"
954,Farmacia Flores 954,farmacia,Los Olivos,"POINT(-11.974909, -77.082008)"
955,Electrónica Rojas 955,electrónica,Pueblo Libre,"POINT(-12.073484, -77.066975)"
956,Ferretería Aguilar 956,ferretería,Lince,"POINT(-12.086533, -77.024208)"
957,Ferretería Cárdenas 957,ferretería,Pueblo Libre,"POINT(-12.072607, -77.075808)"
958,Panadería Paredes 958,panadería,Los Olivos,"POINT(-11.971626, -77.075830)"
959,Farmacia Aguilar 959,farmacia,Los Olivos,"POINT(-11.968066, -77.076942)"
960,Librería Espinoza 960,librería,Lima,"POINT(-12.054959, -77.055034)"
961,Farmacia Mendoza 961,farmacia,Miraflores,"POINT(-12.116301, -77.035870)"
962,Ferretería Paredes 962,ferretería,Pueblo Libre,"POINT(-12.080917, -77.065916)"
963,Gasolinera Mendoza 963,gasolinera,San Isidro,"POINT(-12.106226, -77.052670)"
964,Panadería Ramos 964,panadería,San Borja,"POINT(-12.111387, -76.982090)"
965,Librería Huamán 965,librería,San Borja,"POINT(-12.109049, -76.996187)"
966,Farmacia Castillo 966,farmacia,Los Olivos,"POINT(-11.968182, -77.061902)"
967,Librería Castillo 967,librería,Surco,"POINT(-12.127775, -76.997215)"
968,Gasolinera Vargas 968,gasolinera,Jesús María,"POINT(-12.080281, -77.059946)"
969,Restaurante Espinoza 969,restaurante,Miraflores,"POINT(-12.130669, -77.017194)"
970,Panadería Chávez 970,panadería,Los Olivos,"POINT(-11.969216, -77.082075)"
971,Supermercado Rojas 971,supermercado,La Molina,"POINT(-12.085466, -76.953997)"
972,Ferretería Cárdenas 972,ferretería,Surco,"POINT(-12.118798, -76.977132)"
973,Farmacia Ríos 973,farmacia,Barranco,"POINT(-12.150695, -77.013854)"
974,Panadería Castillo 974,panadería,San Miguel,"POINT(-12.079065, -77.085085)"
975,Panadería Vargas 975,panadería,Surco,"POINT(-12.144767, -76.988656)"
976,Ferretería Espinoza 976,ferretería,Jesús María,"POINT(-12.085969, -77.060261)"
977,Ferretería Chávez 977,ferretería,Lima,"POINT(-12.054022, -77.037699)"
978,Restaurante Vargas 978,restaurante,Miraflores,"POINT(-12.134892, -77.018530)"
979,Ferretería Rojas 979,ferretería,Lima,"POINT(-12.054575, -77.049149)"
980,Restaurante Quispe 980,restaurante,La Molina,"POINT(-12.071747, -76.922409)"
981,Ferretería Rojas 981,ferretería,Los Olivos,"POINT(-11.963875, -77.077674)"
982,Restaurante Salazar 982,restaurante,Surco,"POINT(-12.136945, -76.996551)"
983,Panadería Aguilar 983,panadería,San Borja,"POINT(-12.103396, -76.983014)"
984,Supermercado Espinoza 984,supermercado,Surco,"POINT(-12.122970, -77.003610)"
985,Ferretería Flores 985,ferretería,La Molina,"POINT(-12.096356, -76.946645)"
986,Panadería Chávez 986,panadería,San Isidro,"POINT(-12.106693, -77.021245)"
987,Panadería Huamán 987,panadería,Lima,"POINT(-12.050562, -77.083975)"
988,Panadería Ramos 988,panadería,Lima,"POINT(-12.035179, -77.048589)"
989,Supermercado Quispe 989,supermercado,Surco,"POINT(-12.142126, -76.973398)"
990,Gasolinera Rojas 990,gasolinera,San Borja,"POINT(-12.111335, -76.997831)"
991,Supermercado Mendoza 991,supermercado,San Isidro,"POINT(-12.099871, -77.043416)"
992,Panadería Chávez 992,panadería,San Isidro,"POINT(-12.098626, -77.038322)"
993,Electrónica Quispe 993,electrónica,San Isidro,"POINT(-12.107020, -77.019393)"
994,Supermercado Salazar 994,supermercado,Surco,"POINT(-12.156950, -76.994423)"
995,Restaurante Ríos 995,restaurante,Miraflores,"POINT(-12.127696, -77.029827)"
996,Supermercado Mendoza 996,supermercado,Lima,"POINT(-12.037211, -77.047706)"
997,Ferretería Ríos 997,ferretería,San Miguel,"POINT(-12.076673, -77.100227)"
998,Ferretería Mendoza 998,ferretería,Surco,"POINT(-12.141959, -76.969551)"
999,Electrónica Rojas 999,electrónica,Pueblo Libre,"POINT(-12.072280, -77.074263)"
1000,Supermercado Cárdenas 1000,supermercado,Los Olivos,"POINT(-11.966787, -77.066326)"
1001,Ferretería Quispe 1001,ferretería,Jesús María,"POINT(-12.073879, -77.046765)"
1002,Restaurante Quispe 1002,restaurante,Miraflores,"POINT(-12.119613, -77.039540)"
1003,Electrónica Aguilar 1003,electrónica,Surco,"POINT(-12.124399, -77.002530)"
1004,Electrónica Rojas 1004,electrónica,Surco,"POINT(-12.153544, -76.973935)"
1005,Electrónica Chávez 1005,electrónica,Lima,"POINT(-12.060678, -77.032363)"
1006,Ferretería Salazar 1006,ferretería,Surco,"POINT(-12.133088, -76.972520)"
1007,Electrónica Salazar 1007,electrónica,Miraflores,"POINT(-12.121256, -77.035143)"
1008,Panadería Ramos 1008,panadería,Los Olivos,"POINT(-11.988197, -77.084296)"
1009,Farmacia Flores 1009,farmacia,La Molina,"POINT(-12.090513, -76.949673)"
1010,Farmacia Espinoza 1010,farmacia,Lima,"POINT(-12.055188, -77.022513)"
1011,Restaurante Cárdenas 1011,restaurante,Lince,"POINT(-12.086365, -77.035310)"
1012,Gasolinera Chávez 1012,gasolinera,Lima,"POINT(-12.056192, -77.049960)"
1013,Electrónica Cárdenas 1013,electrónica,Lima,"POINT(-12.049355, -77.035829)"
1014,Librería Aguilar 1014,librería,Miraflores,"POINT(-12.131736, -77.029768)"
1015,Supermercado Ramos 1015,supermercado,Miraflores,"POINT(-12.114721, -77.024000)"
1016,Librería Salazar 1016,librería,San Borja,"POINT(-12.092949, -76.981864)"
1017,Electrónica Ríos 1017,electrónica,Los Olivos,"POINT(-11.977119, -77.083238)"
1018,Supermercado Chávez 1018,supermercado,Lima,"POINT(-12.062596, -77.043503)"
1019,Gasolinera Ponce 1019,gasolinera,Lima,"POINT(-12.052074, -77.025828)"
1020,Gasolinera Paredes 1020,gasolinera,Miraflores,"POINT(-12.115376, -77.043053)"
1021,Supermercado Ponce 1021,supermercado,Pueblo Libre,"POINT(-12.071475, -77.073679)"
1022,Supermercado Flores 1022,supermercado,Jesús María,"POINT(-12.080813, -77.051104)"
1023,Panadería Vargas 1023,panadería,Jesús María,"POINT(-12.088050, -77.046671)"
1024,Gasolinera Aguilar 1024,gasolinera,San Borja,"POINT(-12.097773, -76.996680)"
1025,Electrónica Cárdenas 1025,electrónica,San Borja,"POINT(-12.107575, -76.984730)"
1026,Ferretería Espinoza 1026,ferretería,Lima,"POINT(-12.052262, -77.033036)"
1027,Restaurante Mendoza 1027,restaurante,Lima,"POINT(-12.048998, -77.064162)"
1028,Librería Ponce 1028,librería,Lima,"POINT(-12.050959, -77.066137)"
1029,Electrónica Huamán 1029,electrónica,Surco,"POINT(-12.130935, -76.978363)"
1030,Panadería Espinoza 1030,panadería,Surco,"POINT(-12.156276, -76.986786)"
1031,Ferretería Salazar 1031,ferretería,San Isidro,"POINT(-12.096257, -77.044929)"
1032,Electrónica Paredes 1032,electrónica,San Isidro,"POINT(-12.101132, -77.025992)"
1033,Ferretería Ponce 1033,ferretería,Los Olivos,"POINT(-11.999317, -77.077837)"
1034,Gasolinera Ríos 1034,gasolinera,La Molina,"POINT(-12.079111, -76.928414)"
1035,Electrónica Ponce 1035,electrónica,San Miguel,"POINT(-12.070608, -77.098753)"
1036,Supermercado Vargas 1036,supermercado,San Miguel,"POINT(-12.072880, -77.088930)"
1037,Electrónica Aguilar 1037,electrónica,Surco,"POINT(-12.143801, -76.986864)"
1038,Librería Paredes 1038,librería,La Molina,"POINT(-12.089887, -76.921426)"
1039,Ferretería Ríos 1039,ferretería,San Borja,"POINT(-12.106051, -76.982164)"
1040,Farmacia Flores 1040,farmacia,Los Olivos,"POINT(-11.978441, -77.076328)"
1041,Librería Ramos 1041,librería,Miraflores,"POINT(-12.121261, -77.032067)"
1042,Ferretería Ponce 1042,ferretería,Pueblo Libre,"POINT(-12.069948, -77.074385)"
1043,Restaurante Rojas 1043,restaurante,Miraflores,"POINT(-12.127581, -77.020170)"
1044,Restaurante Quispe 1044,restaurante,Pueblo Libre,"POINT(-12.077258, -77.070006)"
1045,Ferretería Castillo 1045,ferretería,Lima,"POINT(-12.051832, -77.071383)"
1046,Supermercado Ríos 1046,supermercado,Lince,"POINT(-12.083985, -77.036842)"
1047,Ferretería Huamán 1047,ferretería,San Borja,"POINT(-12.108000, -76.991451)"
1048,Ferretería Vargas 1048,ferretería,Jesús María,"POINT(-12.073608, -77.052745)"
1049,Farmacia Ríos 1049,farmacia,Los Olivos,"POINT(-11.975705, -77.068444)"
1050,Librería Ponce 1050,librería,Los Olivos,"POINT(-11.976061, -77.079117)"
1051,Gasolinera Ramos 1051,gasolinera,Miraflores,"POINT(-12.118877, -77.024347)"
1052,Librería Salazar 1052,librería,Pueblo Libre,"POINT(-12.079679, -77.066260)"
1053,Farmacia Huamán 1053,farmacia,San Borja,"POINT(-12.103209, -76.988884)"
1054,Panadería Chávez 1054,panadería,Surco,"POINT(-12.143974, -76.968771)"
1055,Supermercado Cárdenas 1055,supermercado,Lima,"POINT(-12.058529, -77.068757)"
1056,Gasolinera Castillo 1056,gasolinera,Los Olivos,"POINT(-11.990239, -77.077445)"
1057,Farmacia Mendoza 1057,farmacia,Surco,"POINT(-12.138234, -76.972142)"
1058,Librería Castillo 1058,librería,Barranco,"POINT(-12.145835, -77.008630)"
1059,Restaurante Salazar 1059,restaurante,Surco,"POINT(-12.142713, -76.996617)"
1060,Panadería Cárdenas 1060,panadería,La Molina,"POINT(-12.072136, -76.931650)"
1061,Farmacia Espinoza 1061,farmacia,Los Olivos,"POINT(-11.957149, -77.076134)"
1062,Panadería Aguilar 1062,panadería,San Isidro,"POINT(-12.105009, -77.036023)"
1063,Farmacia Castillo 1063,farmacia,Surco,"POINT(-12.152877, -76.998009)"
1064,Restaurante Quispe 1064,restaurante,Miraflores,"POINT(-12.129779, -77.018169)"
1065,Panadería Castillo 1065,panadería,Surco,"POINT(-12.121133, -76.977234)"
1066,Gasolinera Ramos 1066,gasolinera,Lince,"POINT(-12.090405, -77.025907)"
1067,Supermercado Quispe 1067,supermercado,Lima,"POINT(-12.054968, -77.082115)"
1068,Electrónica Cárdenas 1068,electrónica,La Molina,"POINT(-12.075237, -76.941590)"
1069,Gasolinera Quispe 1069,gasolinera,San Miguel,"POINT(-12.071546, -77.097714)"
1070,Electrónica Cárdenas 1070,electrónica,Jesús María,"POINT(-12.069026, -77.054922)"
1071,Librería Quispe 1071,librería,San Miguel,"POINT(-12.071757, -77.097061)"
1072,Gasolinera Huamán 1072,gasolinera,Lima,"POINT(-12.052736, -77.043070)"
1073,Panadería Rojas 1073,panadería,San Isidro,"POINT(-12.097886, -77.054689)"
1074,Farmacia Vargas 1074,farmacia,Pueblo Libre,"POINT(-12.073430, -77.072015)"
1075,Electrónica Chávez 1075,electrónica,Lince,"POINT(-12.084860, -77.026587)"
1076,Ferretería Aguilar 1076,ferretería,Miraflores,"POINT(-12.127973, -77.012182)"
1077,Librería Flores 1077,librería,Surco,"POINT(-12.152229, -76.974343)"
1078,Supermercado Ramos 1078,supermercado,Miraflores,"POINT(-12.121970, -77.035391)"
1079,Electrónica Flores 1079,electrónica,San Miguel,"POINT(-12.073648, -77.095003)"
1080,Supermercado Salazar 1080,supermercado,San Borja,"POINT(-12.092916, -76.982215)"
1081,Farmacia Flores 1081,farmacia,San Isidro,"POINT(-12.099876, -77.033976)"
1082,Electrónica Ríos 1082,electrónica,Pueblo Libre,"POINT(-12.077305, -77.068495)"
1083,Supermercado Paredes 1083,supermercado,Los Olivos,"POINT(-12.001194, -77.065162)"
1084,Librería Quispe 1084,librería,Lima,"POINT(-12.050325, -77.054302)"
1085,Librería Salazar 1085,librería,San Isidro,"POINT(-12.095245, -77.030747)"
1086,Restaurante Cárdenas 1086,restaurante,Los Olivos,"POINT(-11.971062, -77.080889)"
1087,Gasolinera Huamán 1087,gasolinera,Barranco,"POINT(-12.148196, -77.019668)"
1088,Librería Ramos 1088,librería,San Miguel,"POINT(-12.077351, -77.101489)"
1089,Restaurante Flores 1089,restaurante,La Molina,"POINT(-12.080349, -76.954826)"
1090,Supermercado Flores 1090,supermercado,Pueblo Libre,"POINT(-12.068226, -77.067567)"
1091,Librería Espinoza 1091,librería,San Isidro,"POINT(-12.105230, -77.031140)"
1092,Panadería Ramos 1092,panadería,Los Olivos,"POINT(-11.957239, -77.078244)"
1093,Electrónica Ríos 1093,electrónica,Miraflores,"POINT(-12.131994, -77.014498)"
1094,Electrónica Huamán 1094,electrónica,Los Olivos,"POINT(-11.983324, -77.067842)"
1095,Electrónica Castillo 1095,electrónica,San Isidro,"POINT(-12.098333, -77.027427)"
1096,Gasolinera Ponce 1096,gasolinera,Lima,"POINT(-12.051984, -77.065525)"
1097,Panadería Flores 1097,panadería,Lima,"POINT(-12.063749, -77.082296)"
1098,Ferretería Castillo 1098,ferretería,Pueblo Libre,"POINT(-12.077695, -77.074511)"
1099,Supermercado Aguilar 1099,supermercado,Los Olivos,"POINT(-11.993455, -77.063163)"
1100,Farmacia Salazar 1100,farmacia,Barranco,"POINT(-12.151110, -77.020976)"
1101,Librería Castillo 1101,librería,Lima,"POINT(-12.042026, -77.081099)"
1102,Gasolinera Castillo 1102,gasolinera,Lince,"POINT(-12.079777, -77.033908)"
1103,Farmacia Ríos 1103,farmacia,Surco,"POINT(-12.157406, -76.977107)"
1104,Librería Cárdenas 1104,librería,Lince,"POINT(-12.078936, -77.024652)"
1105,Restaurante Cárdenas 1105,restaurante,Pueblo Libre,"POINT(-12.072060, -77.069759)"
1106,Electrónica Espinoza 1106,electrónica,Lima,"POINT(-12.063388, -77.074814)"
1107,Farmacia Ramos 1107,farmacia,San Borja,"POINT(-12.090531, -76.987782)"
1108,Electrónica Castillo 1108,electrónica,Lima,"POINT(-12.035154, -77.062184)"
1109,Ferretería Rojas 1109,ferretería,San Isidro,"POINT(-12.107917, -77.046461)"
1110,Farmacia Ríos 1110,farmacia,La Molina,"POINT(-12.067511, -76.935022)"
1111,Gasolinera Espinoza 1111,gasolinera,La Molina,"POINT(-12.093850, -76.956967)"
1112,Gasolinera Cárdenas 1112,gasolinera,San Isidro,"POINT(-12.099873, -77.032137)"
1113,Ferretería Flores 1113,ferretería,Lima,"POINT(-12.058590, -77.031975)"
1114,Librería Ríos 1114,librería,Miraflores,"POINT(-12.113459, -77.010860)"
1115,Panadería Ramos 1115,panadería,Los Olivos,"POINT(-12.004222, -77.083205)"
1116,Librería Espinoza 1116,librería,Lince,"POINT(-12.078308, -77.024478)"
1117,Ferretería Rojas 1117,ferretería,Lima,"POINT(-12.038857, -77.043089)"
1118,Librería Huamán 1118,librería,Jesús María,"POINT(-12.068889, -77.053440)"
1119,Restaurante Paredes 1119,restaurante,Miraflores,"POINT(-12.127218, -77.027340)"
1120,Librería Aguilar 1120,librería,Miraflores,"POINT(-12.123881, -77.009372)"
1121,Gasolinera Castillo 1121,gasolinera,Surco,"POINT(-12.142592, -76.987803)"
1122,Supermercado Quispe 1122,supermercado,Surco,"POINT(-12.162337, -76.982814)"
1123,Librería Paredes 1123,librería,San Isidro,"POINT(-12.106601, -77.051265)"
1124,Supermercado Quispe 1124,supermercado,Lima,"POINT(-12.040550, -77.023168)"
1125,Electrónica Ramos 1125,electrónica,Lima,"POINT(-12.052974, -77.043112)"
1126,Ferretería Espinoza 1126,ferretería,Miraflores,"POINT(-12.135475, -77.020825)"
1127,Farmacia Ríos 1127,farmacia,Jesús María,"POINT(-12.077091, -77.060112)"
1128,Librería Mendoza 1128,librería,Lima,"POINT(-12.055483, -77.057400)"
1129,Supermercado Quispe 1129,supermercado,Pueblo Libre,"POINT(-12.073339, -77.066055)"
1130,Ferretería Huamán 1130,ferretería,Surco,"POINT(-12.139298, -76.971119)"
1131,Farmacia Aguilar 1131,farmacia,Lima,"POINT(-12.053370, -77.059541)"
1132,Electrónica Vargas 1132,electrónica,Miraflores,"POINT(-12.116790, -77.011684)"
1133,Gasolinera Mendoza 1133,gasolinera,Jesús María,"POINT(-12.082249, -77.043021)"
1134,Librería Castillo 1134,librería,Jesús María,"POINT(-12.083320, -77.054485)"
1135,Ferretería Ríos 1135,ferretería,Barranco,"POINT(-12.143993, -77.013089)"
1136,Panadería Vargas 1136,panadería,Surco,"POINT(-12.143712, -76.990385)"
1137,Supermercado Mendoza 1137,supermercado,Lima,"POINT(-12.059035, -77.069169)"
1138,Restaurante Aguilar 1138,restaurante,Lima,"POINT(-12.039572, -77.070810)"
1139,Librería Ramos 1139,librería,Miraflores,"POINT(-12.133058, -77.025801)"
1140,Librería Ríos 1140,librería,La Molina,"POINT(-12.082897, -76.926910)"
1141,Electrónica Mendoza 1141,electrónica,Los Olivos,"POINT(-12.003698, -77.075884)"
1142,Gasolinera Ríos 1142,gasolinera,Pueblo Libre,"POINT(-12.080990, -77.073803)"
1143,Gasolinera Salazar 1143,gasolinera,Surco,"POINT(-12.138352, -76.978033)"
1144,Supermercado Espinoza 1144,supermercado,San Isidro,"POINT(-12.107246, -77.040320)"
1145,Librería Salazar 1145,librería,San Borja,"POINT(-12.107487, -76.989662)"
1146,Panadería Cárdenas 1146,panadería,Lince,"POINT(-12.082085, -77.025737)"
1147,Restaurante Castillo 1147,restaurante,Pueblo Libre,"POINT(-12.077840, -77.074754)"
1148,Restaurante Castillo 1148,restaurante,Los Olivos,"POINT(-11.958641, -77.067782)"
1149,Farmacia Mendoza 1149,farmacia,Barranco,"POINT(-12.139695, -77.009893)"
1150,Farmacia Mendoza 1150,farmacia,Los Olivos,"POINT(-11.996016, -77.068927)"
1151,Librería Huamán 1151,librería,La Molina,"POINT(-12.072129, -76.961333)"
1152,Ferretería Espinoza 1152,ferretería,Los Olivos,"POINT(-11.984578, -77.081258)"
1153,Gasolinera Cárdenas 1153,gasolinera,San Isidro,"POINT(-12.100772, -77.050357)"
1154,Ferretería Salazar 1154,ferretería,San Isidro,"POINT(-12.101419, -77.044207)"
1155,Electrónica Salazar 1155,electrónica,La Molina,"POINT(-12.096960, -76.931442)"
1156,Gasolinera Salazar 1156,gasolinera,Lima,"POINT(-12.048721, -77.024353)"
1157,Restaurante Flores 1157,restaurante,San Borja,"POINT(-12.111300, -76.996726)"
1158,Panadería Chávez 1158,panadería,Miraflores,"POINT(-12.112768, -77.028813)"
1159,Ferretería Mendoza 1159,ferretería,Pueblo Libre,"POINT(-12.084250, -77.071654)"
1160,Restaurante Espinoza 1160,restaurante,San Isidro,"POINT(-12.097023, -77.022200)"
1161,Supermercado Flores 1161,supermercado,La Molina,"POINT(-12.095093, -76.969612)"
1162,Electrónica Espinoza 1162,electrónica,San Isidro,"POINT(-12.097901, -77.043288)"
1163,Gasolinera Aguilar 1163,gasolinera,San Borja,"POINT(-12.096430, -76.999646)"
1164,Panadería Mendoza 1164,panadería,San Isidro,"POINT(-12.108015, -77.031207)"
1165,Supermercado Aguilar 1165,supermercado,Miraflores,"POINT(-12.114799, -77.020617)"
1166,Panadería Castillo 1166,panadería,Lima,"POINT(-12.043794, -77.065029)"
1167,Ferretería Espinoza 1167,ferretería,La Molina,"POINT(-12.081039, -76.945515)"
1168,Gasolinera Flores 1168,gasolinera,San Miguel,"POINT(-12.074291, -77.089367)"
1169,Farmacia Salazar 1169,farmacia,Los Olivos,"POINT(-11.995345, -77.065530)"
1170,Electrónica Vargas 1170,electrónica,Lince,"POINT(-12.090876, -77.034277)"
1171,Farmacia Espinoza 1171,farmacia,Barranco,"POINT(-12.150012, -77.008665)"
1172,Panadería Chávez 1172,panadería,Los Olivos,"POINT(-11.996629, -77.072018)"
1173,Farmacia Salazar 1173,farmacia,Surco,"POINT(-12.144980, -77.000829)"
1174,Supermercado Castillo 1174,supermercado,Surco,"POINT(-12.153677, -76.976153)"
1175,Panadería Quispe 1175,panadería,Surco,"POINT(-12.141989, -76.992193)"
1176,Electrónica Rojas 1176,electrónica,Lince,"POINT(-12.084844, -77.028500)"
1177,Farmacia Rojas 1177,farmacia,San Isidro,"POINT(-12.102708, -77.032419)"
1178,Supermercado Mendoza 1178,supermercado,Lima,"POINT(-12.051917, -77.083725)"
1179,Librería Castillo 1179,librería,Pueblo Libre,"POINT(-12.076710, -77.074432)"
1180,Farmacia Huamán 1180,farmacia,San Isidro,"POINT(-12.095442, -77.021934)"
1181,Electrónica Vargas 1181,electrónica,Barranco,"POINT(-12.151040, -77.020147)"
1182,Librería Aguilar 1182,librería,La Molina,"POINT(-12.090967, -76.941399)"
1183,Librería Ramos 1183,librería,San Isidro,"POINT(-12.106643, -77.016238)"
1184,Ferretería Ramos 1184,ferretería,Barranco,"POINT(-12.141378, -77.021776)"
1185,Farmacia Paredes 1185,farmacia,Pueblo Libre,"POINT(-12.071447, -77.075028)"
1186,Supermercado Ponce 1186,supermercado,Miraflores,"POINT(-12.129105, -77.009952)"
1187,Librería Cárdenas 1187,librería,La Molina,"POINT(-12.069516, -76.947726)"
1188,Gasolinera Vargas 1188,gasolinera,Lima,"POINT(-12.036364, -77.069746)"
1189,Restaurante Castillo 1189,restaurante,Lima,"POINT(-12.044755, -77.046179)"
1190,Restaurante Vargas 1190,restaurante,Pueblo Libre,"POINT(-12.084578, -77.069976)"
1191,Farmacia Rojas 1191,farmacia,Jesús María,"POINT(-12.077208, -77.058379)"
1192,Farmacia Quispe 1192,farmacia,Pueblo Libre,"POINT(-12.075869, -77.075412)"
1193,Librería Salazar 1193,librería,Lima,"POINT(-12.052983, -77.063919)"
1194,Gasolinera Castillo 1194,gasolinera,Barranco,"POINT(-12.141202, -77.009585)"
1195,Ferretería Rojas 1195,ferretería,Jesús María,"POINT(-12.075131, -77.059653)"
1196,Farmacia Cárdenas 1196,farmacia,Surco,"POINT(-12.134247, -76.988914)"
1197,Panadería Cárdenas 1197,panadería,Lince,"POINT(-12.082111, -77.027276)"
1198,Librería Ramos 1198,librería,Surco,"POINT(-12.122070, -76.994140)"
1199,Ferretería Rojas 1199,ferretería,Pueblo Libre,"POINT(-12.077341, -77.070191)"
1200,Supermercado Quispe 1200,supermercado,Jesús María,"POINT(-12.083146, -77.046331)"
1201,Panadería Ponce 1201,panadería,Lima,"POINT(-12.056289, -77.077730)"
1202,Ferretería Aguilar 1202,ferretería,Lince,"POINT(-12.084185, -77.033374)"
1203,Panadería Chávez 1203,panadería,San Isidro,"POINT(-12.095663, -77.037201)"
1204,Supermercado Mendoza 1204,supermercado,San Isidro,"POINT(-12.096487, -77.021988)"
1205,Librería Rojas 1205,librería,San Isidro,"POINT(-12.106782, -77.033644)"
1206,Ferretería Ríos 1206,ferretería,Miraflores,"POINT(-12.118412, -77.017375)"
1207,Supermercado Rojas 1207,supermercado,San Isidro,"POINT(-12.106130, -77.028225)"
1208,Panadería Rojas 1208,panadería,Los Olivos,"POINT(-11.956151, -77.068200)"
1209,Librería Flores 1209,librería,Barranco,"POINT(-12.148664, -77.012415)"
1210,Electrónica Rojas 1210,electrónica,Jesús María,"POINT(-12.087364, -77.050990)"
1211,Librería Cárdenas 1211,librería,Lince,"POINT(-12.085136, -77.027276)"
1212,Librería Chávez 1212,librería,Lima,"POINT(-12.049162, -77.039693)"
1213,Restaurante Espinoza 1213,restaurante,La Molina,"POINT(-12.066423, -76.940935)"
1214,Panadería Ríos 1214,panadería,Miraflores,"POINT(-12.126532, -77.023330)"
1215,Electrónica Vargas 1215,electrónica,Lince,"POINT(-12.088698, -77.023949)"
1216,Panadería Quispe 1216,panadería,Los Olivos,"POINT(-11.993351, -77.080181)"
1217,Supermercado Mendoza 1217,supermercado,San Isidro,"POINT(-12.105994, -77.035552)"
1218,Panadería Cárdenas 1218,panadería,San Borja,"POINT(-12.091592, -76.990513)"
1219,Panadería Espinoza 1219,panadería,Surco,"POINT(-12.157091, -76.989728)"
1220,Supermercado Salazar 1220,supermercado,Lima,"POINT(-12.064023, -77.029149)"
1221,Supermercado Quispe 1221,supermercado,Lima,"POINT(-12.063086, -77.045667)"
1222,Gasolinera Salazar 1222,gasolinera,Miraflores,"POINT(-12.122018, -77.017557)"
1223,Panadería Ponce 1223,panadería,Lima,"POINT(-12.050902, -77.047598)"
1224,Farmacia Cárdenas 1224,farmacia,La Molina,"POINT(-12.068557, -76.967717)"
1225,Supermercado Ponce 1225,supermercado,Los Olivos,"POINT(-11.990299, -77.074284)"
1226,Librería Chávez 1226,librería,Miraflores,"POINT(-12.123269, -77.029453)"
1227,Electrónica Cárdenas 1227,electrónica,San Isidro,"POINT(-12.109636, -77.044877)"
1228,Electrónica Aguilar 1228,electrónica,Lima,"POINT(-12.044925, -77.055183)"
1229,Gasolinera Chávez 1229,gasolinera,San Isidro,"POINT(-12.102745, -77.048720)"
1230,Panadería Cárdenas 1230,panadería,Lima,"POINT(-12.032142, -77.042293)"
1231,Supermercado Vargas 1231,supermercado,Lince,"POINT(-12.087183, -77.035404)"
1232,Supermercado Ríos 1232,supermercado,Surco,"POINT(-12.138845, -76.991010)"
1233,Ferretería Paredes 1233,ferretería,Miraflores,"POINT(-12.121290, -77.016114)"
1234,Ferretería Cárdenas 1234,ferretería,San Isidro,"POINT(-12.105891, -77.031410)"
1235,Farmacia Ramos 1235,farmacia,San Borja,"POINT(-12.091427, -76.981739)"
1236,Panadería Aguilar 1236,panadería,Barranco,"POINT(-12.145016, -77.014335)"
1237,Gasolinera Quispe 1237,gasolinera,Lima,"POINT(-12.043744, -77.035786)"
1238,Electrónica Quispe 1238,electrónica,Surco,"POINT(-12.136733, -76.970248)"
1239,Restaurante Espinoza 1239,restaurante,San Borja,"POINT(-12.110360, -76.995972)"
1240,Supermercado Cárdenas 1240,supermercado,Lima,"POINT(-12.047516, -77.069510)"
1241,Ferretería Quispe 1241,ferretería,Miraflores,"POINT(-12.119260, -77.009551)"
1242,Farmacia Rojas 1242,farmacia,Surco,"POINT(-12.149173, -76.993333)"
1243,Restaurante Quispe 1243,restaurante,Miraflores,"POINT(-12.129634, -77.010178)"
1244,Ferretería Rojas 1244,ferretería,Los Olivos,"POINT(-11.970855, -77.079863)"
1245,Librería Ponce 1245,librería,Lince,"POINT(-12.092986, -77.033930)"
1246,Supermercado Quispe 1246,supermercado,San Borja,"POINT(-12.094083, -76.996257)"
1247,Electrónica Salazar 1247,electrónica,San Miguel,"POINT(-12.075834, -77.101713)"
1248,Librería Espinoza 1248,librería,Lima,"POINT(-12.037470, -77.028418)"
1249,Supermercado Rojas 1249,supermercado,La Molina,"POINT(-12.070304, -76.945652)"
1250,Restaurante Cárdenas 1250,restaurante,Miraflores,"POINT(-12.128470, -77.017280)"
1251,Farmacia Huamán 1251,farmacia,San Isidro,"POINT(-12.099476, -77.033132)"
1252,Ferretería Flores 1252,ferretería,Jesús María,"POINT(-12.082700, -77.044854)"
1253,Panadería Salazar 1253,panadería,Lince,"POINT(-12.081284, -77.033988)"
1254,Restaurante Quispe 1254,restaurante,Lima,"POINT(-12.032631, -77.039534)"
1255,Gasolinera Ponce 1255,gasolinera,San Miguel,"POINT(-12.081568, -77.098429)"
1256,Gasolinera Mendoza 1256,gasolinera,San Isidro,"POINT(-12.102477, -77.053048)"
1257,Gasolinera Paredes 1257,gasolinera,Surco,"POINT(-12.128120, -76.979546)"
1258,Panadería Ramos 1258,panadería,Lince,"POINT(-12.081596, -77.023642)"
1259,Supermercado Salazar 1259,supermercado,Lima,"POINT(-12.049000, -77.076392)"
1260,Librería Rojas 1260,librería,San Isidro,"POINT(-12.106778, -77.048971)"
1261,Electrónica Quispe 1261,electrónica,Lima,"POINT(-12.063115, -77.037295)"
1262,Restaurante Aguilar 1262,restaurante,Miraflores,"POINT(-12.131270, -77.009256)"
1263,Ferretería Aguilar 1263,ferretería,Jesús María,"POINT(-12.077998, -77.044230)"
1264,Restaurante Cárdenas 1264,restaurante,San Isidro,"POINT(-12.101827, -77.030766)"
1265,Librería Rojas 1265,librería,Lima,"POINT(-12.054092, -77.043809)"
1266,Farmacia Ramos 1266,farmacia,San Isidro,"POINT(-12.103190, -77.054160)"
1267,Restaurante Flores 1267,restaurante,Lima,"POINT(-12.061947, -77.020333)"
1268,Electrónica Quispe 1268,electrónica,Los Olivos,"POINT(-11.992290, -77.071618)"
1269,Farmacia Aguilar 1269,farmacia,Lima,"POINT(-12.059624, -77.054684)"
1270,Electrónica Rojas 1270,electrónica,Jesús María,"POINT(-12.068634, -77.046612)"
1271,Gasolinera Paredes 1271,gasolinera,La Molina,"POINT(-12.077102, -76.942719)"
1272,Librería Rojas 1272,librería,Miraflores,"POINT(-12.114297, -77.034610)"
1273,Gasolinera Mendoza 1273,gasolinera,Miraflores,"POINT(-12.120997, -77.035311)"
1274,Electrónica Ríos 1274,electrónica,Pueblo Libre,"POINT(-12.068080, -77.074730)"
1275,Gasolinera Paredes 1275,gasolinera,Jesús María,"POINT(-12.085449, -77.042203)"
1276,Supermercado Mendoza 1276,supermercado,Pueblo Libre,"POINT(-12.074487, -77.075477)"
1277,Electrónica Ponce 1277,electrónica,Surco,"POINT(-12.142478, -76.998030)"
1278,Panadería Flores 1278,panadería,La Molina,"POINT(-12.101393, -76.937071)"
1279,Gasolinera Cárdenas 1279,gasolinera,Barranco,"POINT(-12.156431, -77.011488)"
1280,Supermercado Chávez 1280,supermercado,La Molina,"POINT(-12.102070, -76.939396)"
1281,Ferretería Aguilar 1281,ferretería,Surco,"POINT(-12.160126, -76.984840)"
1282,Gasolinera Chávez 1282,gasolinera,San Borja,"POINT(-12.088802, -77.003713)"
1283,Electrónica Huamán 1283,electrónica,Los Olivos,"POINT(-11.958276, -77.071248)"
1284,Electrónica Castillo 1284,electrónica,Surco,"POINT(-12.146701, -76.995385)"
1285,Librería Cárdenas 1285,librería,Lince,"POINT(-12.079156, -77.030507)"
1286,Gasolinera Vargas 1286,gasolinera,Lima,"POINT(-12.034361, -77.061002)"
1287,Panadería Ponce 1287,panadería,Miraflores,"POINT(-12.113978, -77.011353)"
1288,Supermercado Salazar 1288,supermercado,Lima,"POINT(-12.040570, -77.060461)"
1289,Librería Vargas 1289,librería,Surco,"POINT(-12.120776, -77.001107)"
1290,Panadería Ponce 1290,panadería,Jesús María,"POINT(-12.072797, -77.054067)"
1291,Restaurante Ríos 1291,restaurante,Miraflores,"POINT(-12.124208, -77.012550)"
1292,Panadería Huamán 1292,panadería,Miraflores,"POINT(-12.117163, -77.012105)"
1293,Ferretería Ponce 1293,ferretería,San Borja,"POINT(-12.090690, -76.989568)"
1294,Supermercado Ríos 1294,supermercado,San Isidro,"POINT(-12.104697, -77.041485)"
1295,Panadería Vargas 1295,panadería,Lima,"POINT(-12.039225, -77.055502)"
1296,Supermercado Espinoza 1296,supermercado,Surco,"POINT(-12.129387, -76.987382)"
1297,Restaurante Cárdenas 1297,restaurante,San Isidro,"POINT(-12.106817, -77.026085)"
1298,Supermercado Ríos 1298,supermercado,Lince,"POINT(-12.081561, -77.026979)"
1299,Gasolinera Rojas 1299,gasolinera,Surco,"POINT(-12.146927, -76.985553)"
1300,Supermercado Espinoza 1300,supermercado,Surco,"POINT(-12.158486, -76.983785)"
1301,Farmacia Cárdenas 1301,farmacia,Los Olivos,"POINT(-11.977624, -77.082346)"
1302,Gasolinera Ríos 1302,gasolinera,Miraflores,"POINT(-12.129394, -77.026246)"
1303,Librería Salazar 1303,librería,Surco,"POINT(-12.146043, -76.996574)"
1304,Electrónica Cárdenas 1304,electrónica,Jesús María,"POINT(-12.081120, -77.052321)"
1305,Librería Rojas 1305,librería,La Molina,"POINT(-12.067570, -76.951772)"
1306,Farmacia Flores 1306,farmacia,San Isidro,"POINT(-12.104176, -77.053201)"
1307,Electrónica Espinoza 1307,electrónica,Los Olivos,"POINT(-12.000114, -77.072370)"
1308,Electrónica Mendoza 1308,electrónica,La Molina,"POINT(-12.075802, -76.966315)"
1309,Supermercado Mendoza 1309,supermercado,Los Olivos,"POINT(-11.962877, -77.064738)"
1310,Panadería Mendoza 1310,panadería,San Miguel,"POINT(-12.068784, -77.082553)"
1311,Restaurante Castillo 1311,restaurante,San Isidro,"POINT(-12.103301, -77.045975)"
1312,Supermercado Vargas 1312,supermercado,Miraflores,"POINT(-12.115466, -77.010466)"
1313,Panadería Castillo 1313,panadería,Pueblo Libre,"POINT(-12.068978, -77.069558)"
1314,Electrónica Paredes 1314,electrónica,Barranco,"POINT(-12.139957, -77.018921)"
1315,Restaurante Mendoza 1315,restaurante,Miraflores,"POINT(-12.122687, -77.023425)"
1316,Supermercado Quispe 1316,supermercado,Lima,"POINT(-12.038987, -77.046347)"
1317,Electrónica Mendoza 1317,electrónica,Barranco,"POINT(-12.142232, -77.011020)"
1318,Supermercado Quispe 1318,supermercado,Lima,"POINT(-12.056172, -77.041422)"
1319,Supermercado Chávez 1319,supermercado,Miraflores,"POINT(-12.126541, -77.014395)"
1320,Electrónica Paredes 1320,electrónica,Miraflores,"POINT(-12.121492, -77.024071)"
1321,Panadería Espinoza 1321,panadería,Miraflores,"POINT(-12.134968, -77.011032)"
1322,Supermercado Rojas 1322,supermercado,Lima,"POINT(-12.061942, -77.081000)"
1323,Gasolinera Castillo 1323,gasolinera,Surco,"POINT(-12.161185, -76.991572)"
1324,Ferretería Vargas 1324,ferretería,Surco,"POINT(-12.152492, -76.977417)"
1325,Panadería Cárdenas 1325,panadería,Surco,"POINT(-12.124999, -76.995223)"
1326,Panadería Vargas 1326,panadería,Los Olivos,"POINT(-11.959541, -77.061606)"
1327,Librería Paredes 1327,librería,Lima,"POINT(-12.059739, -77.062912)"
1328,Panadería Ponce 1328,panadería,Lima,"POINT(-12.056465, -77.036843)"
1329,Librería Salazar 1329,librería,Surco,"POINT(-12.146277, -76.980279)"
1330,Ferretería Huamán 1330,ferretería,Jesús María,"POINT(-12.078697, -77.058737)"
1331,Restaurante Salazar 1331,restaurante,Lince,"POINT(-12.086844, -77.036923)"
1332,Electrónica Quispe 1332,electrónica,Miraflores,"POINT(-12.128516, -77.031769)"
1333,Librería Ramos 1333,librería,Los Olivos,"POINT(-11.969392, -77.064901)"
1334,Ferretería Huamán 1334,ferretería,San Miguel,"POINT(-12.076690, -77.092270)"
1335,Supermercado Chávez 1335,supermercado,La Molina,"POINT(-12.089811, -76.926606)"
1336,Gasolinera Castillo 1336,gasolinera,Los Olivos,"POINT(-12.002225, -77.061675)"
1337,Supermercado Salazar 1337,supermercado,San Borja,"POINT(-12.092246, -76.994275)"
1338,Supermercado Flores 1338,supermercado,San Borja,"POINT(-12.102921, -76.990026)"
1339,Librería Mendoza 1339,librería,Lima,"POINT(-12.061646, -77.033715)"
1340,Supermercado Salazar 1340,supermercado,Los Olivos,"POINT(-11.980555, -77.073722)"
1341,Farmacia Mendoza 1341,farmacia,La Molina,"POINT(-12.068994, -76.940824)"
1342,Gasolinera Quispe 1342,gasolinera,Barranco,"POINT(-12.151406, -77.014873)"
1343,Supermercado Espinoza 1343,supermercado,Lima,"POINT(-12.041097, -77.029483)"
1344,Panadería Mendoza 1344,panadería,La Molina,"POINT(-12.078814, -76.920265)"
1345,Farmacia Espinoza 1345,farmacia,Surco,"POINT(-12.144123, -76.997582)"
1346,Restaurante Ríos 1346,restaurante,Lince,"POINT(-12.079446, -77.032944)"
1347,Panadería Paredes 1347,panadería,Los Olivos,"POINT(-11.987351, -77.065181)"
1348,Gasolinera Ramos 1348,gasolinera,Lima,"POINT(-12.055414, -77.036429)"
1349,Panadería Quispe 1349,panadería,Lince,"POINT(-12.080511, -77.030921)"
1350,Librería Paredes 1350,librería,Lima,"POINT(-12.050468, -77.026926)"
1351,Gasolinera Huamán 1351,gasolinera,San Isidro,"POINT(-12.103703, -77.027999)"
1352,Farmacia Aguilar 1352,farmacia,Surco,"POINT(-12.131178, -76.997904)"
1353,Electrónica Flores 1353,electrónica,San Borja,"POINT(-12.087514, -76.981943)"
1354,Gasolinera Ramos 1354,gasolinera,Lima,"POINT(-12.060520, -77.035429)"
1355,Electrónica Ramos 1355,electrónica,San Miguel,"POINT(-12.074079, -77.088534)"
1356,Ferretería Ramos 1356,ferretería,Los Olivos,"POINT(-11.989947, -77.078621)"
1357,Ferretería Flores 1357,ferretería,Surco,"POINT(-12.124605, -76.990401)"
1358,Ferretería Mendoza 1358,ferretería,Lince,"POINT(-12.088698, -77.030505)"
1359,Electrónica Vargas 1359,electrónica,Jesús María,"POINT(-12.076154, -77.057490)"
1360,Librería Cárdenas 1360,librería,La Molina,"POINT(-12.075636, -76.930146)"
1361,Gasolinera Quispe 1361,gasolinera,Surco,"POINT(-12.148568, -76.991170)"
1362,Panadería Rojas 1362,panadería,San Miguel,"POINT(-12.071571, -77.082149)"
1363,Gasolinera Rojas 1363,gasolinera,San Borja,"POINT(-12.098581, -76.997254)"
1364,Restaurante Rojas 1364,restaurante,La Molina,"POINT(-12.088313, -76.930591)"
1365,Restaurante Salazar 1365,restaurante,Miraflores,"POINT(-12.122571, -77.015799)"
1366,Supermercado Ramos 1366,supermercado,San Borja,"POINT(-12.109204, -76.987019)"
1367,Panadería Espinoza 1367,panadería,San Borja,"POINT(-12.110907, -76.984806)"
1368,Supermercado Aguilar 1368,supermercado,Pueblo Libre,"POINT(-12.069963, -77.070682)"
1369,Gasolinera Ponce 1369,gasolinera,Miraflores,"POINT(-12.120774, -77.019264)"
1370,Panadería Vargas 1370,panadería,Lince,"POINT(-12.079078, -77.025012)"
1371,Ferretería Flores 1371,ferretería,Miraflores,"POINT(-12.125301, -77.032968)"
1372,Ferretería Flores 1372,ferretería,La Molina,"POINT(-12.092890, -76.968427)"
1373,Gasolinera Castillo 1373,gasolinera,Surco,"POINT(-12.134014, -76.987611)"
1374,Panadería Ríos 1374,panadería,Lima,"POINT(-12.043458, -77.034880)"
1375,Farmacia Ramos 1375,farmacia,Lima,"POINT(-12.044326, -77.063387)"
1376,Electrónica Ríos 1376,electrónica,Pueblo Libre,"POINT(-12.073516, -77.071413)"
1377,Ferretería Cárdenas 1377,ferretería,La Molina,"POINT(-12.088130, -76.917351)"
1378,Supermercado Huamán 1378,supermercado,Lima,"POINT(-12.057040, -77.061236)"
1379,Ferretería Rojas 1379,ferretería,Lima,"POINT(-12.038619, -77.068039)"
1380,Farmacia Castillo 1380,farmacia,Pueblo Libre,"POINT(-12.070004, -77.069771)"
1381,Restaurante Aguilar 1381,restaurante,Surco,"POINT(-12.123351, -76.994919)"
1382,Panadería Mendoza 1382,panadería,Lima,"POINT(-12.050076, -77.063710)"
1383,Electrónica Paredes 1383,electrónica,Miraflores,"POINT(-12.117195, -77.013357)"
1384,Gasolinera Ramos 1384,gasolinera,Lima,"POINT(-12.042323, -77.019348)"
1385,Supermercado Aguilar 1385,supermercado,Lima,"POINT(-12.054579, -77.065961)"
1386,Supermercado Cárdenas 1386,supermercado,La Molina,"POINT(-12.076942, -76.948631)"
1387,Farmacia Cárdenas 1387,farmacia,San Isidro,"POINT(-12.106567, -77.018307)"
1388,Restaurante Quispe 1388,restaurante,Lima,"POINT(-12.045863, -77.042376)"
1389,Librería Flores 1389,librería,Los Olivos,"POINT(-11.980027, -77.069128)"
1390,Ferretería Cárdenas 1390,ferretería,Miraflores,"POINT(-12.119274, -77.031197)"
1391,Electrónica Mendoza 1391,electrónica,San Miguel,"POINT(-12.081660, -77.097444)"
1392,Farmacia Mendoza 1392,farmacia,Lima,"POINT(-12.049273, -77.056196)"
1393,Farmacia Mendoza 1393,farmacia,Lima,"POINT(-12.054062, -77.031475)"
1394,Supermercado Mendoza 1394,supermercado,San Borja,"POINT(-12.107829, -77.002790)"
1395,Electrónica Mendoza 1395,electrónica,San Borja,"POINT(-12.090620, -76.985581)"
1396,Panadería Rojas 1396,panadería,San Miguel,"POINT(-12.072976, -77.090206)"
1397,Supermercado Salazar 1397,supermercado,Los Olivos,"POINT(-11.988654, -77.059879)"
1398,Librería Castillo 1398,librería,San Miguel,"POINT(-12.078302, -77.085811)"
1399,Librería Rojas 1399,librería,Miraflores,"POINT(-12.126557, -77.019092)"
1400,Librería Paredes 1400,librería,Surco,"POINT(-12.145865, -76.968621)"
1401,Gasolinera Mendoza 1401,gasolinera,Jesús María,"POINT(-12.077226, -77.057057)"
1402,Gasolinera Vargas 1402,gasolinera,Pueblo Libre,"POINT(-12.081028, -77.075961)"
1403,Electrónica Ramos 1403,electrónica,Los Olivos,"POINT(-11.997296, -77.077558)"
1404,Farmacia Aguilar 1404,farmacia,San Isidro,"POINT(-12.108598, -77.051580)"
1405,Supermercado Cárdenas 1405,supermercado,Lince,"POINT(-12.078757, -77.023986)"
1406,Supermercado Vargas 1406,supermercado,Lima,"POINT(-12.048303, -77.038241)"
1407,Ferretería Cárdenas 1407,ferretería,Lima,"POINT(-12.064233, -77.081334)"
1408,Electrónica Salazar 1408,electrónica,San Miguel,"POINT(-12.081761, -77.095578)"
1409,Ferretería Cárdenas 1409,ferretería,Miraflores,"POINT(-12.135799, -77.008300)"
1410,Electrónica Ramos 1410,electrónica,Pueblo Libre,"POINT(-12.070572, -77.070092)"
1411,Farmacia Cárdenas 1411,farmacia,Surco,"POINT(-12.133223, -76.990627)"
1412,Electrónica Espinoza 1412,electrónica,Lima,"POINT(-12.031621, -77.054860)"
1413,Librería Aguilar 1413,librería,Lima,"POINT(-12.047070, -77.077200)"
1414,Panadería Ramos 1414,panadería,La Molina,"POINT(-12.070932, -76.923318)"
1415,Librería Ríos 1415,librería,Surco,"POINT(-12.118817, -76.994747)"
1416,Electrónica Huamán 1416,electrónica,Los Olivos,"POINT(-11.985726, -77.074636)"
1417,Restaurante Ramos 1417,restaurante,Los Olivos,"POINT(-11.970182, -77.075953)"
1418,Restaurante Ramos 1418,restaurante,San Isidro,"POINT(-12.107653, -77.016507)"
1419,Farmacia Quispe 1419,farmacia,San Borja,"POINT(-12.107215, -76.985893)"
1420,Librería Cárdenas 1420,librería,La Molina,"POINT(-12.097968, -76.936721)"
1421,Electrónica Paredes 1421,electrónica,San Borja,"POINT(-12.108558, -77.001720)"
1422,Gasolinera Ramos 1422,gasolinera,Miraflores,"POINT(-12.119416, -77.016977)"
1423,Restaurante Salazar 1423,restaurante,Barranco,"POINT(-12.151067, -77.009934)"
1424,Ferretería Ponce 1424,ferretería,Pueblo Libre,"POINT(-12.078043, -77.073224)"
1425,Restaurante Ramos 1425,restaurante,Lima,"POINT(-12.044461, -77.060952)"
1426,Supermercado Espinoza 1426,supermercado,Pueblo Libre,"POINT(-12.071522, -77.065510)"
1427,Restaurante Chávez 1427,restaurante,Miraflores,"POINT(-12.112946, -77.044695)"
1428,Electrónica Flores 1428,electrónica,Lima,"POINT(-12.033363, -77.051649)"
1429,Gasolinera Ponce 1429,gasolinera,San Borja,"POINT(-12.095192, -76.996925)"
1430,Restaurante Cárdenas 1430,restaurante,Miraflores,"POINT(-12.116863, -77.030088)"
1431,Electrónica Flores 1431,electrónica,San Borja,"POINT(-12.111498, -76.988756)"
1432,Panadería Vargas 1432,panadería,Lima,"POINT(-12.063447, -77.048864)"
1433,Supermercado Quispe 1433,supermercado,Surco,"POINT(-12.126605, -76.987317)"
1434,Panadería Chávez 1434,panadería,Lince,"POINT(-12.085250, -77.030281)"
1435,Ferretería Quispe 1435,ferretería,Surco,"POINT(-12.149978, -76.970221)"
1436,Farmacia Aguilar 1436,farmacia,Lima,"POINT(-12.047246, -77.029291)"
1437,Restaurante Aguilar 1437,restaurante,Lima,"POINT(-12.044827, -77.043708)"
1438,Restaurante Ríos 1438,restaurante,San Borja,"POINT(-12.092943, -76.988283)"
1439,Farmacia Castillo 1439,farmacia,Jesús María,"POINT(-12.069090, -77.046334)"
1440,Supermercado Paredes 1440,supermercado,Lince,"POINT(-12.083389, -77.024193)"
1441,Panadería Espinoza 1441,panadería,San Isidro,"POINT(-12.097891, -77.025591)"
1442,Supermercado Espinoza 1442,supermercado,San Isidro,"POINT(-12.102411, -77.047477)"
1443,Gasolinera Castillo 1443,gasolinera,La Molina,"POINT(-12.094792, -76.956733)"
1444,Electrónica Castillo 1444,electrónica,La Molina,"POINT(-12.081470, -76.935364)"
1445,Electrónica Ponce 1445,electrónica,Jesús María,"POINT(-12.076295, -77.054969)"
1446,Farmacia Espinoza 1446,farmacia,Lima,"POINT(-12.041869, -77.030813)"
1447,Panadería Espinoza 1447,panadería,Pueblo Libre,"POINT(-12.070505, -77.065816)"
1448,Restaurante Ramos 1448,restaurante,Lima,"POINT(-12.031806, -77.045995)"
1449,Farmacia Castillo 1449,farmacia,Los Olivos,"POINT(-11.994100, -77.071379)"
1450,Panadería Ríos 1450,panadería,Surco,"POINT(-12.149555, -76.992833)"
1451,Librería Salazar 1451,librería,San Isidro,"POINT(-12.106205, -77.038466)"
1452,Farmacia Salazar 1452,farmacia,Lima,"POINT(-12.060545, -77.067009)"
1453,Supermercado Salazar 1453,supermercado,La Molina,"POINT(-12.086755, -76.944726)"
1454,Restaurante Ríos 1454,restaurante,Miraflores,"POINT(-12.114737, -77.018032)"
1455,Gasolinera Paredes 1455,gasolinera,Lima,"POINT(-12.062415, -77.067824)"
1456,Librería Ramos 1456,librería,Surco,"POINT(-12.139957, -76.977361)"
1457,Supermercado Espinoza 1457,supermercado,Pueblo Libre,"POINT(-12.080986, -77.072346)"
1458,Electrónica Espinoza 1458,electrónica,Lima,"POINT(-12.053159, -77.022883)"
1459,Farmacia Cárdenas 1459,farmacia,Miraflores,"POINT(-12.129794, -77.019008)"
1460,Librería Huamán 1460,librería,San Miguel,"POINT(-12.075853, -77.096169)"
1461,Supermercado Ríos 1461,supermercado,San Borja,"POINT(-12.092476, -76.990101)"
1462,Ferretería Salazar 1462,ferretería,San Miguel,"POINT(-12.069791, -77.087981)"
1463,Restaurante Quispe 1463,restaurante,San Miguel,"POINT(-12.075281, -77.085979)"
1464,Librería Aguilar 1464,librería,San Isidro,"POINT(-12.095584, -77.053117)"
1465,Panadería Ramos 1465,panadería,Los Olivos,"POINT(-11.968672, -77.068255)"
1466,Panadería Paredes 1466,panadería,La Molina,"POINT(-12.088989, -76.966489)"
1467,Gasolinera Espinoza 1467,gasolinera,Pueblo Libre,"POINT(-12.072911, -77.067854)"
1468,Electrónica Rojas 1468,electrónica,Jesús María,"POINT(-12.073402, -77.056216)"
1469,Gasolinera Ramos 1469,gasolinera,Lima,"POINT(-12.062367, -77.082442)"
1470,Ferretería Mendoza 1470,ferretería,La Molina,"POINT(-12.076000, -76.943531)"
1471,Panadería Paredes 1471,panadería,San Miguel,"POINT(-12.072756, -77.090486)"
1472,Electrónica Castillo 1472,electrónica,Surco,"POINT(-12.150661, -76.997037)"
1473,Ferretería Quispe 1473,ferretería,Miraflores,"POINT(-12.132199, -77.015275)"
1474,Ferretería Ríos 1474,ferretería,Lima,"POINT(-12.035804, -77.078377)"
1475,Electrónica Ponce 1475,electrónica,Jesús María,"POINT(-12.069013, -77.050246)"
1476,Ferretería Ramos 1476,ferretería,Los Olivos,"POINT(-11.992250, -77.066286)"
1477,Supermercado Salazar 1477,supermercado,Barranco,"POINT(-12.156570, -77.013603)"
1478,Gasolinera Quispe 1478,gasolinera,Lince,"POINT(-12.084402, -77.030843)"
1479,Supermercado Aguilar 1479,supermercado,San Borja,"POINT(-12.103976, -77.001187)"
1480,Panadería Castillo 1480,panadería,Jesús María,"POINT(-12.087332, -77.053247)"
1481,Panadería Huamán 1481,panadería,San Isidro,"POINT(-12.102284, -77.033305)"
1482,Librería Huamán 1482,librería,Miraflores,"POINT(-12.119596, -77.039196)"
1483,Librería Salazar 1483,librería,Miraflores,"POINT(-12.122883, -77.017845)"
1484,Librería Aguilar 1484,librería,Los Olivos,"POINT(-11.970783, -77.065225)"
1485,Ferretería Flores 1485,ferretería,Surco,"POINT(-12.147925, -77.001313)"
1486,Electrónica Vargas 1486,electrónica,Lima,"POINT(-12.035739, -77.039428)"
1487,Electrónica Quispe 1487,electrónica,San Borja,"POINT(-12.104576, -76.990459)"
1488,Panadería Quispe 1488,panadería,Lince,"POINT(-12.089586, -77.032247)"
1489,Restaurante Rojas 1489,restaurante,San Isidro,"POINT(-12.107376, -77.048423)"
1490,Gasolinera Mendoza 1490,gasolinera,Surco,"POINT(-12.136885, -76.988831)"
1491,Gasolinera Huamán 1491,gasolinera,Lince,"POINT(-12.089671, -77.030312)"
1492,Ferretería Espinoza 1492,ferretería,Miraflores,"POINT(-12.115824, -77.026764)"
1493,Librería Ponce 1493,librería,Lima,"POINT(-12.045794, -77.071171)"
1494,Librería Rojas 1494,librería,Miraflores,"POINT(-12.116422, -77.038747)"
1495,Restaurante Ramos 1495,restaurante,Miraflores,"POINT(-12.119163, -77.017778)"
1496,Panadería Ponce 1496,panadería,Pueblo Libre,"POINT(-12.078992, -77.074251)"
1497,Gasolinera Aguilar 1497,gasolinera,La Molina,"POINT(-12.088486, -76.917884)"
1498,Supermercado Vargas 1498,supermercado,Jesús María,"POINT(-12.073654, -77.042232)"
1499,Gasolinera Huamán 1499,gasolinera,Lince,"POINT(-12.084071, -77.033808)"
1500,Supermercado Huamán 1500,supermercado,Lima,"POINT(-12.042243, -77.039742)"
1501,Electrónica Mendoza 1501,electrónica,San Isidro,"POINT(-12.108856, -77.034569)"
1502,Restaurante Flores 1502,restaurante,Miraflores,"POINT(-12.121394, -77.028985)"
1503,Farmacia Aguilar 1503,farmacia,Surco,"POINT(-12.150577, -76.996729)"
1504,Supermercado Ramos 1504,supermercado,Los Olivos,"POINT(-11.974950, -77.079403)"
1505,Librería Huamán 1505,librería,San Isidro,"POINT(-12.105859, -77.021150)"
1506,Ferretería Huamán 1506,ferretería,Surco,"POINT(-12.160066, -76.984525)"
1507,Farmacia Quispe 1507,farmacia,Miraflores,"POINT(-12.127515, -77.030694)"
1508,Supermercado Ponce 1508,supermercado,Los Olivos,"POINT(-11.965811, -77.068864)"
1509,Gasolinera Ponce 1509,gasolinera,Miraflores,"POINT(-12.128800, -77.011622)"
1510,Panadería Quispe 1510,panadería,Lima,"POINT(-12.064802, -77.065851)"
1511,Electrónica Huamán 1511,electrónica,Pueblo Libre,"POINT(-12.068909, -77.075429)"
1512,Farmacia Ramos 1512,farmacia,San Borja,"POINT(-12.100383, -76.992538)"
1513,Gasolinera Espinoza 1513,gasolinera,Lima,"POINT(-12.046173, -77.046887)"
1514,Panadería Rojas 1514,panadería,Miraflores,"POINT(-12.116272, -77.034503)"
1515,Ferretería Aguilar 1515,ferretería,Los Olivos,"POINT(-11.972301, -77.070102)"
1516,Librería Ríos 1516,librería,Lima,"POINT(-12.043579, -77.026009)"
1517,Gasolinera Flores 1517,gasolinera,La Molina,"POINT(-12.085274, -76.933787)"
1518,Supermercado Chávez 1518,supermercado,San Isidro,"POINT(-12.103242, -77.053665)"
1519,Electrónica Espinoza 1519,electrónica,Surco,"POINT(-12.136591, -76.983068)"
1520,Restaurante Quispe 1520,restaurante,Lima,"POINT(-12.033574, -77.052152)"
1521,Librería Flores 1521,librería,San Isidro,"POINT(-12.108487, -77.033238)"
1522,Farmacia Castillo 1522,farmacia,San Borja,"POINT(-12.093408, -76.996997)"
1523,Restaurante Castillo 1523,restaurante,Miraflores,"POINT(-12.125834, -77.018340)"
1524,Librería Mendoza 1524,librería,Jesús María,"POINT(-12.073275, -77.059781)"
1525,Gasolinera Vargas 1525,gasolinera,Lima,"POINT(-12.055348, -77.048216)"
1526,Librería Vargas 1526,librería,San Isidro,"POINT(-12.107040, -77.038499)"
1527,Farmacia Flores 1527,farmacia,Miraflores,"POINT(-12.119570, -77.023614)"
1528,Farmacia Ríos 1528,farmacia,Miraflores,"POINT(-12.113259, -77.035787)"
1529,Librería Ríos 1529,librería,San Miguel,"POINT(-12.075030, -77.102617)"
1530,Librería Ríos 1530,librería,Pueblo Libre,"POINT(-12.081951, -77.064883)"
1531,Restaurante Espinoza 1531,restaurante,Pueblo Libre,"POINT(-12.081083, -77.074691)"
1532,Supermercado Castillo 1532,supermercado,San Borja,"POINT(-12.094902, -76.991168)"
1533,Panadería Paredes 1533,panadería,Surco,"POINT(-12.134026, -76.968396)"
1534,Panadería Castillo 1534,panadería,Los Olivos,"POINT(-11.991195, -77.084391)"
1535,Gasolinera Quispe 1535,gasolinera,Surco,"POINT(-12.137070, -76.991863)"
1536,Ferretería Castillo 1536,ferretería,Pueblo Libre,"POINT(-12.077514, -77.072289)"
1537,Restaurante Rojas 1537,restaurante,Surco,"POINT(-12.123606, -76.987028)"
1538,Supermercado Rojas 1538,supermercado,Los Olivos,"POINT(-11.968391, -77.078478)"
1539,Gasolinera Castillo 1539,gasolinera,Surco,"POINT(-12.126880, -76.988688)"
1540,Farmacia Ríos 1540,farmacia,La Molina,"POINT(-12.093504, -76.929242)"
1541,Restaurante Ríos 1541,restaurante,Surco,"POINT(-12.156169, -76.976612)"
1542,Farmacia Espinoza 1542,farmacia,La Molina,"POINT(-12.102582, -76.944664)"
1543,Restaurante Huamán 1543,restaurante,Lima,"POINT(-12.054051, -77.074508)"
1544,Ferretería Ríos 1544,ferretería,Lima,"POINT(-12.048192, -77.017156)"
1545,Librería Paredes 1545,librería,Jesús María,"POINT(-12.082831, -77.058568)"
1546,Ferretería Ramos 1546,ferretería,Surco,"POINT(-12.148440, -76.966677)"
1547,Electrónica Vargas 1547,electrónica,Surco,"POINT(-12.128178, -76.997588)"
1548,Panadería Ponce 1548,panadería,Surco,"POINT(-12.123463, -76.997896)"
1549,Electrónica Chávez 1549,electrónica,Surco,"POINT(-12.139163, -76.968230)"
1550,Gasolinera Espinoza 1550,gasolinera,Los Olivos,"POINT(-11.979299, -77.065692)"
1551,Electrónica Cárdenas 1551,electrónica,San Isidro,"POINT(-12.100154, -77.053017)"
1552,Electrónica Flores 1552,electrónica,San Borja,"POINT(-12.094705, -77.000762)"
1553,Restaurante Vargas 1553,restaurante,La Molina,"POINT(-12.087267, -76.937796)"
1554,Restaurante Aguilar 1554,restaurante,Miraflores,"POINT(-12.112849, -77.028027)"
1555,Panadería Castillo 1555,panadería,Lince,"POINT(-12.078571, -77.034087)"
1556,Electrónica Espinoza 1556,electrónica,Lince,"POINT(-12.087657, -77.024610)"
1557,Supermercado Cárdenas 1557,supermercado,Los Olivos,"POINT(-11.991581, -77.076945)"
1558,Restaurante Huamán 1558,restaurante,Jesús María,"POINT(-12.070460, -77.042464)"
1559,Librería Ramos 1559,librería,Lima,"POINT(-12.038004, -77.033998)"
1560,Ferretería Quispe 1560,ferretería,San Miguel,"POINT(-12.068002, -77.084676)"
1561,Librería Cárdenas 1561,librería,La Molina,"POINT(-12.077950, -76.938022)"
1562,Panadería Vargas 1562,panadería,San Isidro,"POINT(-12.108977, -77.042873)"
1563,Electrónica Ponce 1563,electrónica,Lima,"POINT(-12.033864, -77.039368)"
1564,Farmacia Vargas 1564,farmacia,Miraflores,"POINT(-12.113725, -77.043264)"
1565,Ferretería Cárdenas 1565,ferretería,San Borja,"POINT(-12.087430, -76.982471)"
1566,Gasolinera Cárdenas 1566,gasolinera,Surco,"POINT(-12.150379, -76.969281)"
1567,Restaurante Cárdenas 1567,restaurante,Los Olivos,"POINT(-11.995769, -77.074576)"
1568,Ferretería Aguilar 1568,ferretería,San Miguel,"POINT(-12.069545, -77.103313)"
1569,Gasolinera Cárdenas 1569,gasolinera,San Borja,"POINT(-12.105644, -76.988819)"
1570,Ferretería Ponce 1570,ferretería,Miraflores,"POINT(-12.119901, -77.030061)"
1571,Restaurante Espinoza 1571,restaurante,La Molina,"POINT(-12.089166, -76.943273)"
1572,Farmacia Quispe 1572,farmacia,Jesús María,"POINT(-12.077859, -77.041788)"
1573,Panadería Castillo 1573,panadería,San Miguel,"POINT(-12.072184, -77.089234)"
1574,Librería Castillo 1574,librería,San Isidro,"POINT(-12.095771, -77.045722)"
1575,Panadería Castillo 1575,panadería,San Borja,"POINT(-12.089786, -76.991343)"
1576,Ferretería Aguilar 1576,ferretería,Surco,"POINT(-12.164504, -76.986251)"
1577,Restaurante Castillo 1577,restaurante,La Molina,"POINT(-12.099388, -76.954520)"
1578,Gasolinera Aguilar 1578,gasolinera,Surco,"POINT(-12.141665, -77.001250)"
1579,Farmacia Castillo 1579,farmacia,Miraflores,"POINT(-12.112525, -77.029888)"
1580,Panadería Espinoza 1580,panadería,Los Olivos,"POINT(-11.997112, -77.081361)"
1581,Electrónica Aguilar 1581,electrónica,San Isidro,"POINT(-12.102971, -77.051649)"
1582,Librería Rojas 1582,librería,Lince,"POINT(-12.086520, -77.034927)"
1583,Gasolinera Ramos 1583,gasolinera,San Borja,"POINT(-12.105788, -76.994252)"
1584,Ferretería Espinoza 1584,ferretería,Miraflores,"POINT(-12.120022, -77.032832)"
1585,Restaurante Ramos 1585,restaurante,San Miguel,"POINT(-12.072981, -77.087243)"
1586,Librería Rojas 1586,librería,Surco,"POINT(-12.127184, -77.001135)"
1587,Librería Castillo 1587,librería,La Molina,"POINT(-12.074218, -76.965654)"
1588,Farmacia Salazar 1588,farmacia,Lince,"POINT(-12.091101, -77.031106)"
1589,Farmacia Chávez 1589,farmacia,Surco,"POINT(-12.158501, -76.993223)"
1590,Restaurante Flores 1590,restaurante,Lince,"POINT(-12.080523, -77.027561)"
1591,Panadería Cárdenas 1591,panadería,Miraflores,"POINT(-12.126172, -77.019264)"
1592,Restaurante Flores 1592,restaurante,Miraflores,"POINT(-12.118659, -77.021446)"
1593,Restaurante Flores 1593,restaurante,Los Olivos,"POINT(-11.969576, -77.077014)"
1594,Panadería Cárdenas 1594,panadería,Barranco,"POINT(-12.151320, -77.018987)"
1595,Ferretería Mendoza 1595,ferretería,Barranco,"POINT(-12.140294, -77.021803)"
1596,Restaurante Aguilar 1596,restaurante,La Molina,"POINT(-12.071511, -76.948635)"
1597,Electrónica Rojas 1597,electrónica,Pueblo Libre,"POINT(-12.084458, -77.065373)"
1598,Restaurante Flores 1598,restaurante,La Molina,"POINT(-12.081395, -76.930293)"
1599,Supermercado Quispe 1599,supermercado,Jesús María,"POINT(-12.076569, -77.047345)"
1600,Restaurante Aguilar 1600,restaurante,Pueblo Libre,"POINT(-12.080984, -77.073073)"
1601,Librería Aguilar 1601,librería,San Isidro,"POINT(-12.098615, -77.018716)"
1602,Librería Rojas 1602,librería,Pueblo Libre,"POINT(-12.084903, -77.075005)"
1603,Electrónica Castillo 1603,electrónica,Lince,"POINT(-12.087757, -77.032664)"
1604,Gasolinera Flores 1604,gasolinera,Los Olivos,"POINT(-11.979892, -77.076326)"
1605,Librería Paredes 1605,librería,Lima,"POINT(-12.045579, -77.054868)"
1606,Electrónica Vargas 1606,electrónica,San Isidro,"POINT(-12.100080, -77.019322)"
1607,Gasolinera Mendoza 1607,gasolinera,San Borja,"POINT(-12.106955, -76.993964)"
1608,Gasolinera Vargas 1608,gasolinera,San Miguel,"POINT(-12.074528, -77.088773)"
1609,Supermercado Chávez 1609,supermercado,Barranco,"POINT(-12.146745, -77.017102)"
1610,Electrónica Ríos 1610,electrónica,Lima,"POINT(-12.059184, -77.019190)"
1611,Restaurante Vargas 1611,restaurante,La Molina,"POINT(-12.088553, -76.929347)"
1612,Restaurante Ponce 1612,restaurante,Barranco,"POINT(-12.142052, -77.018364)"
1613,Electrónica Cárdenas 1613,electrónica,Lima,"POINT(-12.040878, -77.028909)"
1614,Restaurante Aguilar 1614,restaurante,San Isidro,"POINT(-12.100478, -77.042390)"
1615,Ferretería Espinoza 1615,ferretería,Surco,"POINT(-12.159299, -76.979952)"
1616,Farmacia Huamán 1616,farmacia,San Borja,"POINT(-12.106479, -76.985096)"
1617,Electrónica Rojas 1617,electrónica,Surco,"POINT(-12.125959, -77.000425)"
1618,Electrónica Paredes 1618,electrónica,La Molina,"POINT(-12.077887, -76.930034)"
1619,Librería Castillo 1619,librería,Pueblo Libre,"POINT(-12.083817, -77.068753)"
1620,Restaurante Salazar 1620,restaurante,Lima,"POINT(-12.043124, -77.039540)"
1621,Restaurante Vargas 1621,restaurante,Los Olivos,"POINT(-11.976098, -77.071085)"
1622,Farmacia Chávez 1622,farmacia,Los Olivos,"POINT(-11.972956, -77.071090)"
1623,Supermercado Vargas 1623,supermercado,Lima,"POINT(-12.034746, -77.043704)"
1624,Gasolinera Mendoza 1624,gasolinera,La Molina,"POINT(-12.096625, -76.947418)"
1625,Electrónica Quispe 1625,electrónica,La Molina,"POINT(-12.098726, -76.935664)"
1626,Farmacia Quispe 1626,farmacia,Los Olivos,"POINT(-11.999639, -77.082580)"
1627,Librería Espinoza 1627,librería,Lima,"POINT(-12.046116, -77.049291)"
1628,Panadería Chávez 1628,panadería,Lima,"POINT(-12.034045, -77.056179)"
1629,Panadería Ponce 1629,panadería,San Isidro,"POINT(-12.107892, -77.016420)"
1630,Panadería Espinoza 1630,panadería,Los Olivos,"POINT(-11.982215, -77.059034)"
1631,Panadería Vargas 1631,panadería,San Miguel,"POINT(-12.079463, -77.081056)"
1632,Farmacia Ramos 1632,farmacia,Pueblo Libre,"POINT(-12.082178, -77.067075)"
1633,Ferretería Flores 1633,ferretería,Barranco,"POINT(-12.157131, -77.012803)"
1634,Librería Paredes 1634,librería,Lima,"POINT(-12.040332, -77.057405)"
1635,Restaurante Aguilar 1635,restaurante,Surco,"POINT(-12.162135, -76.982700)"
1636,Restaurante Espinoza 1636,restaurante,Lima,"POINT(-12.039640, -77.039083)"
1637,Ferretería Huamán 1637,ferretería,San Miguel,"POINT(-12.079283, -77.081475)"
1638,Ferretería Huamán 1638,ferretería,Jesús María,"POINT(-12.074857, -77.043659)"
1639,Electrónica Chávez 1639,electrónica,La Molina,"POINT(-12.091049, -76.948918)"
1640,Supermercado Cárdenas 1640,supermercado,Jesús María,"POINT(-12.084127, -77.058855)"
1641,Supermercado Espinoza 1641,supermercado,Los Olivos,"POINT(-11.979588, -77.069164)"
1642,Ferretería Chávez 1642,ferretería,Jesús María,"POINT(-12.085526, -77.041736)"
1643,Gasolinera Aguilar 1643,gasolinera,Surco,"POINT(-12.146395, -76.986140)"
1644,Restaurante Mendoza 1644,restaurante,Miraflores,"POINT(-12.120576, -77.011698)"
1645,Restaurante Ríos 1645,restaurante,Jesús María,"POINT(-12.086201, -77.049680)"
1646,Panadería Mendoza 1646,panadería,Lima,"POINT(-12.059271, -77.034772)"
1647,Electrónica Castillo 1647,electrónica,La Molina,"POINT(-12.075289, -76.923021)"
1648,Farmacia Castillo 1648,farmacia,San Borja,"POINT(-12.097507, -76.994521)"
1649,Farmacia Castillo 1649,farmacia,Barranco,"POINT(-12.138577, -77.008528)"
1650,Supermercado Chávez 1650,supermercado,La Molina,"POINT(-12.088846, -76.921205)"
1651,Ferretería Castillo 1651,ferretería,San Isidro,"POINT(-12.106673, -77.024348)"
1652,Restaurante Paredes 1652,restaurante,San Miguel,"POINT(-12.072406, -77.102029)"
1653,Gasolinera Ramos 1653,gasolinera,La Molina,"POINT(-12.076899, -76.948269)"
1654,Electrónica Espinoza 1654,electrónica,San Miguel,"POINT(-12.080045, -77.092439)"
1655,Electrónica Paredes 1655,electrónica,Lima,"POINT(-12.038084, -77.053947)"
1656,Supermercado Chávez 1656,supermercado,La Molina,"POINT(-12.083584, -76.935241)"
1657,Farmacia Ponce 1657,farmacia,San Miguel,"POINT(-12.071240, -77.092215)"
1658,Farmacia Rojas 1658,farmacia,Pueblo Libre,"POINT(-12.074025, -77.072392)"
1659,Ferretería Cárdenas 1659,ferretería,Jesús María,"POINT(-12.078667, -77.057451)"
1660,Farmacia Quispe 1660,farmacia,Surco,"POINT(-12.120419, -76.974410)"
1661,Ferretería Flores 1661,ferretería,Surco,"POINT(-12.133768, -76.988170)"
1662,Electrónica Ramos 1662,electrónica,San Isidro,"POINT(-12.099556, -77.049987)"
1663,Librería Salazar 1663,librería,Miraflores,"POINT(-12.112790, -77.028634)"
1664,Supermercado Rojas 1664,supermercado,San Isidro,"POINT(-12.098226, -77.056116)"
1665,Librería Ponce 1665,librería,Pueblo Libre,"POINT(-12.070147, -77.067334)"
1666,Supermercado Cárdenas 1666,supermercado,Lince,"POINT(-12.078710, -77.028361)"
1667,Restaurante Mendoza 1667,restaurante,La Molina,"POINT(-12.070897, -76.924297)"
1668,Restaurante Vargas 1668,restaurante,Surco,"POINT(-12.157786, -76.999119)"
1669,Farmacia Salazar 1669,farmacia,La Molina,"POINT(-12.067881, -76.935251)"
1670,Farmacia Rojas 1670,farmacia,Pueblo Libre,"POINT(-12.070937, -77.074129)"
1671,Supermercado Aguilar 1671,supermercado,San Miguel,"POINT(-12.076918, -77.080251)"
1672,Ferretería Paredes 1672,ferretería,Lima,"POINT(-12.062767, -77.033716)"
1673,Farmacia Flores 1673,farmacia,Miraflores,"POINT(-12.119923, -77.020732)"
1674,Ferretería Aguilar 1674,ferretería,Barranco,"POINT(-12.146397, -77.019569)"
1675,Electrónica Flores 1675,electrónica,Lima,"POINT(-12.040630, -77.031621)"
1676,Farmacia Ramos 1676,farmacia,La Molina,"POINT(-12.084492, -76.943083)"
1677,Librería Chávez 1677,librería,Los Olivos,"POINT(-11.964452, -77.068020)"
1678,Librería Paredes 1678,librería,San Isidro,"POINT(-12.100094, -77.019058)"
1679,Ferretería Rojas 1679,ferretería,San Isidro,"POINT(-12.105671, -77.031013)"
1680,Supermercado Mendoza 1680,supermercado,San Isidro,"POINT(-12.104905, -77.040118)"
1681,Gasolinera Mendoza 1681,gasolinera,San Miguel,"POINT(-12.076757, -77.099539)"
1682,Ferretería Cárdenas 1682,ferretería,Lima,"POINT(-12.039123, -77.071231)"
1683,Ferretería Mendoza 1683,ferretería,Los Olivos,"POINT(-11.990909, -77.066976)"
1684,Supermercado Rojas 1684,supermercado,Lima,"POINT(-12.047834, -77.041841)"
1685,Librería Quispe 1685,librería,Barranco,"POINT(-12.143413, -77.015108)"
1686,Farmacia Chávez 1686,farmacia,San Isidro,"POINT(-12.108060, -77.036989)"
1687,Restaurante Vargas 1687,restaurante,Lima,"POINT(-12.053513, -77.058105)"
1688,Librería Paredes 1688,librería,Los Olivos,"POINT(-11.977227, -77.069759)"
1689,Ferretería Castillo 1689,ferretería,San Borja,"POINT(-12.094425, -76.997541)"
1690,Panadería Flores 1690,panadería,Lima,"POINT(-12.061257, -77.083791)"
1691,Supermercado Mendoza 1691,supermercado,La Molina,"POINT(-12.069278, -76.930662)"
1692,Farmacia Espinoza 1692,farmacia,Jesús María,"POINT(-12.067014, -77.055761)"
1693,Restaurante Ponce 1693,restaurante,Lima,"POINT(-12.038296, -77.068058)"
1694,Panadería Castillo 1694,panadería,Pueblo Libre,"POINT(-12.073746, -77.065795)"
1695,Restaurante Paredes 1695,restaurante,Lince,"POINT(-12.089761, -77.030352)"
1696,Ferretería Huamán 1696,ferretería,San Miguel,"POINT(-12.079182, -77.099016)"
1697,Panadería Quispe 1697,panadería,San Borja,"POINT(-12.110345, -77.005123)"
1698,Supermercado Quispe 1698,supermercado,San Borja,"POINT(-12.089772, -76.984619)"
1699,Panadería Aguilar 1699,panadería,Lima,"POINT(-12.041601, -77.060375)"
1700,Panadería Ramos 1700,panadería,Lima,"POINT(-12.054807, -77.082698)"
1701,Electrónica Flores 1701,electrónica,Pueblo Libre,"POINT(-12.073413, -77.065042)"
1702,Ferretería Quispe 1702,ferretería,San Isidro,"POINT(-12.103381, -77.026714)"
1703,Panadería Ponce 1703,panadería,Los Olivos,"POINT(-11.995876, -77.078712)"
1704,Librería Flores 1704,librería,San Borja,"POINT(-12.096836, -76.996184)"
1705,Panadería Paredes 1705,panadería,Los Olivos,"POINT(-11.990616, -77.077883)"
1706,Ferretería Salazar 1706,ferretería,San Borja,"POINT(-12.109608, -77.005388)"
1707,Restaurante Ponce 1707,restaurante,Surco,"POINT(-12.144678, -76.993256)"
1708,Gasolinera Paredes 1708,gasolinera,San Isidro,"POINT(-12.103628, -77.042750)"
1709,Supermercado Salazar 1709,supermercado,Pueblo Libre,"POINT(-12.078139, -77.069311)"
1710,Panadería Mendoza 1710,panadería,San Borja,"POINT(-12.090080, -76.986557)"
1711,Librería Ramos 1711,librería,Barranco,"POINT(-12.143872, -77.015534)"
1712,Electrónica Rojas 1712,electrónica,Lima,"POINT(-12.055920, -77.050869)"
1713,Farmacia Rojas 1713,farmacia,Lima,"POINT(-12.049998, -77.025929)"
1714,Panadería Aguilar 1714,panadería,Jesús María,"POINT(-12.072421, -77.055033)"
1715,Panadería Ríos 1715,panadería,San Isidro,"POINT(-12.101555, -77.057158)"
1716,Ferretería Quispe 1716,ferretería,Pueblo Libre,"POINT(-12.077011, -77.072325)"
1717,Panadería Castillo 1717,panadería,Los Olivos,"POINT(-12.000141, -77.072479)"
1718,Electrónica Espinoza 1718,electrónica,Miraflores,"POINT(-12.126893, -77.016048)"
1719,Panadería Huamán 1719,panadería,Lima,"POINT(-12.035023, -77.033732)"
1720,Supermercado Vargas 1720,supermercado,Jesús María,"POINT(-12.079706, -77.051120)"
1721,Panadería Ramos 1721,panadería,Surco,"POINT(-12.126647, -76.985166)"
1722,Farmacia Huamán 1722,farmacia,San Borja,"POINT(-12.107400, -76.984934)"
1723,Librería Salazar 1723,librería,San Isidro,"POINT(-12.107298, -77.017126)"
1724,Panadería Rojas 1724,panadería,San Isidro,"POINT(-12.108268, -77.027007)"
1725,Restaurante Rojas 1725,restaurante,Lima,"POINT(-12.045142, -77.081821)"
1726,Gasolinera Salazar 1726,gasolinera,Lima,"POINT(-12.051163, -77.029567)"
1727,Ferretería Castillo 1727,ferretería,San Isidro,"POINT(-12.105491, -77.036453)"
1728,Gasolinera Ponce 1728,gasolinera,San Miguel,"POINT(-12.077707, -77.081667)"
1729,Restaurante Quispe 1729,restaurante,San Borja,"POINT(-12.104380, -76.981678)"
1730,Ferretería Salazar 1730,ferretería,Surco,"POINT(-12.123417, -77.002180)"
1731,Restaurante Salazar 1731,restaurante,Los Olivos,"POINT(-11.994939, -77.075637)"
1732,Farmacia Ramos 1732,farmacia,Miraflores,"POINT(-12.134761, -77.022042)"
1733,Gasolinera Huamán 1733,gasolinera,San Miguel,"POINT(-12.079439, -77.080217)"
1734,Librería Aguilar 1734,librería,San Isidro,"POINT(-12.095693, -77.021367)"
1735,Panadería Ponce 1735,panadería,Lima,"POINT(-12.042234, -77.060839)"
1736,Supermercado Vargas 1736,supermercado,Lima,"POINT(-12.051144, -77.036283)"
1737,Supermercado Mendoza 1737,supermercado,San Isidro,"POINT(-12.106895, -77.034520)"
1738,Supermercado Chávez 1738,supermercado,Lince,"POINT(-12.080963, -77.029193)"
1739,Gasolinera Rojas 1739,gasolinera,Pueblo Libre,"POINT(-12.084626, -77.069719)"
1740,Supermercado Mendoza 1740,supermercado,Barranco,"POINT(-12.139685, -77.013576)"
1741,Panadería Salazar 1741,panadería,San Isidro,"POINT(-12.097946, -77.041866)"
1742,Panadería Aguilar 1742,panadería,San Borja,"POINT(-12.101340, -76.982296)"
1743,Librería Ríos 1743,librería,La Molina,"POINT(-12.085448, -76.924088)"
1744,Gasolinera Aguilar 1744,gasolinera,Surco,"POINT(-12.139497, -76.983252)"
1745,Panadería Salazar 1745,panadería,Pueblo Libre,"POINT(-12.075839, -77.065923)"
1746,Panadería Rojas 1746,panadería,San Borja,"POINT(-12.089591, -76.993139)"
1747,Panadería Aguilar 1747,panadería,San Miguel,"POINT(-12.071882, -77.103872)"
1748,Farmacia Cárdenas 1748,farmacia,Miraflores,"POINT(-12.112566, -77.045167)"
1749,Supermercado Paredes 1749,supermercado,San Miguel,"POINT(-12.074047, -77.082329)"
1750,Farmacia Aguilar 1750,farmacia,La Molina,"POINT(-12.101051, -76.962703)"
1751,Gasolinera Vargas 1751,gasolinera,Surco,"POINT(-12.126426, -76.982447)"
1752,Supermercado Ríos 1752,supermercado,San Borja,"POINT(-12.088133, -76.994924)"
1753,Ferretería Mendoza 1753,ferretería,Lima,"POINT(-12.054048, -77.057097)"
1754,Restaurante Huamán 1754,restaurante,La Molina,"POINT(-12.095546, -76.950760)"
1755,Gasolinera Paredes 1755,gasolinera,Lima,"POINT(-12.042088, -77.083502)"
1756,Librería Chávez 1756,librería,Lima,"POINT(-12.035027, -77.044690)"
1757,Ferretería Paredes 1757,ferretería,San Borja,"POINT(-12.097498, -76.988327)"
1758,Librería Castillo 1758,librería,Surco,"POINT(-12.139853, -76.998216)"
1759,Librería Flores 1759,librería,Lima,"POINT(-12.047757, -77.064590)"
1760,Gasolinera Rojas 1760,gasolinera,Surco,"POINT(-12.126855, -76.968973)"
1761,Panadería Paredes 1761,panadería,Lince,"POINT(-12.086692, -77.025669)"
1762,Restaurante Cárdenas 1762,restaurante,Jesús María,"POINT(-12.082563, -77.043427)"
1763,Supermercado Huamán 1763,supermercado,Pueblo Libre,"POINT(-12.071292, -77.073766)"
1764,Gasolinera Ponce 1764,gasolinera,Surco,"POINT(-12.127810, -76.976959)"
1765,Gasolinera Rojas 1765,gasolinera,Barranco,"POINT(-12.153906, -77.019465)"
1766,Gasolinera Ponce 1766,gasolinera,Surco,"POINT(-12.133837, -77.003001)"
1767,Librería Chávez 1767,librería,San Borja,"POINT(-12.096480, -77.003157)"
1768,Restaurante Chávez 1768,restaurante,Miraflores,"POINT(-12.123553, -77.035307)"
1769,Panadería Cárdenas 1769,panadería,Lima,"POINT(-12.047302, -77.084014)"
1770,Gasolinera Espinoza 1770,gasolinera,San Isidro,"POINT(-12.106920, -77.026923)"
1771,Restaurante Flores 1771,restaurante,Miraflores,"POINT(-12.117079, -77.040496)"
1772,Gasolinera Vargas 1772,gasolinera,Los Olivos,"POINT(-12.002116, -77.066936)"
1773,Farmacia Mendoza 1773,farmacia,Lima,"POINT(-12.049952, -77.034546)"
1774,Librería Quispe 1774,librería,Lince,"POINT(-12.081404, -77.031314)"
1775,Panadería Flores 1775,panadería,Lince,"POINT(-12.083065, -77.035225)"
1776,Supermercado Paredes 1776,supermercado,San Isidro,"POINT(-12.107673, -77.043072)"
1777,Gasolinera Cárdenas 1777,gasolinera,Lince,"POINT(-12.081892, -77.028584)"
1778,Panadería Mendoza 1778,panadería,Miraflores,"POINT(-12.125925, -77.018516)"
1779,Panadería Mendoza 1779,panadería,Los Olivos,"POINT(-11.967498, -77.063219)"
1780,Librería Quispe 1780,librería,San Borja,"POINT(-12.100990, -77.004066)"
1781,Gasolinera Ríos 1781,gasolinera,Miraflores,"POINT(-12.123613, -77.028112)"
1782,Farmacia Salazar 1782,farmacia,Lima,"POINT(-12.056926, -77.063753)"
1783,Supermercado Mendoza 1783,supermercado,Miraflores,"POINT(-12.127010, -77.013391)"
1784,Farmacia Flores 1784,farmacia,Lince,"POINT(-12.081373, -77.022664)"
1785,Electrónica Flores 1785,electrónica,San Isidro,"POINT(-12.104411, -77.053863)"
1786,Farmacia Cárdenas 1786,farmacia,Lima,"POINT(-12.040909, -77.056793)"
1787,Restaurante Ríos 1787,restaurante,Miraflores,"POINT(-12.120822, -77.035947)"
1788,Supermercado Paredes 1788,supermercado,Lima,"POINT(-12.062073, -77.064243)"
1789,Panadería Castillo 1789,panadería,Pueblo Libre,"POINT(-12.074716, -77.065727)"
1790,Ferretería Rojas 1790,ferretería,Surco,"POINT(-12.123201, -76.991469)"
1791,Panadería Mendoza 1791,panadería,Lima,"POINT(-12.049961, -77.056616)"
1792,Farmacia Cárdenas 1792,farmacia,Lima,"POINT(-12.038606, -77.023678)"
1793,Ferretería Vargas 1793,ferretería,Lince,"POINT(-12.092308, -77.029290)"
1794,Panadería Paredes 1794,panadería,Jesús María,"POINT(-12.075599, -77.057085)"
1795,Librería Huamán 1795,librería,La Molina,"POINT(-12.095870, -76.926478)"
1796,Farmacia Quispe 1796,farmacia,Lince,"POINT(-12.080109, -77.036948)"
1797,Librería Flores 1797,librería,San Borja,"POINT(-12.100372, -76.999423)"
1798,Gasolinera Flores 1798,gasolinera,Barranco,"POINT(-12.150523, -77.010645)"
1799,Supermercado Huamán 1799,supermercado,San Borja,"POINT(-12.095231, -76.991430)"
1800,Farmacia Ríos 1800,farmacia,Los Olivos,"POINT(-11.961142, -77.062937)"
1801,Librería Rojas 1801,librería,La Molina,"POINT(-12.090764, -76.932856)"
1802,Farmacia Castillo 1802,farmacia,Lima,"POINT(-12.052151, -77.051725)"
1803,Electrónica Mendoza 1803,electrónica,Miraflores,"POINT(-12.115101, -77.026638)"
1804,Electrónica Mendoza 1804,electrónica,Surco,"POINT(-12.128109, -76.981048)"
1805,Librería Castillo 1805,librería,Lince,"POINT(-12.083348, -77.027392)"
1806,Supermercado Rojas 1806,supermercado,Los Olivos,"POINT(-11.985869, -77.059637)"
1807,Librería Espinoza 1807,librería,Jesús María,"POINT(-12.088380, -77.054787)"
1808,Librería Espinoza 1808,librería,San Isidro,"POINT(-12.105271, -77.020008)"
1809,Gasolinera Vargas 1809,gasolinera,Jesús María,"POINT(-12.085154, -77.043345)"
1810,Electrónica Chávez 1810,electrónica,Miraflores,"POINT(-12.132869, -77.025192)"
1811,Farmacia Aguilar 1811,farmacia,Los Olivos,"POINT(-11.990000, -77.072767)"
1812,Librería Ríos 1812,librería,Barranco,"POINT(-12.148142, -77.010998)"
1813,Panadería Huamán 1813,panadería,Surco,"POINT(-12.145081, -77.002838)"
1814,Farmacia Quispe 1814,farmacia,Lima,"POINT(-12.051767, -77.033223)"
1815,Restaurante Chávez 1815,restaurante,Los Olivos,"POINT(-11.994138, -77.061893)"
1816,Ferretería Castillo 1816,ferretería,Los Olivos,"POINT(-11.993614, -77.068642)"
1817,Farmacia Mendoza 1817,farmacia,Los Olivos,"POINT(-11.978857, -77.070089)"
1818,Restaurante Aguilar 1818,restaurante,Surco,"POINT(-12.145607, -76.997273)"
1819,Ferretería Aguilar 1819,ferretería,Lince,"POINT(-12.080924, -77.033011)"
1820,Supermercado Cárdenas 1820,supermercado,San Borja,"POINT(-12.104588, -76.995201)"
1821,Restaurante Cárdenas 1821,restaurante,San Borja,"POINT(-12.094157, -76.997001)"
1822,Farmacia Ponce 1822,farmacia,Lima,"POINT(-12.055340, -77.058651)"
1823,Librería Salazar 1823,librería,Lima,"POINT(-12.035701, -77.028545)"
1824,Gasolinera Espinoza 1824,gasolinera,Lima,"POINT(-12.035128, -77.066676)"
1825,Restaurante Ramos 1825,restaurante,San Isidro,"POINT(-12.108635, -77.045389)"
1826,Supermercado Rojas 1826,supermercado,Los Olivos,"POINT(-11.971929, -77.061841)"
1827,Farmacia Ríos 1827,farmacia,Barranco,"POINT(-12.146137, -77.011848)"
1828,Gasolinera Flores 1828,gasolinera,Lima,"POINT(-12.034464, -77.041820)"
1829,Panadería Chávez 1829,panadería,Miraflores,"POINT(-12.130383, -77.019364)"
1830,Ferretería Mendoza 1830,ferretería,Lince,"POINT(-12.090392, -77.027147)"
1831,Gasolinera Flores 1831,gasolinera,Pueblo Libre,"POINT(-12.080640, -77.074382)"
1832,Ferretería Salazar 1832,ferretería,Los Olivos,"POINT(-11.976174, -77.073629)"
1833,Supermercado Mendoza 1833,supermercado,Miraflores,"POINT(-12.130350, -77.024509)"
1834,Ferretería Rojas 1834,ferretería,San Miguel,"POINT(-12.075895, -77.081964)"
1835,Ferretería Paredes 1835,ferretería,Los Olivos,"POINT(-11.989886, -77.083718)"
1836,Librería Ponce 1836,librería,Lima,"POINT(-12.053080, -77.056869)"
1837,Gasolinera Castillo 1837,gasolinera,Miraflores,"POINT(-12.117704, -77.023416)"
1838,Electrónica Aguilar 1838,electrónica,San Borja,"POINT(-12.095147, -76.983461)"
1839,Gasolinera Chávez 1839,gasolinera,La Molina,"POINT(-12.079088, -76.961918)"
1840,Ferretería Vargas 1840,ferretería,Lima,"POINT(-12.048241, -77.047805)"
1841,Restaurante Cárdenas 1841,restaurante,La Molina,"POINT(-12.071390, -76.966422)"
1842,Gasolinera Espinoza 1842,gasolinera,San Borja,"POINT(-12.088034, -76.983996)"
1843,Electrónica Quispe 1843,electrónica,La Molina,"POINT(-12.081731, -76.938667)"
1844,Restaurante Mendoza 1844,restaurante,Jesús María,"POINT(-12.073710, -77.041104)"
1845,Farmacia Ponce 1845,farmacia,San Miguel,"POINT(-12.070030, -77.096166)"
1846,Ferretería Espinoza 1846,ferretería,Miraflores,"POINT(-12.120940, -77.010022)"
1847,Farmacia Paredes 1847,farmacia,Jesús María,"POINT(-12.078345, -77.045195)"
1848,Gasolinera Espinoza 1848,gasolinera,Jesús María,"POINT(-12.081795, -77.053255)"
1849,Farmacia Espinoza 1849,farmacia,Los Olivos,"POINT(-12.001259, -77.077900)"
1850,Restaurante Quispe 1850,restaurante,Lince,"POINT(-12.083039, -77.026611)"
1851,Ferretería Rojas 1851,ferretería,Jesús María,"POINT(-12.088958, -77.048588)"
1852,Panadería Vargas 1852,panadería,Surco,"POINT(-12.155402, -76.980348)"
1853,Electrónica Espinoza 1853,electrónica,San Miguel,"POINT(-12.078445, -77.099788)"
1854,Panadería Huamán 1854,panadería,San Borja,"POINT(-12.087718, -76.987564)"
1855,Supermercado Mendoza 1855,supermercado,Lima,"POINT(-12.036840, -77.055036)"
1856,Electrónica Cárdenas 1856,electrónica,Barranco,"POINT(-12.145249, -77.008441)"
1857,Librería Ríos 1857,librería,Lince,"POINT(-12.085884, -77.037537)"
1858,Panadería Espinoza 1858,panadería,Miraflores,"POINT(-12.126174, -77.033485)"
1859,Librería Ramos 1859,librería,Surco,"POINT(-12.156897, -76.975165)"
1860,Panadería Ponce 1860,panadería,Lima,"POINT(-12.042690, -77.026444)"
1861,Supermercado Flores 1861,supermercado,Lima,"POINT(-12.037325, -77.068876)"
1862,Gasolinera Cárdenas 1862,gasolinera,Lima,"POINT(-12.061789, -77.027933)"
1863,Electrónica Flores 1863,electrónica,Lima,"POINT(-12.051165, -77.038958)"
1864,Panadería Ponce 1864,panadería,Surco,"POINT(-12.144035, -76.984796)"
1865,Restaurante Mendoza 1865,restaurante,Lima,"POINT(-12.051880, -77.078382)"
1866,Farmacia Quispe 1866,farmacia,San Isidro,"POINT(-12.104911, -77.028411)"
1867,Librería Salazar 1867,librería,Miraflores,"POINT(-12.113026, -77.013969)"
1868,Electrónica Paredes 1868,electrónica,San Borja,"POINT(-12.113205, -77.002309)"
1869,Ferretería Flores 1869,ferretería,San Borja,"POINT(-12.109849, -76.981491)"
1870,Panadería Rojas 1870,panadería,Miraflores,"POINT(-12.133431, -77.021146)"
1871,Supermercado Huamán 1871,supermercado,La Molina,"POINT(-12.084090, -76.938838)"
1872,Farmacia Rojas 1872,farmacia,Surco,"POINT(-12.125883, -76.984376)"
1873,Ferretería Ponce 1873,ferretería,Los Olivos,"POINT(-11.987782, -77.078526)"
1874,Gasolinera Salazar 1874,gasolinera,San Borja,"POINT(-12.100842, -76.990421)"
1875,Panadería Vargas 1875,panadería,San Isidro,"POINT(-12.098711, -77.021222)"
1876,Librería Quispe 1876,librería,San Isidro,"POINT(-12.096666, -77.047186)"
1877,Farmacia Salazar 1877,farmacia,Lince,"POINT(-12.091742, -77.024847)"
1878,Restaurante Espinoza 1878,restaurante,Miraflores,"POINT(-12.114676, -77.032341)"
1879,Electrónica Flores 1879,electrónica,Miraflores,"POINT(-12.119340, -77.030403)"
1880,Panadería Aguilar 1880,panadería,La Molina,"POINT(-12.090104, -76.948959)"
1881,Panadería Ramos 1881,panadería,Lima,"POINT(-12.044012, -77.045704)"
1882,Gasolinera Mendoza 1882,gasolinera,Surco,"POINT(-12.129876, -76.993511)"
1883,Electrónica Paredes 1883,electrónica,Miraflores,"POINT(-12.121617, -77.015992)"
1884,Gasolinera Paredes 1884,gasolinera,Surco,"POINT(-12.147583, -76.995185)"
1885,Electrónica Espinoza 1885,electrónica,Surco,"POINT(-12.150915, -77.003165)"
1886,Restaurante Chávez 1886,restaurante,Pueblo Libre,"POINT(-12.082430, -77.067172)"
1887,Farmacia Mendoza 1887,farmacia,San Borja,"POINT(-12.106118, -76.992801)"
1888,Supermercado Rojas 1888,supermercado,Los Olivos,"POINT(-11.989607, -77.059736)"
1889,Farmacia Quispe 1889,farmacia,Surco,"POINT(-12.125042, -76.989234)"
1890,Farmacia Rojas 1890,farmacia,La Molina,"POINT(-12.087743, -76.924933)"
1891,Gasolinera Paredes 1891,gasolinera,Miraflores,"POINT(-12.130257, -77.019494)"
1892,Supermercado Castillo 1892,supermercado,Lima,"POINT(-12.056557, -77.072056)"
1893,Restaurante Huamán 1893,restaurante,Los Olivos,"POINT(-11.960769, -77.078531)"
1894,Supermercado Vargas 1894,supermercado,San Borja,"POINT(-12.097746, -76.986347)"
1895,Panadería Huamán 1895,panadería,Lince,"POINT(-12.085491, -77.028781)"
1896,Supermercado Vargas 1896,supermercado,Lince,"POINT(-12.083803, -77.027956)"
1897,Ferretería Salazar 1897,ferretería,Jesús María,"POINT(-12.070659, -77.050383)"
1898,Farmacia Chávez 1898,farmacia,Los Olivos,"POINT(-11.998964, -77.073578)"
1899,Farmacia Rojas 1899,farmacia,Lima,"POINT(-12.041605, -77.082387)"
1900,Librería Salazar 1900,librería,La Molina,"POINT(-12.091455, -76.924561)"
1901,Farmacia Salazar 1901,farmacia,Miraflores,"POINT(-12.120247, -77.025009)"
1902,Farmacia Flores 1902,farmacia,Los Olivos,"POINT(-11.963236, -77.066558)"
1903,Restaurante Flores 1903,restaurante,Surco,"POINT(-12.140628, -76.994441)"
1904,Librería Chávez 1904,librería,San Isidro,"POINT(-12.106869, -77.034020)"
1905,Supermercado Huamán 1905,supermercado,Surco,"POINT(-12.139040, -76.996893)"
1906,Farmacia Cárdenas 1906,farmacia,Pueblo Libre,"POINT(-12.078886, -77.068798)"
1907,Gasolinera Espinoza 1907,gasolinera,Surco,"POINT(-12.140229, -76.969231)"
1908,Farmacia Ríos 1908,farmacia,Lima,"POINT(-12.045877, -77.077506)"
1909,Ferretería Flores 1909,ferretería,Miraflores,"POINT(-12.131803, -77.010585)"
1910,Restaurante Mendoza 1910,restaurante,San Miguel,"POINT(-12.069770, -77.091585)"
1911,Farmacia Espinoza 1911,farmacia,Miraflores,"POINT(-12.129113, -77.014368)"
1912,Panadería Rojas 1912,panadería,Los Olivos,"POINT(-11.988325, -77.068812)"
1913,Supermercado Cárdenas 1913,supermercado,Barranco,"POINT(-12.155638, -77.009620)"
1914,Ferretería Ponce 1914,ferretería,Miraflores,"POINT(-12.113818, -77.011910)"
1915,Electrónica Vargas 1915,electrónica,Lince,"POINT(-12.078613, -77.036733)"
1916,Ferretería Ponce 1916,ferretería,Surco,"POINT(-12.147983, -76.977691)"
1917,Electrónica Quispe 1917,electrónica,Lima,"POINT(-12.035981, -77.038784)"
1918,Farmacia Huamán 1918,farmacia,San Isidro,"POINT(-12.100091, -77.027408)"
1919,Librería Salazar 1919,librería,Jesús María,"POINT(-12.071566, -77.050556)"
1920,Librería Quispe 1920,librería,San Isidro,"POINT(-12.101358, -77.031539)"
1921,Ferretería Espinoza 1921,ferretería,Miraflores,"POINT(-12.119619, -77.033762)"
1922,Farmacia Paredes 1922,farmacia,Jesús María,"POINT(-12.081329, -77.051113)"
1923,Librería Chávez 1923,librería,Surco,"POINT(-12.148683, -76.995175)"
1924,Supermercado Ponce 1924,supermercado,Miraflores,"POINT(-12.117496, -77.038200)"
1925,Restaurante Huamán 1925,restaurante,La Molina,"POINT(-12.088843, -76.932299)"
1926,Panadería Flores 1926,panadería,Barranco,"POINT(-12.143425, -77.018961)"
1927,Electrónica Ponce 1927,electrónica,Miraflores,"POINT(-12.117098, -77.018642)"
1928,Farmacia Espinoza 1928,farmacia,Surco,"POINT(-12.127018, -76.978838)"
1929,Panadería Ponce 1929,panadería,Miraflores,"POINT(-12.126470, -77.019271)"
1930,Farmacia Rojas 1930,farmacia,San Borja,"POINT(-12.092349, -76.992515)"
1931,Gasolinera Ponce 1931,gasolinera,Surco,"POINT(-12.151790, -76.982304)"
1932,Restaurante Salazar 1932,restaurante,Surco,"POINT(-12.119858, -76.991832)"
1933,Electrónica Vargas 1933,electrónica,Lince,"POINT(-12.089468, -77.026338)"
1934,Ferretería Cárdenas 1934,ferretería,San Borja,"POINT(-12.099225, -77.004095)"
1935,Librería Aguilar 1935,librería,San Miguel,"POINT(-12.069455, -77.080007)"
1936,Panadería Salazar 1936,panadería,Surco,"POINT(-12.131649, -76.969336)"
1937,Restaurante Ríos 1937,restaurante,Pueblo Libre,"POINT(-12.079060, -77.072689)"
1938,Farmacia Ramos 1938,farmacia,Lince,"POINT(-12.078770, -77.030113)"
1939,Restaurante Ponce 1939,restaurante,Surco,"POINT(-12.157535, -76.999539)"
1940,Farmacia Cárdenas 1940,farmacia,San Borja,"POINT(-12.107960, -76.988480)"
1941,Farmacia Paredes 1941,farmacia,Lince,"POINT(-12.080085, -77.035929)"
1942,Panadería Vargas 1942,panadería,Los Olivos,"POINT(-11.992611, -77.070507)"
1943,Panadería Espinoza 1943,panadería,Lima,"POINT(-12.059552, -77.034559)"
1944,Librería Aguilar 1944,librería,Barranco,"POINT(-12.146243, -77.010179)"
1945,Ferretería Flores 1945,ferretería,Lima,"POINT(-12.056612, -77.070781)"
1946,Supermercado Salazar 1946,supermercado,Los Olivos,"POINT(-11.973963, -77.077376)"
1947,Restaurante Ponce 1947,restaurante,Lima,"POINT(-12.052643, -77.049455)"
1948,Panadería Rojas 1948,panadería,San Isidro,"POINT(-12.104220, -77.036867)"
1949,Gasolinera Castillo 1949,gasolinera,Surco,"POINT(-12.129453, -76.994035)"
1950,Ferretería Quispe 1950,ferretería,La Molina,"POINT(-12.096851, -76.950798)"
1951,Supermercado Huamán 1951,supermercado,San Miguel,"POINT(-12.080496, -77.082666)"
1952,Electrónica Aguilar 1952,electrónica,Los Olivos,"POINT(-12.000630, -77.074706)"
1953,Supermercado Chávez 1953,supermercado,Lima,"POINT(-12.032678, -77.044302)"
1954,Panadería Quispe 1954,panadería,La Molina,"POINT(-12.088162, -76.968993)"
1955,Supermercado Cárdenas 1955,supermercado,San Isidro,"POINT(-12.100735, -77.031100)"
1956,Restaurante Salazar 1956,restaurante,Barranco,"POINT(-12.149954, -77.009231)"
1957,Ferretería Mendoza 1957,ferretería,La Molina,"POINT(-12.076962, -76.933320)"
1958,Panadería Ramos 1958,panadería,Surco,"POINT(-12.141116, -76.990427)"
1959,Restaurante Salazar 1959,restaurante,La Molina,"POINT(-12.091014, -76.925584)"
1960,Librería Ríos 1960,librería,San Isidro,"POINT(-12.098329, -77.044615)"
1961,Supermercado Mendoza 1961,supermercado,Lima,"POINT(-12.051069, -77.082106)"
1962,Supermercado Paredes 1962,supermercado,San Miguel,"POINT(-12.075158, -77.096618)"
1963,Ferretería Cárdenas 1963,ferretería,Lima,"POINT(-12.047954, -77.023133)"
1964,Ferretería Mendoza 1964,ferretería,Miraflores,"POINT(-12.121165, -77.019928)"
1965,Gasolinera Castillo 1965,gasolinera,Pueblo Libre,"POINT(-12.070780, -77.074121)"
1966,Panadería Ríos 1966,panadería,San Borja,"POINT(-12.091940, -76.997556)"
1967,Farmacia Flores 1967,farmacia,San Isidro,"POINT(-12.101725, -77.051491)"
1968,Librería Chávez 1968,librería,Lince,"POINT(-12.082333, -77.024847)"
1969,Farmacia Rojas 1969,farmacia,Lince,"POINT(-12.092686, -77.037032)"
1970,Gasolinera Paredes 1970,gasolinera,Lince,"POINT(-12.088843, -77.028604)"
1971,Supermercado Rojas 1971,supermercado,Jesús María,"POINT(-12.082956, -77.041563)"
1972,Librería Salazar 1972,librería,Lima,"POINT(-12.036805, -77.070467)"
1973,Electrónica Cárdenas 1973,electrónica,Miraflores,"POINT(-12.120422, -77.014158)"
1974,Librería Chávez 1974,librería,Miraflores,"POINT(-12.130259, -77.023076)"
1975,Ferretería Salazar 1975,ferretería,Jesús María,"POINT(-12.086096, -77.045617)"
1976,Supermercado Ramos 1976,supermercado,San Isidro,"POINT(-12.102369, -77.029262)"
1977,Supermercado Chávez 1977,supermercado,Lima,"POINT(-12.041072, -77.049171)"
1978,Ferretería Vargas 1978,ferretería,La Molina,"POINT(-12.087364, -76.954988)"
1979,Farmacia Huamán 1979,farmacia,Barranco,"POINT(-12.152949, -77.012568)"
1980,Panadería Ríos 1980,panadería,Lima,"POINT(-12.041475, -77.053746)"
1981,Farmacia Salazar 1981,farmacia,Pueblo Libre,"POINT(-12.073644, -77.069669)"
1982,Panadería Ríos 1982,panadería,San Miguel,"POINT(-12.071829, -77.095819)"
1983,Ferretería Quispe 1983,ferretería,Los Olivos,"POINT(-11.967283, -77.082371)"
1984,Electrónica Flores 1984,electrónica,Jesús María,"POINT(-12.071779, -77.058138)"
1985,Restaurante Ponce 1985,restaurante,Pueblo Libre,"POINT(-12.074187, -77.066914)"
1986,Librería Paredes 1986,librería,Pueblo Libre,"POINT(-12.068438, -77.067545)"
1987,Restaurante Huamán 1987,restaurante,Lima,"POINT(-12.057149, -77.038599)"
1988,Supermercado Salazar 1988,supermercado,Miraflores,"POINT(-12.128356, -77.028434)"
1989,Restaurante Vargas 1989,restaurante,Barranco,"POINT(-12.141761, -77.016953)"
1990,Librería Quispe 1990,librería,San Miguel,"POINT(-12.080695, -77.084802)"
1991,Gasolinera Huamán 1991,gasolinera,Miraflores,"POINT(-12.120848, -77.036276)"
1992,Restaurante Ramos 1992,restaurante,San Borja,"POINT(-12.112430, -76.998498)"
1993,Electrónica Quispe 1993,electrónica,San Borja,"POINT(-12.103081, -76.986529)"
1994,Gasolinera Ponce 1994,gasolinera,La Molina,"POINT(-12.100165, -76.964590)"
1995,Ferretería Huamán 1995,ferretería,La Molina,"POINT(-12.080778, -76.944172)"
1996,Supermercado Castillo 1996,supermercado,Lince,"POINT(-12.087561, -77.025149)"
1997,Gasolinera Espinoza 1997,gasolinera,Miraflores,"POINT(-12.130627, -77.016909)"
1998,Restaurante Ramos 1998,restaurante,Lima,"POINT(-12.045129, -77.050521)"
1999,Panadería Cárdenas 1999,panadería,Miraflores,"POINT(-12.113746, -77.016157)"
2000,Panadería Huamán 2000,panadería,Pueblo Libre,"POINT(-12.072373, -77.072941)"
2001,Electrónica Flores 2001,electrónica,Miraflores,"POINT(-12.122842, -77.021384)"
2002,Ferretería Quispe 2002,ferretería,Lima,"POINT(-12.058317, -77.052268)"
2003,Electrónica Chávez 2003,electrónica,Pueblo Libre,"POINT(-12.076983, -77.070775)"
2004,Panadería Cárdenas 2004,panadería,Surco,"POINT(-12.152632, -76.993005)"
2005,Restaurante Espinoza 2005,restaurante,Lima,"POINT(-12.061725, -77.080022)"
2006,Librería Ponce 2006,librería,Jesús María,"POINT(-12.082430, -77.044106)"
2007,Gasolinera Ponce 2007,gasolinera,San Borja,"POINT(-12.099476, -76.990788)"
2008,Panadería Flores 2008,panadería,Lima,"POINT(-12.048818, -77.055832)"
2009,Electrónica Flores 2009,electrónica,San Miguel,"POINT(-12.069467, -77.096924)"
2010,Librería Salazar 2010,librería,San Borja,"POINT(-12.100050, -76.986365)"
2011,Librería Cárdenas 2011,librería,Barranco,"POINT(-12.150221, -77.020649)"
2012,Restaurante Aguilar 2012,restaurante,Lima,"POINT(-12.058628, -77.043936)"
2013,Supermercado Espinoza 2013,supermercado,Surco,"POINT(-12.124248, -76.977850)"
2014,Farmacia Rojas 2014,farmacia,Lima,"POINT(-12.056612, -77.027050)"
2015,Supermercado Flores 2015,supermercado,Surco,"POINT(-12.158581, -76.993418)"
2016,Electrónica Salazar 2016,electrónica,Lince,"POINT(-12.083015, -77.033292)"
2017,Restaurante Paredes 2017,restaurante,San Borja,"POINT(-12.113389, -77.002756)"
2018,Librería Vargas 2018,librería,Surco,"POINT(-12.127241, -76.995494)"
2019,Panadería Ponce 2019,panadería,La Molina,"POINT(-12.083671, -76.927807)"
2020,Panadería Ramos 2020,panadería,Los Olivos,"POINT(-11.959998, -77.070702)"
2021,Restaurante Huamán 2021,restaurante,San Miguel,"POINT(-12.069948, -77.087199)"
2022,Electrónica Ramos 2022,electrónica,Lince,"POINT(-12.082827, -77.036055)"
2023,Farmacia Ríos 2023,farmacia,Los Olivos,"POINT(-11.964532, -77.062460)"
2024,Electrónica Cárdenas 2024,electrónica,Miraflores,"POINT(-12.116360, -77.041155)"
2025,Ferretería Flores 2025,ferretería,Miraflores,"POINT(-12.124056, -77.017737)"
2026,Farmacia Salazar 2026,farmacia,San Miguel,"POINT(-12.068992, -77.086024)"
2027,Panadería Flores 2027,panadería,La Molina,"POINT(-12.092236, -76.946409)"
2028,Supermercado Chávez 2028,supermercado,La Molina,"POINT(-12.091673, -76.919586)"
2029,Farmacia Vargas 2029,farmacia,Lima,"POINT(-12.043005, -77.072867)"
2030,Restaurante Salazar 2030,restaurante,San Borja,"POINT(-12.099036, -76.994540)"
2031,Supermercado Paredes 2031,supermercado,Lima,"POINT(-12.037882, -77.023283)"
2032,Electrónica Rojas 2032,electrónica,San Isidro,"POINT(-12.106578, -77.035977)"
2033,Electrónica Quispe 2033,electrónica,La Molina,"POINT(-12.074300, -76.939776)"
2034,Farmacia Huamán 2034,farmacia,Lima,"POINT(-12.041816, -77.031253)"
2035,Gasolinera Paredes 2035,gasolinera,Jesús María,"POINT(-12.071207, -77.057715)"
2036,Panadería Paredes 2036,panadería,Los Olivos,"POINT(-11.963276, -77.078058)"
2037,Librería Cárdenas 2037,librería,Lince,"POINT(-12.092663, -77.028677)"
2038,Librería Quispe 2038,librería,Miraflores,"POINT(-12.115857, -77.022574)"
2039,Restaurante Espinoza 2039,restaurante,San Isidro,"POINT(-12.105185, -77.033150)"
2040,Supermercado Vargas 2040,supermercado,Miraflores,"POINT(-12.122743, -77.019990)"
2041,Ferretería Flores 2041,ferretería,Surco,"POINT(-12.149839, -76.983323)"
2042,Supermercado Chávez 2042,supermercado,La Molina,"POINT(-12.093724, -76.944602)"
2043,Panadería Ponce 2043,panadería,La Molina,"POINT(-12.079560, -76.956412)"
2044,Farmacia Salazar 2044,farmacia,Lima,"POINT(-12.057087, -77.041524)"
2045,Supermercado Ponce 2045,supermercado,Surco,"POINT(-12.133009, -76.975602)"
2046,Restaurante Vargas 2046,restaurante,San Miguel,"POINT(-12.077730, -77.094839)"
2047,Panadería Ramos 2047,panadería,Pueblo Libre,"POINT(-12.078469, -77.071708)"
2048,Librería Paredes 2048,librería,Surco,"POINT(-12.123134, -76.975966)"
2049,Librería Ramos 2049,librería,Surco,"POINT(-12.145748, -76.983768)"
2050,Ferretería Ramos 2050,ferretería,San Miguel,"POINT(-12.080395, -77.096222)"
2051,Panadería Vargas 2051,panadería,Lima,"POINT(-12.048305, -77.030849)"
2052,Librería Ramos 2052,librería,Jesús María,"POINT(-12.079385, -77.047895)"
2053,Restaurante Aguilar 2053,restaurante,La Molina,"POINT(-12.095378, -76.950385)"
2054,Restaurante Cárdenas 2054,restaurante,Lima,"POINT(-12.057460, -77.026834)"
2055,Restaurante Ramos 2055,restaurante,La Molina,"POINT(-12.100135, -76.959156)"
2056,Gasolinera Quispe 2056,gasolinera,San Miguel,"POINT(-12.080421, -77.097676)"
2057,Supermercado Castillo 2057,supermercado,Miraflores,"POINT(-12.120206, -77.025008)"
2058,Farmacia Flores 2058,farmacia,San Miguel,"POINT(-12.074177, -77.087474)"
2059,Gasolinera Salazar 2059,gasolinera,La Molina,"POINT(-12.085443, -76.956655)"
2060,Ferretería Rojas 2060,ferretería,Pueblo Libre,"POINT(-12.075649, -77.071386)"
2061,Gasolinera Flores 2061,gasolinera,San Borja,"POINT(-12.109069, -76.992886)"
2062,Supermercado Huamán 2062,supermercado,Surco,"POINT(-12.132261, -76.992755)"
2063,Supermercado Aguilar 2063,supermercado,San Borja,"POINT(-12.106556, -76.983844)"
2064,Farmacia Paredes 2064,farmacia,Lima,"POINT(-12.041404, -77.075905)"
2065,Electrónica Ríos 2065,electrónica,Lima,"POINT(-12.041177, -77.078871)"
2066,Electrónica Espinoza 2066,electrónica,Miraflores,"POINT(-12.126997, -77.020202)"
2067,Ferretería Castillo 2067,ferretería,Lima,"POINT(-12.050910, -77.063353)"
2068,Restaurante Chávez 2068,restaurante,La Molina,"POINT(-12.089187, -76.918180)"
2069,Librería Ríos 2069,librería,San Miguel,"POINT(-12.076483, -77.087066)"
2070,Gasolinera Espinoza 2070,gasolinera,Los Olivos,"POINT(-11.986165, -77.065627)"
2071,Ferretería Aguilar 2071,ferretería,Jesús María,"POINT(-12.087196, -77.058238)"
2072,Panadería Vargas 2072,panadería,San Miguel,"POINT(-12.068199, -77.105882)"
2073,Farmacia Quispe 2073,farmacia,San Isidro,"POINT(-12.108160, -77.046361)"
2074,Gasolinera Huamán 2074,gasolinera,Miraflores,"POINT(-12.122714, -77.011675)"
2075,Farmacia Castillo 2075,farmacia,Surco,"POINT(-12.131263, -76.988309)"
2076,Supermercado Aguilar 2076,supermercado,Surco,"POINT(-12.131096, -76.980981)"
2077,Restaurante Salazar 2077,restaurante,San Isidro,"POINT(-12.100280, -77.035003)"
2078,Librería Chávez 2078,librería,Los Olivos,"POINT(-11.993882, -77.072142)"
2079,Librería Aguilar 2079,librería,Surco,"POINT(-12.143849, -76.984299)"
2080,Librería Ponce 2080,librería,Lince,"POINT(-12.084965, -77.027816)"
2081,Restaurante Cárdenas 2081,restaurante,San Borja,"POINT(-12.105431, -77.004223)"
2082,Ferretería Vargas 2082,ferretería,Barranco,"POINT(-12.154275, -77.009632)"
2083,Gasolinera Vargas 2083,gasolinera,Lince,"POINT(-12.092629, -77.025544)"
2084,Farmacia Salazar 2084,farmacia,Los Olivos,"POINT(-11.987215, -77.074819)"
2085,Electrónica Aguilar 2085,electrónica,Barranco,"POINT(-12.148254, -77.010280)"
2086,Librería Ponce 2086,librería,Miraflores,"POINT(-12.118491, -77.010724)"
2087,Librería Aguilar 2087,librería,Barranco,"POINT(-12.142650, -77.018984)"
2088,Restaurante Rojas 2088,restaurante,La Molina,"POINT(-12.078661, -76.920162)"
2089,Ferretería Ramos 2089,ferretería,San Isidro,"POINT(-12.101494, -77.054574)"
2090,Supermercado Flores 2090,supermercado,La Molina,"POINT(-12.099867, -76.962210)"
2091,Electrónica Chávez 2091,electrónica,Surco,"POINT(-12.132740, -76.990339)"
2092,Gasolinera Ponce 2092,gasolinera,San Miguel,"POINT(-12.074032, -77.092366)"
2093,Gasolinera Cárdenas 2093,gasolinera,Surco,"POINT(-12.157339, -76.978827)"
2094,Supermercado Salazar 2094,supermercado,Lince,"POINT(-12.086484, -77.030353)"
2095,Panadería Aguilar 2095,panadería,Pueblo Libre,"POINT(-12.076270, -77.068010)"
2096,Gasolinera Vargas 2096,gasolinera,Miraflores,"POINT(-12.113050, -77.009984)"
2097,Librería Aguilar 2097,librería,Lima,"POINT(-12.043754, -77.054115)"
2098,Ferretería Rojas 2098,ferretería,Los Olivos,"POINT(-12.000256, -77.070110)"
2099,Panadería Paredes 2099,panadería,San Isidro,"POINT(-12.098446, -77.028428)"
2100,Ferretería Ponce 2100,ferretería,San Borja,"POINT(-12.107132, -76.991577)"
2101,Panadería Aguilar 2101,panadería,Lima,"POINT(-12.063007, -77.022925)"
2102,Librería Quispe 2102,librería,San Borja,"POINT(-12.111363, -76.996854)"
2103,Restaurante Rojas 2103,restaurante,San Isidro,"POINT(-12.099510, -77.023877)"
2104,Supermercado Aguilar 2104,supermercado,Jesús María,"POINT(-12.074213, -77.051231)"
2105,Librería Espinoza 2105,librería,San Miguel,"POINT(-12.074986, -77.087212)"
2106,Librería Flores 2106,librería,Lima,"POINT(-12.061590, -77.034944)"
2107,Gasolinera Ramos 2107,gasolinera,Miraflores,"POINT(-12.126968, -77.033578)"
2108,Electrónica Flores 2108,electrónica,San Isidro,"POINT(-12.098643, -77.028814)"
2109,Supermercado Rojas 2109,supermercado,Pueblo Libre,"POINT(-12.075262, -77.064018)"
2110,Electrónica Chávez 2110,electrónica,San Isidro,"POINT(-12.105289, -77.040104)"
2111,Restaurante Ponce 2111,restaurante,La Molina,"POINT(-12.102658, -76.945746)"
2112,Librería Castillo 2112,librería,Miraflores,"POINT(-12.112215, -77.015522)"
2113,Supermercado Ponce 2113,supermercado,Lima,"POINT(-12.040755, -77.082965)"
2114,Supermercado Quispe 2114,supermercado,Lima,"POINT(-12.036854, -77.031545)"
2115,Restaurante Ponce 2115,restaurante,San Borja,"POINT(-12.093468, -76.996710)"
2116,Farmacia Ramos 2116,farmacia,Lince,"POINT(-12.079446, -77.025370)"
2117,Supermercado Flores 2117,supermercado,San Isidro,"POINT(-12.101325, -77.043820)"
2118,Panadería Huamán 2118,panadería,Pueblo Libre,"POINT(-12.071025, -77.075268)"
2119,Librería Chávez 2119,librería,Miraflores,"POINT(-12.127404, -77.021779)"
2120,Panadería Espinoza 2120,panadería,Barranco,"POINT(-12.151024, -77.018056)"
2121,Restaurante Espinoza 2121,restaurante,La Molina,"POINT(-12.071865, -76.943295)"
2122,Librería Aguilar 2122,librería,San Borja,"POINT(-12.104472, -76.991851)"
2123,Farmacia Ríos 2123,farmacia,Los Olivos,"POINT(-11.989578, -77.061195)"
2124,Ferretería Vargas 2124,ferretería,Los Olivos,"POINT(-11.988142, -77.073320)"
2125,Ferretería Espinoza 2125,ferretería,Barranco,"POINT(-12.150496, -77.019825)"
2126,Restaurante Ponce 2126,restaurante,Jesús María,"POINT(-12.069495, -77.047026)"
2127,Restaurante Espinoza 2127,restaurante,Los Olivos,"POINT(-11.985051, -77.082668)"
2128,Supermercado Quispe 2128,supermercado,Los Olivos,"POINT(-11.958076, -77.078085)"
2129,Restaurante Rojas 2129,restaurante,Los Olivos,"POINT(-11.958011, -77.074652)"
2130,Ferretería Vargas 2130,ferretería,San Miguel,"POINT(-12.075571, -77.083998)"
2131,Farmacia Ponce 2131,farmacia,Miraflores,"POINT(-12.130289, -77.029581)"
2132,Panadería Paredes 2132,panadería,Miraflores,"POINT(-12.117325, -77.027230)"
2133,Restaurante Ramos 2133,restaurante,Lima,"POINT(-12.059530, -77.058497)"
2134,Panadería Huamán 2134,panadería,Los Olivos,"POINT(-11.984812, -77.076945)"
2135,Gasolinera Ramos 2135,gasolinera,Los Olivos,"POINT(-11.985955, -77.063738)"
2136,Librería Vargas 2136,librería,Los Olivos,"POINT(-12.002601, -77.073576)"
2137,Gasolinera Vargas 2137,gasolinera,Lince,"POINT(-12.090041, -77.025347)"
2138,Farmacia Cárdenas 2138,farmacia,Lince,"POINT(-12.079021, -77.024538)"
2139,Gasolinera Huamán 2139,gasolinera,Jesús María,"POINT(-12.086837, -77.051095)"
2140,Ferretería Flores 2140,ferretería,Lince,"POINT(-12.085915, -77.031566)"
2141,Farmacia Chávez 2141,farmacia,San Isidro,"POINT(-12.106272, -77.030646)"
2142,Gasolinera Espinoza 2142,gasolinera,Jesús María,"POINT(-12.078385, -77.049016)"
2143,Supermercado Paredes 2143,supermercado,Lince,"POINT(-12.083907, -77.026985)"
2144,Farmacia Mendoza 2144,farmacia,Lima,"POINT(-12.050964, -77.045730)"
2145,Supermercado Quispe 2145,supermercado,La Molina,"POINT(-12.085875, -76.936327)"
2146,Supermercado Espinoza 2146,supermercado,Jesús María,"POINT(-12.072858, -77.049131)"
2147,Ferretería Chávez 2147,ferretería,Surco,"POINT(-12.162581, -76.994144)"
2148,Ferretería Espinoza 2148,ferretería,La Molina,"POINT(-12.073546, -76.932483)"
2149,Librería Salazar 2149,librería,Lima,"POINT(-12.052592, -77.061830)"
2150,Ferretería Castillo 2150,ferretería,Miraflores,"POINT(-12.115093, -77.034286)"
2151,Electrónica Quispe 2151,electrónica,San Isidro,"POINT(-12.102587, -77.054007)"
2152,Librería Ramos 2152,librería,San Isidro,"POINT(-12.097928, -77.051310)"
2153,Panadería Cárdenas 2153,panadería,Los Olivos,"POINT(-11.999726, -77.068160)"
2154,Supermercado Chávez 2154,supermercado,Barranco,"POINT(-12.149442, -77.020903)"
2155,Ferretería Vargas 2155,ferretería,Pueblo Libre,"POINT(-12.070802, -77.074453)"
2156,Ferretería Rojas 2156,ferretería,Los Olivos,"POINT(-12.002851, -77.082140)"
2157,Librería Cárdenas 2157,librería,Los Olivos,"POINT(-11.969884, -77.083170)"
2158,Restaurante Chávez 2158,restaurante,Miraflores,"POINT(-12.124844, -77.025451)"
2159,Farmacia Huamán 2159,farmacia,Lince,"POINT(-12.081913, -77.037101)"
2160,Supermercado Aguilar 2160,supermercado,San Borja,"POINT(-12.106939, -76.982048)"
2161,Ferretería Vargas 2161,ferretería,San Isidro,"POINT(-12.109185, -77.045340)"
2162,Panadería Ponce 2162,panadería,La Molina,"POINT(-12.073523, -76.965732)"
2163,Ferretería Castillo 2163,ferretería,Miraflores,"POINT(-12.130489, -77.020905)"
2164,Supermercado Ramos 2164,supermercado,La Molina,"POINT(-12.081384, -76.928142)"
2165,Electrónica Espinoza 2165,electrónica,Lince,"POINT(-12.081685, -77.035167)"
2166,Librería Ponce 2166,librería,San Isidro,"POINT(-12.102590, -77.052850)"
2167,Ferretería Flores 2167,ferretería,San Borja,"POINT(-12.111085, -76.980339)"
2168,Restaurante Ponce 2168,restaurante,Jesús María,"POINT(-12.078509, -77.057965)"
2169,Farmacia Quispe 2169,farmacia,San Isidro,"POINT(-12.100490, -77.038761)"
2170,Restaurante Mendoza 2170,restaurante,Pueblo Libre,"POINT(-12.069098, -77.075270)"
2171,Librería Salazar 2171,librería,Lima,"POINT(-12.064389, -77.043863)"
2172,Panadería Mendoza 2172,panadería,Surco,"POINT(-12.151410, -76.998996)"
2173,Farmacia Paredes 2173,farmacia,Miraflores,"POINT(-12.115374, -77.029194)"
2174,Panadería Rojas 2174,panadería,Los Olivos,"POINT(-11.961349, -77.064412)"
2175,Gasolinera Huamán 2175,gasolinera,Miraflores,"POINT(-12.133148, -77.012932)"
2176,Librería Huamán 2176,librería,San Isidro,"POINT(-12.102677, -77.017397)"
2177,Farmacia Huamán 2177,farmacia,Barranco,"POINT(-12.149391, -77.012731)"
2178,Panadería Cárdenas 2178,panadería,Los Olivos,"POINT(-12.002816, -77.068334)"
2179,Ferretería Espinoza 2179,ferretería,Pueblo Libre,"POINT(-12.077124, -77.074712)"
2180,Supermercado Mendoza 2180,supermercado,Jesús María,"POINT(-12.082393, -77.043347)"
2181,Panadería Ponce 2181,panadería,Barranco,"POINT(-12.152163, -77.010066)"
2182,Gasolinera Aguilar 2182,gasolinera,Los Olivos,"POINT(-12.002068, -77.070939)"
2183,Ferretería Ríos 2183,ferretería,Jesús María,"POINT(-12.073381, -77.056598)"
2184,Farmacia Chávez 2184,farmacia,San Isidro,"POINT(-12.106174, -77.036574)"
2185,Librería Flores 2185,librería,Barranco,"POINT(-12.141474, -77.011302)"
2186,Restaurante Espinoza 2186,restaurante,Lima,"POINT(-12.062068, -77.035470)"
2187,Ferretería Quispe 2187,ferretería,Los Olivos,"POINT(-11.991585, -77.073853)"
2188,Librería Huamán 2188,librería,Los Olivos,"POINT(-11.990833, -77.060804)"
2189,Panadería Salazar 2189,panadería,Lima,"POINT(-12.044666, -77.083866)"
2190,Gasolinera Huamán 2190,gasolinera,Lima,"POINT(-12.044280, -77.056479)"
2191,Supermercado Chávez 2191,supermercado,Lince,"POINT(-12.080691, -77.033888)"
2192,Gasolinera Espinoza 2192,gasolinera,Surco,"POINT(-12.136071, -76.977861)"
2193,Farmacia Cárdenas 2193,farmacia,Miraflores,"POINT(-12.119305, -77.011845)"
2194,Farmacia Aguilar 2194,farmacia,Lima,"POINT(-12.054561, -77.043053)"
2195,Restaurante Aguilar 2195,restaurante,Surco,"POINT(-12.134584, -76.971245)"
2196,Farmacia Mendoza 2196,farmacia,Pueblo Libre,"POINT(-12.081307, -77.069016)"
2197,Librería Paredes 2197,librería,Lince,"POINT(-12.080627, -77.037526)"
2198,Ferretería Vargas 2198,ferretería,San Isidro,"POINT(-12.105722, -77.050766)"
2199,Farmacia Paredes 2199,farmacia,Lima,"POINT(-12.063347, -77.056831)"
2200,Gasolinera Cárdenas 2200,gasolinera,Jesús María,"POINT(-12.068773, -77.051045)"
2201,Ferretería Cárdenas 2201,ferretería,La Molina,"POINT(-12.094554, -76.942520)"
2202,Electrónica Espinoza 2202,electrónica,Los Olivos,"POINT(-11.998849, -77.070728)"
2203,Panadería Aguilar 2203,panadería,Surco,"POINT(-12.127744, -76.982263)"
2204,Panadería Aguilar 2204,panadería,Barranco,"POINT(-12.146227, -77.013005)"
2205,Supermercado Huamán 2205,supermercado,Lince,"POINT(-12.083989, -77.035643)"
2206,Ferretería Huamán 2206,ferretería,Surco,"POINT(-12.120193, -76.994846)"
2207,Supermercado Paredes 2207,supermercado,San Isidro,"POINT(-12.102585, -77.054938)"
2208,Panadería Quispe 2208,panadería,La Molina,"POINT(-12.072574, -76.945289)"
2209,Electrónica Salazar 2209,electrónica,Miraflores,"POINT(-12.131627, -77.013547)"
2210,Librería Mendoza 2210,librería,San Borja,"POINT(-12.088623, -76.987148)"
2211,Gasolinera Espinoza 2211,gasolinera,San Borja,"POINT(-12.092551, -76.995478)"
2212,Electrónica Ríos 2212,electrónica,Jesús María,"POINT(-12.081859, -77.057851)"
2213,Restaurante Salazar 2213,restaurante,Lima,"POINT(-12.061909, -77.063574)"
2214,Restaurante Huamán 2214,restaurante,Los Olivos,"POINT(-11.977113, -77.078192)"
2215,Panadería Ríos 2215,panadería,Lince,"POINT(-12.080306, -77.022974)"
2216,Gasolinera Castillo 2216,gasolinera,Lima,"POINT(-12.061309, -77.037039)"
2217,Restaurante Paredes 2217,restaurante,San Borja,"POINT(-12.092339, -76.995021)"
2218,Electrónica Paredes 2218,electrónica,San Isidro,"POINT(-12.101626, -77.019644)"
2219,Supermercado Espinoza 2219,supermercado,San Miguel,"POINT(-12.071038, -77.104517)"
2220,Panadería Ponce 2220,panadería,La Molina,"POINT(-12.091779, -76.962144)"
2221,Farmacia Chávez 2221,farmacia,La Molina,"POINT(-12.076181, -76.929478)"
2222,Electrónica Ponce 2222,electrónica,San Miguel,"POINT(-12.077566, -77.088043)"
2223,Electrónica Ponce 2223,electrónica,Barranco,"POINT(-12.151888, -77.019010)"
2224,Farmacia Espinoza 2224,farmacia,Lima,"POINT(-12.047347, -77.026217)"
2225,Supermercado Cárdenas 2225,supermercado,San Miguel,"POINT(-12.078842, -77.100020)"
2226,Ferretería Aguilar 2226,ferretería,Lima,"POINT(-12.051869, -77.073724)"
2227,Gasolinera Castillo 2227,gasolinera,Surco,"POINT(-12.143692, -76.967098)"
2228,Ferretería Ramos 2228,ferretería,San Borja,"POINT(-12.110797, -77.005687)"
2229,Gasolinera Castillo 2229,gasolinera,Jesús María,"POINT(-12.082762, -77.049648)"
2230,Gasolinera Chávez 2230,gasolinera,Lince,"POINT(-12.080903, -77.028835)"
2231,Supermercado Ponce 2231,supermercado,Jesús María,"POINT(-12.074474, -77.051702)"
2232,Librería Flores 2232,librería,San Borja,"POINT(-12.106654, -77.005425)"
2233,Restaurante Castillo 2233,restaurante,Lima,"POINT(-12.051714, -77.057854)"
2234,Farmacia Huamán 2234,farmacia,Barranco,"POINT(-12.149207, -77.020924)"
2235,Panadería Aguilar 2235,panadería,Lince,"POINT(-12.087105, -77.035215)"
2236,Supermercado Ramos 2236,supermercado,San Miguel,"POINT(-12.073889, -77.096232)"
2237,Librería Flores 2237,librería,La Molina,"POINT(-12.071561, -76.936282)"
2238,Restaurante Espinoza 2238,restaurante,Lince,"POINT(-12.091376, -77.031368)"
2239,Supermercado Flores 2239,supermercado,Barranco,"POINT(-12.157508, -77.013982)"
2240,Gasolinera Flores 2240,gasolinera,Barranco,"POINT(-12.148787, -77.016781)"
2241,Farmacia Aguilar 2241,farmacia,San Isidro,"POINT(-12.096963, -77.035495)"
2242,Librería Rojas 2242,librería,Los Olivos,"POINT(-11.967148, -77.070851)"
2243,Gasolinera Rojas 2243,gasolinera,La Molina,"POINT(-12.080311, -76.937664)"
2244,Restaurante Ramos 2244,restaurante,La Molina,"POINT(-12.095362, -76.952552)"
2245,Librería Huamán 2245,librería,Surco,"POINT(-12.146873, -76.985361)"
2246,Electrónica Quispe 2246,electrónica,Miraflores,"POINT(-12.129227, -77.008776)"
2247,Restaurante Ponce 2247,restaurante,San Borja,"POINT(-12.110498, -76.990370)"
2248,Restaurante Espinoza 2248,restaurante,Jesús María,"POINT(-12.088181, -77.042110)"
2249,Farmacia Flores 2249,farmacia,San Borja,"POINT(-12.100262, -76.981355)"
2250,Librería Paredes 2250,librería,Pueblo Libre,"POINT(-12.071018, -77.069587)"
2251,Gasolinera Espinoza 2251,gasolinera,Los Olivos,"POINT(-11.980520, -77.080468)"
2252,Restaurante Paredes 2252,restaurante,Los Olivos,"POINT(-11.972496, -77.073327)"
2253,Restaurante Ramos 2253,restaurante,La Molina,"POINT(-12.065746, -76.934994)"
2254,Supermercado Huamán 2254,supermercado,Surco,"POINT(-12.163122, -76.989122)"
2255,Panadería Ríos 2255,panadería,San Isidro,"POINT(-12.105746, -77.018359)"
2256,Restaurante Ponce 2256,restaurante,Lima,"POINT(-12.038052, -77.025015)"
2257,Farmacia Ponce 2257,farmacia,Miraflores,"POINT(-12.123755, -77.037102)"
2258,Supermercado Castillo 2258,supermercado,Miraflores,"POINT(-12.122992, -77.035273)"
2259,Electrónica Ponce 2259,electrónica,Surco,"POINT(-12.141311, -76.988025)"
2260,Ferretería Ríos 2260,ferretería,Lima,"POINT(-12.059480, -77.036622)"
2261,Librería Vargas 2261,librería,Miraflores,"POINT(-12.134622, -77.012902)"
2262,Gasolinera Quispe 2262,gasolinera,Miraflores,"POINT(-12.122803, -77.022006)"
2263,Panadería Rojas 2263,panadería,Surco,"POINT(-12.128713, -76.995948)"
2264,Supermercado Mendoza 2264,supermercado,Lima,"POINT(-12.034430, -77.064163)"
2265,Gasolinera Paredes 2265,gasolinera,Miraflores,"POINT(-12.115797, -77.036338)"
2266,Electrónica Paredes 2266,electrónica,San Miguel,"POINT(-12.069516, -77.100916)"
2267,Farmacia Flores 2267,farmacia,Lince,"POINT(-12.078223, -77.025663)"
2268,Restaurante Ponce 2268,restaurante,Pueblo Libre,"POINT(-12.072784, -77.068376)"
2269,Gasolinera Espinoza 2269,gasolinera,Los Olivos,"POINT(-11.997204, -77.081020)"
2270,Farmacia Castillo 2270,farmacia,San Isidro,"POINT(-12.100212, -77.040352)"
2271,Farmacia Ponce 2271,farmacia,La Molina,"POINT(-12.099878, -76.952006)"
2272,Supermercado Chávez 2272,supermercado,Los Olivos,"POINT(-11.971710, -77.062467)"
2273,Farmacia Rojas 2273,farmacia,Los Olivos,"POINT(-12.001222, -77.082656)"
2274,Supermercado Ponce 2274,supermercado,Los Olivos,"POINT(-11.988355, -77.069262)"
2275,Gasolinera Huamán 2275,gasolinera,Lima,"POINT(-12.059308, -77.081784)"
2276,Electrónica Mendoza 2276,electrónica,San Borja,"POINT(-12.096836, -76.993986)"
2277,Gasolinera Mendoza 2277,gasolinera,San Miguel,"POINT(-12.075751, -77.087746)"
2278,Restaurante Salazar 2278,restaurante,San Borja,"POINT(-12.095644, -76.996429)"
2279,Gasolinera Salazar 2279,gasolinera,Surco,"POINT(-12.149717, -76.998868)"
2280,Farmacia Aguilar 2280,farmacia,Pueblo Libre,"POINT(-12.084837, -77.070413)"
2281,Farmacia Flores 2281,farmacia,La Molina,"POINT(-12.080947, -76.957161)"
2282,Panadería Aguilar 2282,panadería,Los Olivos,"POINT(-11.983825, -77.067095)"
2283,Gasolinera Vargas 2283,gasolinera,Lince,"POINT(-12.079206, -77.028276)"
2284,Electrónica Paredes 2284,electrónica,San Borja,"POINT(-12.095884, -76.989274)"
2285,Restaurante Mendoza 2285,restaurante,San Borja,"POINT(-12.105929, -76.996899)"
2286,Farmacia Espinoza 2286,farmacia,Lima,"POINT(-12.033323, -77.059758)"
2287,Restaurante Quispe 2287,restaurante,Barranco,"POINT(-12.143761, -77.010434)"
2288,Restaurante Ríos 2288,restaurante,Miraflores,"POINT(-12.131958, -77.029819)"
2289,Electrónica Quispe 2289,electrónica,Pueblo Libre,"POINT(-12.073103, -77.068074)"
2290,Farmacia Huamán 2290,farmacia,San Borja,"POINT(-12.098094, -76.985317)"
2291,Ferretería Ríos 2291,ferretería,Lima,"POINT(-12.063446, -77.057150)"
2292,Panadería Espinoza 2292,panadería,San Borja,"POINT(-12.110634, -77.005652)"
2293,Electrónica Salazar 2293,electrónica,Surco,"POINT(-12.145791, -76.985471)"
2294,Ferretería Ponce 2294,ferretería,San Isidro,"POINT(-12.095063, -77.053248)"
2295,Supermercado Chávez 2295,supermercado,Pueblo Libre,"POINT(-12.068453, -77.065891)"
2296,Panadería Ponce 2296,panadería,Lima,"POINT(-12.049841, -77.052311)"
2297,Gasolinera Paredes 2297,gasolinera,Pueblo Libre,"POINT(-12.074739, -77.072180)"
2298,Restaurante Flores 2298,restaurante,San Miguel,"POINT(-12.072491, -77.100386)"
2299,Ferretería Mendoza 2299,ferretería,Barranco,"POINT(-12.144284, -77.008694)"
2300,Electrónica Mendoza 2300,electrónica,Lima,"POINT(-12.049304, -77.078245)"
2301,Gasolinera Salazar 2301,gasolinera,San Isidro,"POINT(-12.095576, -77.047372)"
2302,Restaurante Ríos 2302,restaurante,Pueblo Libre,"POINT(-12.077304, -77.069507)"
2303,Ferretería Aguilar 2303,ferretería,Lima,"POINT(-12.038343, -77.061876)"
2304,Ferretería Chávez 2304,ferretería,San Isidro,"POINT(-12.108801, -77.030044)"
2305,Restaurante Ríos 2305,restaurante,Miraflores,"POINT(-12.128358, -77.019680)"
2306,Restaurante Aguilar 2306,restaurante,Lima,"POINT(-12.040913, -77.069314)"
2307,Supermercado Ponce 2307,supermercado,Pueblo Libre,"POINT(-12.068468, -77.075018)"
2308,Electrónica Aguilar 2308,electrónica,Los Olivos,"POINT(-11.964606, -77.068520)"
2309,Panadería Ramos 2309,panadería,Lima,"POINT(-12.045789, -77.036670)"
2310,Librería Ramos 2310,librería,Surco,"POINT(-12.131103, -76.975252)"
2311,Farmacia Ponce 2311,farmacia,Surco,"POINT(-12.147705, -76.968200)"
2312,Panadería Mendoza 2312,panadería,Barranco,"POINT(-12.140443, -77.020443)"
2313,Gasolinera Flores 2313,gasolinera,Los Olivos,"POINT(-12.001534, -77.071118)"
2314,Restaurante Chávez 2314,restaurante,Lima,"POINT(-12.039438, -77.065523)"
2315,Electrónica Aguilar 2315,electrónica,Miraflores,"POINT(-12.114170, -77.038821)"
2316,Librería Huamán 2316,librería,Miraflores,"POINT(-12.116508, -77.034908)"
2317,Electrónica Mendoza 2317,electrónica,San Borja,"POINT(-12.100808, -76.989192)"
2318,Restaurante Salazar 2318,restaurante,Lima,"POINT(-12.060701, -77.021141)"
2319,Restaurante Rojas 2319,restaurante,San Isidro,"POINT(-12.109040, -77.039798)"
2320,Librería Paredes 2320,librería,La Molina,"POINT(-12.080860, -76.954154)"
2321,Ferretería Ponce 2321,ferretería,La Molina,"POINT(-12.093806, -76.927568)"
2322,Electrónica Quispe 2322,electrónica,San Isidro,"POINT(-12.105898, -77.032124)"
2323,Gasolinera Ramos 2323,gasolinera,La Molina,"POINT(-12.096132, -76.950960)"
2324,Supermercado Vargas 2324,supermercado,Surco,"POINT(-12.138015, -76.977115)"
2325,Supermercado Rojas 2325,supermercado,Pueblo Libre,"POINT(-12.078733, -77.068316)"
2326,Ferretería Mendoza 2326,ferretería,Los Olivos,"POINT(-11.994947, -77.078218)"
2327,Ferretería Mendoza 2327,ferretería,La Molina,"POINT(-12.073564, -76.944227)"
2328,Restaurante Paredes 2328,restaurante,Lima,"POINT(-12.056704, -77.053086)"
2329,Panadería Salazar 2329,panadería,Surco,"POINT(-12.119028, -76.993111)"
2330,Panadería Castillo 2330,panadería,Miraflores,"POINT(-12.127770, -77.032547)"
2331,Farmacia Vargas 2331,farmacia,Miraflores,"POINT(-12.131084, -77.020453)"
2332,Panadería Rojas 2332,panadería,Surco,"POINT(-12.150542, -76.971606)"
2333,Gasolinera Vargas 2333,gasolinera,Surco,"POINT(-12.154456, -76.981776)"
2334,Electrónica Aguilar 2334,electrónica,San Isidro,"POINT(-12.096428, -77.023175)"
2335,Farmacia Vargas 2335,farmacia,Los Olivos,"POINT(-11.979827, -77.082275)"
2336,Librería Ponce 2336,librería,Lima,"POINT(-12.042845, -77.030019)"
2337,Librería Rojas 2337,librería,San Miguel,"POINT(-12.075172, -77.085161)"
2338,Panadería Cárdenas 2338,panadería,Los Olivos,"POINT(-12.000610, -77.058530)"
2339,Panadería Mendoza 2339,panadería,San Miguel,"POINT(-12.077900, -77.094594)"
2340,Supermercado Castillo 2340,supermercado,Miraflores,"POINT(-12.133490, -77.012941)"
2341,Librería Aguilar 2341,librería,Barranco,"POINT(-12.146946, -77.021234)"
2342,Gasolinera Ponce 2342,gasolinera,La Molina,"POINT(-12.073723, -76.959065)"
2343,Gasolinera Ponce 2343,gasolinera,Surco,"POINT(-12.126455, -76.984069)"
2344,Farmacia Flores 2344,farmacia,Los Olivos,"POINT(-11.987252, -77.074744)"
2345,Electrónica Chávez 2345,electrónica,Jesús María,"POINT(-12.078295, -77.058276)"
2346,Librería Quispe 2346,librería,Los Olivos,"POINT(-11.970684, -77.060771)"
2347,Farmacia Paredes 2347,farmacia,San Borja,"POINT(-12.101977, -76.984913)"
2348,Panadería Chávez 2348,panadería,Los Olivos,"POINT(-11.994415, -77.083379)"
2349,Supermercado Vargas 2349,supermercado,San Borja,"POINT(-12.100659, -76.987484)"
2350,Gasolinera Salazar 2350,gasolinera,Los Olivos,"POINT(-11.970004, -77.067450)"
2351,Gasolinera Chávez 2351,gasolinera,Pueblo Libre,"POINT(-12.074800, -77.070327)"
2352,Librería Flores 2352,librería,Lima,"POINT(-12.035944, -77.077091)"
2353,Ferretería Rojas 2353,ferretería,San Miguel,"POINT(-12.069731, -77.100584)"
2354,Panadería Rojas 2354,panadería,San Borja,"POINT(-12.095227, -76.991206)"
2355,Gasolinera Mendoza 2355,gasolinera,Lince,"POINT(-12.083436, -77.031746)"
2356,Restaurante Paredes 2356,restaurante,La Molina,"POINT(-12.072996, -76.923616)"
2357,Librería Flores 2357,librería,Los Olivos,"POINT(-11.984566, -77.071535)"
2358,Ferretería Quispe 2358,ferretería,Miraflores,"POINT(-12.123487, -77.030562)"
2359,Farmacia Mendoza 2359,farmacia,San Borja,"POINT(-12.106413, -76.984153)"
2360,Electrónica Ramos 2360,electrónica,Lima,"POINT(-12.048117, -77.064195)"
2361,Panadería Rojas 2361,panadería,Lima,"POINT(-12.043534, -77.062054)"
2362,Farmacia Mendoza 2362,farmacia,Barranco,"POINT(-12.140758, -77.011360)"
2363,Librería Rojas 2363,librería,Jesús María,"POINT(-12.087315, -77.051281)"
2364,Restaurante Espinoza 2364,restaurante,Lima,"POINT(-12.040900, -77.017536)"
2365,Supermercado Flores 2365,supermercado,La Molina,"POINT(-12.070128, -76.942087)"
2366,Supermercado Flores 2366,supermercado,Lima,"POINT(-12.043347, -77.035121)"
2367,Librería Espinoza 2367,librería,San Isidro,"POINT(-12.095709, -77.048545)"
2368,Electrónica Espinoza 2368,electrónica,Lima,"POINT(-12.062602, -77.052949)"
2369,Librería Ríos 2369,librería,Pueblo Libre,"POINT(-12.081440, -77.068643)"
2370,Panadería Ramos 2370,panadería,San Isidro,"POINT(-12.102470, -77.021584)"
2371,Gasolinera Ponce 2371,gasolinera,Los Olivos,"POINT(-11.990250, -77.066685)"
2372,Ferretería Ponce 2372,ferretería,Barranco,"POINT(-12.140372, -77.010744)"
2373,Ferretería Vargas 2373,ferretería,Surco,"POINT(-12.133797, -76.998073)"
2374,Supermercado Ponce 2374,supermercado,La Molina,"POINT(-12.085875, -76.955709)"
2375,Farmacia Ríos 2375,farmacia,Miraflores,"POINT(-12.120860, -77.028865)"
2376,Ferretería Flores 2376,ferretería,San Borja,"POINT(-12.088392, -76.993073)"
2377,Electrónica Chávez 2377,electrónica,Lima,"POINT(-12.046789, -77.061756)"
2378,Ferretería Ríos 2378,ferretería,San Miguel,"POINT(-12.071273, -77.088348)"
2379,Electrónica Chávez 2379,electrónica,San Miguel,"POINT(-12.080385, -77.091830)"
2380,Farmacia Aguilar 2380,farmacia,Lince,"POINT(-12.083994, -77.029375)"
2381,Electrónica Rojas 2381,electrónica,La Molina,"POINT(-12.079392, -76.952103)"
2382,Restaurante Mendoza 2382,restaurante,Barranco,"POINT(-12.146843, -77.013648)"
2383,Farmacia Paredes 2383,farmacia,Surco,"POINT(-12.162990, -76.982957)"
2384,Librería Espinoza 2384,librería,La Molina,"POINT(-12.076559, -76.954152)"
2385,Gasolinera Mendoza 2385,gasolinera,La Molina,"POINT(-12.077961, -76.955413)"
2386,Gasolinera Espinoza 2386,gasolinera,Pueblo Libre,"POINT(-12.073415, -77.070693)"
2387,Panadería Salazar 2387,panadería,Los Olivos,"POINT(-11.964723, -77.064513)"
2388,Supermercado Quispe 2388,supermercado,Lima,"POINT(-12.041568, -77.051646)"
2389,Gasolinera Ponce 2389,gasolinera,La Molina,"POINT(-12.070292, -76.927998)"
2390,Farmacia Rojas 2390,farmacia,Pueblo Libre,"POINT(-12.074674, -77.064930)"
2391,Supermercado Castillo 2391,supermercado,La Molina,"POINT(-12.085477, -76.950176)"
2392,Restaurante Espinoza 2392,restaurante,La Molina,"POINT(-12.078903, -76.942580)"
2393,Supermercado Salazar 2393,supermercado,San Isidro,"POINT(-12.099202, -77.021825)"
2394,Panadería Salazar 2394,panadería,Surco,"POINT(-12.142951, -76.971728)"
2395,Librería Ramos 2395,librería,San Borja,"POINT(-12.088434, -76.984372)"
2396,Farmacia Rojas 2396,farmacia,San Isidro,"POINT(-12.101191, -77.042825)"
2397,Farmacia Vargas 2397,farmacia,Lince,"POINT(-12.083194, -77.036316)"
2398,Supermercado Aguilar 2398,supermercado,La Molina,"POINT(-12.067162, -76.955077)"
2399,Librería Espinoza 2399,librería,Lima,"POINT(-12.034539, -77.050501)"
2400,Librería Aguilar 2400,librería,San Borja,"POINT(-12.102251, -76.985185)"
2401,Panadería Mendoza 2401,panadería,San Miguel,"POINT(-12.068785, -77.098736)"
2402,Ferretería Salazar 2402,ferretería,Pueblo Libre,"POINT(-12.068670, -77.064599)"
2403,Panadería Paredes 2403,panadería,Miraflores,"POINT(-12.134992, -77.014552)"
2404,Farmacia Ponce 2404,farmacia,San Borja,"POINT(-12.091904, -76.998726)"
2405,Ferretería Vargas 2405,ferretería,Surco,"POINT(-12.136942, -76.996446)"
2406,Farmacia Quispe 2406,farmacia,Pueblo Libre,"POINT(-12.075969, -77.072519)"
2407,Panadería Espinoza 2407,panadería,San Isidro,"POINT(-12.102093, -77.052152)"
2408,Librería Vargas 2408,librería,Surco,"POINT(-12.152944, -76.992480)"
2409,Electrónica Aguilar 2409,electrónica,San Miguel,"POINT(-12.079527, -77.086869)"
2410,Librería Vargas 2410,librería,San Borja,"POINT(-12.110717, -77.002556)"
2411,Gasolinera Rojas 2411,gasolinera,Barranco,"POINT(-12.139067, -77.011268)"
2412,Supermercado Aguilar 2412,supermercado,San Borja,"POINT(-12.092174, -76.992943)"
2413,Panadería Salazar 2413,panadería,Surco,"POINT(-12.156669, -76.984165)"
2414,Electrónica Quispe 2414,electrónica,Pueblo Libre,"POINT(-12.079722, -77.065138)"
2415,Supermercado Salazar 2415,supermercado,San Isidro,"POINT(-12.105934, -77.024834)"
2416,Librería Aguilar 2416,librería,Lince,"POINT(-12.089134, -77.024144)"
2417,Ferretería Paredes 2417,ferretería,Lince,"POINT(-12.080586, -77.028962)"
2418,Supermercado Quispe 2418,supermercado,Miraflores,"POINT(-12.127679, -77.009837)"
2419,Supermercado Ríos 2419,supermercado,La Molina,"POINT(-12.079561, -76.936580)"
2420,Librería Mendoza 2420,librería,Lince,"POINT(-12.089132, -77.037939)"
2421,Gasolinera Chávez 2421,gasolinera,San Miguel,"POINT(-12.076620, -77.086033)"
2422,Supermercado Ponce 2422,supermercado,Surco,"POINT(-12.153911, -76.973304)"
2423,Restaurante Salazar 2423,restaurante,Pueblo Libre,"POINT(-12.072155, -77.065681)"
2424,Panadería Chávez 2424,panadería,Los Olivos,"POINT(-11.958108, -77.069911)"
2425,Gasolinera Vargas 2425,gasolinera,Lima,"POINT(-12.045689, -77.024988)"
2426,Supermercado Chávez 2426,supermercado,La Molina,"POINT(-12.091874, -76.930154)"
2427,Gasolinera Cárdenas 2427,gasolinera,Lima,"POINT(-12.054287, -77.041757)"
2428,Ferretería Espinoza 2428,ferretería,Miraflores,"POINT(-12.133296, -77.010648)"
2429,Restaurante Quispe 2429,restaurante,Surco,"POINT(-12.118900, -76.979170)"
2430,Restaurante Flores 2430,restaurante,Lima,"POINT(-12.050805, -77.047196)"
2431,Librería Vargas 2431,librería,Jesús María,"POINT(-12.080361, -77.057188)"
2432,Panadería Castillo 2432,panadería,Lima,"POINT(-12.064940, -77.030146)"
2433,Electrónica Mendoza 2433,electrónica,Surco,"POINT(-12.128295, -76.985310)"
2434,Gasolinera Castillo 2434,gasolinera,Barranco,"POINT(-12.151877, -77.011518)"
2435,Librería Rojas 2435,librería,Lima,"POINT(-12.041066, -77.055638)"
2436,Electrónica Salazar 2436,electrónica,Los Olivos,"POINT(-11.966149, -77.067025)"
2437,Panadería Espinoza 2437,panadería,Los Olivos,"POINT(-11.985386, -77.072799)"
2438,Farmacia Ponce 2438,farmacia,Lima,"POINT(-12.036945, -77.080964)"
2439,Farmacia Vargas 2439,farmacia,Los Olivos,"POINT(-11.967708, -77.060813)"
2440,Farmacia Ramos 2440,farmacia,San Miguel,"POINT(-12.071744, -77.086830)"
2441,Supermercado Flores 2441,supermercado,Surco,"POINT(-12.147568, -76.966906)"
2442,Farmacia Castillo 2442,farmacia,San Borja,"POINT(-12.104573, -76.999812)"
2443,Restaurante Mendoza 2443,restaurante,Jesús María,"POINT(-12.080708, -77.059728)"
2444,Gasolinera Salazar 2444,gasolinera,Surco,"POINT(-12.118006, -76.976699)"
2445,Supermercado Salazar 2445,supermercado,San Isidro,"POINT(-12.104851, -77.027841)"
2446,Restaurante Rojas 2446,restaurante,Lima,"POINT(-12.049306, -77.026703)"
2447,Librería Huamán 2447,librería,San Miguel,"POINT(-12.076386, -77.100273)"
2448,Panadería Quispe 2448,panadería,San Isidro,"POINT(-12.103163, -77.056715)"
2449,Librería Mendoza 2449,librería,La Molina,"POINT(-12.090592, -76.959738)"
2450,Electrónica Mendoza 2450,electrónica,Barranco,"POINT(-12.149123, -77.019050)"
2451,Panadería Paredes 2451,panadería,Surco,"POINT(-12.151461, -76.999703)"
2452,Panadería Salazar 2452,panadería,San Miguel,"POINT(-12.073056, -77.080816)"
2453,Librería Paredes 2453,librería,Los Olivos,"POINT(-11.975889, -77.073267)"
2454,Restaurante Paredes 2454,restaurante,Lince,"POINT(-12.089663, -77.028648)"
2455,Supermercado Ríos 2455,supermercado,Lima,"POINT(-12.058547, -77.077657)"
2456,Panadería Ríos 2456,panadería,San Miguel,"POINT(-12.072926, -77.079904)"
2457,Librería Cárdenas 2457,librería,Los Olivos,"POINT(-11.993682, -77.071647)"
2458,Panadería Mendoza 2458,panadería,Surco,"POINT(-12.125696, -76.971772)"
2459,Ferretería Espinoza 2459,ferretería,Lima,"POINT(-12.043355, -77.064179)"
2460,Gasolinera Mendoza 2460,gasolinera,Miraflores,"POINT(-12.124942, -77.013010)"
2461,Librería Ponce 2461,librería,Los Olivos,"POINT(-11.960841, -77.076615)"
2462,Electrónica Flores 2462,electrónica,Lima,"POINT(-12.062577, -77.050354)"
2463,Electrónica Flores 2463,electrónica,La Molina,"POINT(-12.067714, -76.951271)"
2464,Restaurante Ponce 2464,restaurante,Surco,"POINT(-12.145840, -77.001396)"
2465,Electrónica Paredes 2465,electrónica,Los Olivos,"POINT(-11.961441, -77.079621)"
2466,Supermercado Espinoza 2466,supermercado,La Molina,"POINT(-12.073229, -76.957920)"
2467,Panadería Castillo 2467,panadería,Pueblo Libre,"POINT(-12.075132, -77.073026)"
2468,Panadería Espinoza 2468,panadería,Barranco,"POINT(-12.145413, -77.012280)"
2469,Panadería Quispe 2469,panadería,San Isidro,"POINT(-12.103488, -77.042903)"
2470,Farmacia Huamán 2470,farmacia,Lima,"POINT(-12.046694, -77.070792)"
2471,Electrónica Espinoza 2471,electrónica,Los Olivos,"POINT(-11.958246, -77.060926)"
2472,Gasolinera Vargas 2472,gasolinera,Barranco,"POINT(-12.154465, -77.015207)"
2473,Supermercado Vargas 2473,supermercado,Lima,"POINT(-12.053445, -77.072744)"
2474,Electrónica Vargas 2474,electrónica,San Isidro,"POINT(-12.097102, -77.034439)"
2475,Gasolinera Chávez 2475,gasolinera,San Borja,"POINT(-12.107040, -76.980629)"
2476,Gasolinera Ríos 2476,gasolinera,Surco,"POINT(-12.123579, -76.993292)"
2477,Restaurante Rojas 2477,restaurante,Miraflores,"POINT(-12.123815, -77.014291)"
2478,Farmacia Salazar 2478,farmacia,Miraflores,"POINT(-12.125248, -77.024624)"
2479,Supermercado Castillo 2479,supermercado,San Borja,"POINT(-12.089781, -76.989252)"
2480,Panadería Mendoza 2480,panadería,Surco,"POINT(-12.133098, -76.978737)"
2481,Ferretería Vargas 2481,ferretería,San Isidro,"POINT(-12.106702, -77.048806)"
2482,Panadería Ramos 2482,panadería,San Borja,"POINT(-12.110584, -76.998696)"
2483,Librería Aguilar 2483,librería,San Miguel,"POINT(-12.071242, -77.085277)"
2484,Panadería Espinoza 2484,panadería,Surco,"POINT(-12.164185, -76.984269)"
2485,Gasolinera Ramos 2485,gasolinera,Surco,"POINT(-12.120032, -76.993515)"
2486,Librería Salazar 2486,librería,La Molina,"POINT(-12.076142, -76.922917)"
2487,Supermercado Ríos 2487,supermercado,Los Olivos,"POINT(-11.977621, -77.072881)"
2488,Librería Ramos 2488,librería,Los Olivos,"POINT(-11.997347, -77.062118)"
2489,Panadería Rojas 2489,panadería,San Borja,"POINT(-12.104545, -76.988316)"
2490,Farmacia Ríos 2490,farmacia,Los Olivos,"POINT(-11.958591, -77.071149)"
2491,Librería Chávez 2491,librería,San Borja,"POINT(-12.108392, -77.002393)"
2492,Supermercado Flores 2492,supermercado,Miraflores,"POINT(-12.120115, -77.028888)"
2493,Panadería Huamán 2493,panadería,Surco,"POINT(-12.118512, -76.980744)"
2494,Restaurante Ramos 2494,restaurante,La Molina,"POINT(-12.079898, -76.950336)"
2495,Ferretería Mendoza 2495,ferretería,San Borja,"POINT(-12.095753, -77.004140)"
2496,Electrónica Mendoza 2496,electrónica,Lince,"POINT(-12.092661, -77.028388)"
2497,Supermercado Aguilar 2497,supermercado,San Borja,"POINT(-12.090161, -77.000950)"
2498,Restaurante Rojas 2498,restaurante,Surco,"POINT(-12.133910, -77.001464)"
2499,Librería Mendoza 2499,librería,Lima,"POINT(-12.047797, -77.045821)"
2500,Gasolinera Salazar 2500,gasolinera,San Isidro,"POINT(-12.106554, -77.017604)"
2501,Farmacia Mendoza 2501,farmacia,Pueblo Libre,"POINT(-12.083487, -77.072613)"
2502,Electrónica Espinoza 2502,electrónica,San Borja,"POINT(-12.095212, -77.004235)"
2503,Gasolinera Paredes 2503,gasolinera,San Miguel,"POINT(-12.074136, -77.097460)"
2504,Panadería Huamán 2504,panadería,Miraflores,"POINT(-12.129453, -77.026997)"
2505,Farmacia Huamán 2505,farmacia,Jesús María,"POINT(-12.080193, -77.047207)"
2506,Restaurante Castillo 2506,restaurante,Lima,"POINT(-12.047257, -77.022501)"
2507,Restaurante Chávez 2507,restaurante,Lima,"POINT(-12.062240, -77.025181)"
2508,Restaurante Espinoza 2508,restaurante,San Borja,"POINT(-12.098328, -76.986070)"
2509,Restaurante Quispe 2509,restaurante,San Borja,"POINT(-12.096920, -76.996917)"
2510,Restaurante Huamán 2510,restaurante,Barranco,"POINT(-12.154578, -77.008266)"
2511,Panadería Paredes 2511,panadería,Lince,"POINT(-12.085760, -77.030136)"
2512,Gasolinera Castillo 2512,gasolinera,Jesús María,"POINT(-12.081577, -77.050694)"
2513,Gasolinera Aguilar 2513,gasolinera,Surco,"POINT(-12.148952, -76.983916)"
2514,Gasolinera Huamán 2514,gasolinera,Barranco,"POINT(-12.144409, -77.011675)"
2515,Restaurante Mendoza 2515,restaurante,Lima,"POINT(-12.040404, -77.067573)"
2516,Librería Salazar 2516,librería,Miraflores,"POINT(-12.125917, -77.015915)"
2517,Farmacia Cárdenas 2517,farmacia,Miraflores,"POINT(-12.114680, -77.038393)"
2518,Panadería Ríos 2518,panadería,Barranco,"POINT(-12.153044, -77.008154)"
2519,Supermercado Salazar 2519,supermercado,San Borja,"POINT(-12.110494, -76.980219)"
2520,Restaurante Ríos 2520,restaurante,San Borja,"POINT(-12.096428, -76.989942)"
2521,Supermercado Castillo 2521,supermercado,San Miguel,"POINT(-12.071694, -77.102549)"
2522,Restaurante Rojas 2522,restaurante,Pueblo Libre,"POINT(-12.078639, -77.074060)"
2523,Panadería Paredes 2523,panadería,Lince,"POINT(-12.081968, -77.030963)"
2524,Ferretería Paredes 2524,ferretería,Lima,"POINT(-12.052789, -77.081915)"
2525,Electrónica Espinoza 2525,electrónica,Lince,"POINT(-12.081959, -77.036373)"
2526,Panadería Cárdenas 2526,panadería,Lima,"POINT(-12.064002, -77.028011)"
2527,Electrónica Ríos 2527,electrónica,Lima,"POINT(-12.059687, -77.062981)"
2528,Electrónica Cárdenas 2528,electrónica,Miraflores,"POINT(-12.115419, -77.015154)"
2529,Electrónica Quispe 2529,electrónica,Miraflores,"POINT(-12.121895, -77.029222)"
2530,Supermercado Rojas 2530,supermercado,Lima,"POINT(-12.043711, -77.057371)"
2531,Ferretería Paredes 2531,ferretería,Lima,"POINT(-12.038338, -77.022237)"
2532,Restaurante Ríos 2532,restaurante,San Borja,"POINT(-12.088693, -76.991404)"
2533,Restaurante Mendoza 2533,restaurante,Barranco,"POINT(-12.142346, -77.017793)"
2534,Gasolinera Cárdenas 2534,gasolinera,Lima,"POINT(-12.042177, -77.048490)"
2535,Restaurante Mendoza 2535,restaurante,Los Olivos,"POINT(-11.987550, -77.063727)"
2536,Gasolinera Paredes 2536,gasolinera,Los Olivos,"POINT(-11.996126, -77.059741)"
2537,Restaurante Castillo 2537,restaurante,Miraflores,"POINT(-12.125344, -77.024143)"
2538,Gasolinera Castillo 2538,gasolinera,Los Olivos,"POINT(-11.958284, -77.064698)"
2539,Supermercado Ríos 2539,supermercado,Lince,"POINT(-12.088038, -77.032402)"
2540,Librería Ponce 2540,librería,San Borja,"POINT(-12.088128, -76.990134)"
2541,Electrónica Castillo 2541,electrónica,San Borja,"POINT(-12.087709, -76.995731)"
2542,Restaurante Cárdenas 2542,restaurante,Los Olivos,"POINT(-11.985365, -77.060889)"
2543,Electrónica Cárdenas 2543,electrónica,Jesús María,"POINT(-12.084471, -77.060943)"
2544,Farmacia Ramos 2544,farmacia,Miraflores,"POINT(-12.113429, -77.019368)"
2545,Panadería Paredes 2545,panadería,Lima,"POINT(-12.034109, -77.049913)"
2546,Gasolinera Aguilar 2546,gasolinera,Los Olivos,"POINT(-11.995833, -77.074430)"
2547,Ferretería Chávez 2547,ferretería,San Borja,"POINT(-12.103787, -76.987672)"
2548,Panadería Ramos 2548,panadería,Surco,"POINT(-12.124198, -76.993037)"
2549,Ferretería Paredes 2549,ferretería,La Molina,"POINT(-12.077373, -76.966277)"
2550,Electrónica Castillo 2550,electrónica,La Molina,"POINT(-12.079545, -76.919552)"
2551,Restaurante Huamán 2551,restaurante,Los Olivos,"POINT(-11.957949, -77.081967)"
2552,Panadería Castillo 2552,panadería,San Borja,"POINT(-12.104610, -76.999891)"
2553,Ferretería Cárdenas 2553,ferretería,Miraflores,"POINT(-12.132258, -77.018048)"
2554,Panadería Vargas 2554,panadería,Miraflores,"POINT(-12.130601, -77.022474)"
2555,Panadería Huamán 2555,panadería,Los Olivos,"POINT(-11.971493, -77.080772)"
2556,Gasolinera Espinoza 2556,gasolinera,San Isidro,"POINT(-12.098010, -77.050778)"
2557,Panadería Ramos 2557,panadería,La Molina,"POINT(-12.093230, -76.930043)"
2558,Panadería Ramos 2558,panadería,Surco,"POINT(-12.130237, -76.994130)"
2559,Ferretería Paredes 2559,ferretería,Los Olivos,"POINT(-11.979616, -77.060779)"
2560,Electrónica Castillo 2560,electrónica,Lima,"POINT(-12.052556, -77.061024)"
2561,Gasolinera Ríos 2561,gasolinera,Miraflores,"POINT(-12.134100, -77.026293)"
2562,Ferretería Ríos 2562,ferretería,Lima,"POINT(-12.041885, -77.037801)"
2563,Farmacia Salazar 2563,farmacia,Los Olivos,"POINT(-11.998674, -77.084284)"
2564,Librería Salazar 2564,librería,Jesús María,"POINT(-12.078958, -77.041050)"
2565,Electrónica Espinoza 2565,electrónica,San Isidro,"POINT(-12.096012, -77.032152)"
2566,Librería Espinoza 2566,librería,Miraflores,"POINT(-12.131455, -77.016424)"
2567,Panadería Ramos 2567,panadería,San Isidro,"POINT(-12.101045, -77.055684)"
2568,Librería Vargas 2568,librería,Lima,"POINT(-12.051755, -77.060458)"
2569,Gasolinera Flores 2569,gasolinera,San Borja,"POINT(-12.107893, -76.998055)"
2570,Electrónica Espinoza 2570,electrónica,Lima,"POINT(-12.047116, -77.067727)"
2571,Farmacia Castillo 2571,farmacia,San Isidro,"POINT(-12.106516, -77.040362)"
2572,Librería Flores 2572,librería,Surco,"POINT(-12.131696, -76.994703)"
2573,Farmacia Ponce 2573,farmacia,Miraflores,"POINT(-12.131777, -77.027107)"
2574,Farmacia Flores 2574,farmacia,Jesús María,"POINT(-12.071202, -77.042959)"
2575,Restaurante Flores 2575,restaurante,San Isidro,"POINT(-12.102258, -77.051072)"
2576,Supermercado Paredes 2576,supermercado,San Miguel,"POINT(-12.070594, -77.089253)"
2577,Electrónica Castillo 2577,electrónica,La Molina,"POINT(-12.080329, -76.949614)"
2578,Librería Paredes 2578,librería,Surco,"POINT(-12.124894, -76.994867)"
2579,Ferretería Vargas 2579,ferretería,Jesús María,"POINT(-12.085854, -77.044354)"
2580,Gasolinera Vargas 2580,gasolinera,Lima,"POINT(-12.050707, -77.050780)"
2581,Ferretería Flores 2581,ferretería,San Miguel,"POINT(-12.077002, -77.099112)"
2582,Ferretería Huamán 2582,ferretería,Jesús María,"POINT(-12.077191, -77.051700)"
2583,Ferretería Mendoza 2583,ferretería,Miraflores,"POINT(-12.120143, -77.011343)"
2584,Ferretería Mendoza 2584,ferretería,Pueblo Libre,"POINT(-12.069573, -77.074727)"
2585,Restaurante Huamán 2585,restaurante,La Molina,"POINT(-12.085456, -76.917341)"
2586,Ferretería Salazar 2586,ferretería,Lima,"POINT(-12.058873, -77.048343)"
2587,Restaurante Cárdenas 2587,restaurante,Pueblo Libre,"POINT(-12.078358, -77.064999)"
2588,Electrónica Ríos 2588,electrónica,San Isidro,"POINT(-12.104025, -77.052114)"
2589,Restaurante Ponce 2589,restaurante,Jesús María,"POINT(-12.078626, -77.046906)"
2590,Supermercado Espinoza 2590,supermercado,La Molina,"POINT(-12.099020, -76.931988)"
2591,Electrónica Cárdenas 2591,electrónica,Surco,"POINT(-12.160155, -76.984325)"
2592,Supermercado Mendoza 2592,supermercado,La Molina,"POINT(-12.077001, -76.924630)"
2593,Electrónica Flores 2593,electrónica,Lima,"POINT(-12.055505, -77.058535)"
2594,Supermercado Paredes 2594,supermercado,Jesús María,"POINT(-12.087783, -77.060627)"
2595,Electrónica Vargas 2595,electrónica,San Isidro,"POINT(-12.104453, -77.035529)"
2596,Supermercado Cárdenas 2596,supermercado,Surco,"POINT(-12.124591, -76.985518)"
2597,Gasolinera Cárdenas 2597,gasolinera,Miraflores,"POINT(-12.134867, -77.025002)"
2598,Ferretería Ramos 2598,ferretería,Surco,"POINT(-12.155783, -76.982947)"
2599,Farmacia Chávez 2599,farmacia,San Borja,"POINT(-12.110251, -76.982582)"
2600,Supermercado Quispe 2600,supermercado,La Molina,"POINT(-12.082071, -76.953639)"
2601,Librería Salazar 2601,librería,Lima,"POINT(-12.042936, -77.018490)"
2602,Gasolinera Ponce 2602,gasolinera,Lince,"POINT(-12.087996, -77.027075)"
2603,Supermercado Ramos 2603,supermercado,Pueblo Libre,"POINT(-12.070896, -77.074878)"
2604,Ferretería Paredes 2604,ferretería,Surco,"POINT(-12.125769, -77.001753)"
2605,Farmacia Salazar 2605,farmacia,San Isidro,"POINT(-12.103987, -77.021235)"
2606,Ferretería Chávez 2606,ferretería,Miraflores,"POINT(-12.130008, -77.031116)"
2607,Farmacia Ponce 2607,farmacia,San Borja,"POINT(-12.103378, -77.000781)"
2608,Ferretería Mendoza 2608,ferretería,La Molina,"POINT(-12.084124, -76.964609)"
2609,Librería Ríos 2609,librería,Lima,"POINT(-12.043800, -77.067431)"
2610,Supermercado Vargas 2610,supermercado,Lima,"POINT(-12.044029, -77.018133)"
2611,Librería Quispe 2611,librería,Los Olivos,"POINT(-11.982801, -77.080518)"
2612,Farmacia Vargas 2612,farmacia,San Isidro,"POINT(-12.107525, -77.025742)"
2613,Restaurante Ramos 2613,restaurante,Lince,"POINT(-12.079448, -77.029925)"
2614,Librería Espinoza 2614,librería,Surco,"POINT(-12.147944, -77.000948)"
2615,Ferretería Mendoza 2615,ferretería,Jesús María,"POINT(-12.086864, -77.053050)"
2616,Restaurante Cárdenas 2616,restaurante,Miraflores,"POINT(-12.123016, -77.015366)"
2617,Supermercado Ramos 2617,supermercado,San Isidro,"POINT(-12.106777, -77.021601)"
2618,Panadería Quispe 2618,panadería,San Miguel,"POINT(-12.075922, -77.090190)"
2619,Supermercado Ponce 2619,supermercado,Lima,"POINT(-12.063797, -77.079627)"
2620,Panadería Flores 2620,panadería,Miraflores,"POINT(-12.133219, -77.023400)"
2621,Gasolinera Vargas 2621,gasolinera,Pueblo Libre,"POINT(-12.069609, -77.064869)"
2622,Ferretería Castillo 2622,ferretería,San Borja,"POINT(-12.112042, -76.987181)"
2623,Electrónica Flores 2623,electrónica,Lince,"POINT(-12.082767, -77.037843)"
2624,Restaurante Salazar 2624,restaurante,Surco,"POINT(-12.139922, -76.982187)"
2625,Farmacia Quispe 2625,farmacia,Lima,"POINT(-12.062467, -77.026602)"
2626,Gasolinera Vargas 2626,gasolinera,Lima,"POINT(-12.040744, -77.068118)"
2627,Electrónica Paredes 2627,electrónica,Miraflores,"POINT(-12.130228, -77.020930)"
2628,Supermercado Ríos 2628,supermercado,San Isidro,"POINT(-12.101439, -77.044154)"
2629,Restaurante Flores 2629,restaurante,Surco,"POINT(-12.146426, -76.983900)"
2630,Ferretería Ríos 2630,ferretería,Miraflores,"POINT(-12.119822, -77.034693)"
2631,Gasolinera Quispe 2631,gasolinera,San Borja,"POINT(-12.094766, -76.988833)"
2632,Panadería Flores 2632,panadería,Los Olivos,"POINT(-12.003969, -77.074514)"
2633,Ferretería Salazar 2633,ferretería,Jesús María,"POINT(-12.071029, -77.059389)"
2634,Ferretería Ponce 2634,ferretería,Lima,"POINT(-12.045111, -77.064467)"
2635,Supermercado Paredes 2635,supermercado,San Isidro,"POINT(-12.106684, -77.046471)"
2636,Restaurante Huamán 2636,restaurante,Barranco,"POINT(-12.148069, -77.009116)"
2637,Supermercado Aguilar 2637,supermercado,San Borja,"POINT(-12.102551, -77.001654)"
2638,Gasolinera Espinoza 2638,gasolinera,San Borja,"POINT(-12.097773, -76.996678)"
2639,Ferretería Ríos 2639,ferretería,Miraflores,"POINT(-12.118128, -77.012911)"
2640,Ferretería Castillo 2640,ferretería,Los Olivos,"POINT(-12.000812, -77.068090)"
2641,Gasolinera Ponce 2641,gasolinera,Surco,"POINT(-12.148700, -76.972241)"
2642,Electrónica Ponce 2642,electrónica,San Borja,"POINT(-12.086269, -76.984798)"
2643,Electrónica Aguilar 2643,electrónica,Surco,"POINT(-12.144781, -76.973768)"
2644,Farmacia Huamán 2644,farmacia,Jesús María,"POINT(-12.075131, -77.059005)"
2645,Librería Aguilar 2645,librería,Lima,"POINT(-12.037696, -77.052144)"
2646,Gasolinera Ríos 2646,gasolinera,San Borja,"POINT(-12.104057, -76.997783)"
2647,Librería Salazar 2647,librería,Jesús María,"POINT(-12.080755, -77.045675)"
2648,Farmacia Castillo 2648,farmacia,Miraflores,"POINT(-12.121945, -77.025579)"
2649,Gasolinera Cárdenas 2649,gasolinera,Miraflores,"POINT(-12.113684, -77.020722)"
2650,Panadería Ríos 2650,panadería,Pueblo Libre,"POINT(-12.080458, -77.067864)"
2651,Electrónica Castillo 2651,electrónica,La Molina,"POINT(-12.081718, -76.935510)"
2652,Supermercado Ponce 2652,supermercado,La Molina,"POINT(-12.072310, -76.930948)"
2653,Supermercado Huamán 2653,supermercado,La Molina,"POINT(-12.086905, -76.965553)"
2654,Restaurante Flores 2654,restaurante,San Miguel,"POINT(-12.080464, -77.080921)"
2655,Gasolinera Quispe 2655,gasolinera,Lima,"POINT(-12.058601, -77.037086)"
2656,Gasolinera Ramos 2656,gasolinera,Los Olivos,"POINT(-11.976889, -77.072918)"
2657,Ferretería Flores 2657,ferretería,Barranco,"POINT(-12.147459, -77.017256)"
2658,Restaurante Flores 2658,restaurante,Surco,"POINT(-12.137697, -76.990591)"
2659,Gasolinera Mendoza 2659,gasolinera,Jesús María,"POINT(-12.075715, -77.042796)"
2660,Ferretería Espinoza 2660,ferretería,Lince,"POINT(-12.078787, -77.032598)"
2661,Panadería Castillo 2661,panadería,Miraflores,"POINT(-12.120072, -77.038796)"
2662,Panadería Ríos 2662,panadería,Miraflores,"POINT(-12.126112, -77.014630)"
2663,Panadería Espinoza 2663,panadería,La Molina,"POINT(-12.095372, -76.962170)"
2664,Ferretería Aguilar 2664,ferretería,Lima,"POINT(-12.056825, -77.027531)"
2665,Supermercado Castillo 2665,supermercado,Los Olivos,"POINT(-12.001194, -77.071592)"
2666,Restaurante Ponce 2666,restaurante,Los Olivos,"POINT(-12.003177, -77.081360)"
2667,Gasolinera Rojas 2667,gasolinera,Miraflores,"POINT(-12.133485, -77.024555)"
2668,Electrónica Cárdenas 2668,electrónica,Lima,"POINT(-12.059290, -77.076572)"
2669,Ferretería Espinoza 2669,ferretería,San Borja,"POINT(-12.091623, -76.989951)"
2670,Electrónica Castillo 2670,electrónica,Los Olivos,"POINT(-11.972784, -77.082053)"
2671,Farmacia Castillo 2671,farmacia,San Miguel,"POINT(-12.073115, -77.092351)"
2672,Restaurante Castillo 2672,restaurante,Lima,"POINT(-12.042476, -77.059431)"
2673,Librería Castillo 2673,librería,San Borja,"POINT(-12.108444, -76.984589)"
2674,Electrónica Ponce 2674,electrónica,San Isidro,"POINT(-12.103249, -77.017565)"
2675,Farmacia Ramos 2675,farmacia,Lima,"POINT(-12.046097, -77.078036)"
2676,Supermercado Ponce 2676,supermercado,Surco,"POINT(-12.122045, -76.995905)"
2677,Panadería Cárdenas 2677,panadería,Jesús María,"POINT(-12.068125, -77.056483)"
2678,Librería Ponce 2678,librería,Lince,"POINT(-12.090821, -77.030918)"
2679,Ferretería Quispe 2679,ferretería,La Molina,"POINT(-12.097038, -76.954018)"
2680,Panadería Vargas 2680,panadería,San Miguel,"POINT(-12.073830, -77.089557)"
2681,Restaurante Flores 2681,restaurante,Los Olivos,"POINT(-11.978867, -77.077492)"
2682,Farmacia Quispe 2682,farmacia,Jesús María,"POINT(-12.067509, -77.053236)"
2683,Restaurante Salazar 2683,restaurante,Los Olivos,"POINT(-11.984270, -77.071458)"
2684,Panadería Ponce 2684,panadería,Surco,"POINT(-12.132625, -76.980042)"
2685,Electrónica Quispe 2685,electrónica,Pueblo Libre,"POINT(-12.069801, -77.071431)"
2686,Restaurante Rojas 2686,restaurante,Barranco,"POINT(-12.149848, -77.019979)"
2687,Electrónica Vargas 2687,electrónica,Miraflores,"POINT(-12.134168, -77.020170)"
2688,Restaurante Huamán 2688,restaurante,Surco,"POINT(-12.147125, -76.975477)"
2689,Panadería Ponce 2689,panadería,San Isidro,"POINT(-12.098314, -77.042915)"
2690,Farmacia Ponce 2690,farmacia,Barranco,"POINT(-12.138668, -77.010591)"
2691,Panadería Cárdenas 2691,panadería,Miraflores,"POINT(-12.124945, -77.023275)"
2692,Ferretería Flores 2692,ferretería,Pueblo Libre,"POINT(-12.074906, -77.066097)"
2693,Restaurante Mendoza 2693,restaurante,Los Olivos,"POINT(-11.985482, -77.079777)"
2694,Ferretería Huamán 2694,ferretería,San Isidro,"POINT(-12.105118, -77.032089)"
2695,Ferretería Rojas 2695,ferretería,San Isidro,"POINT(-12.108114, -77.050064)"
2696,Electrónica Chávez 2696,electrónica,Pueblo Libre,"POINT(-12.072219, -77.065465)"
2697,Ferretería Chávez 2697,ferretería,Lince,"POINT(-12.081640, -77.027534)"
2698,Ferretería Rojas 2698,ferretería,San Isidro,"POINT(-12.096127, -77.037315)"
2699,Gasolinera Rojas 2699,gasolinera,Jesús María,"POINT(-12.071911, -77.052534)"
2700,Librería Castillo 2700,librería,Surco,"POINT(-12.145671, -77.000637)"
2701,Panadería Ramos 2701,panadería,La Molina,"POINT(-12.085997, -76.955488)"
2702,Gasolinera Flores 2702,gasolinera,Lima,"POINT(-12.052664, -77.056420)"
2703,Ferretería Huamán 2703,ferretería,San Miguel,"POINT(-12.076116, -77.094827)"
2704,Supermercado Espinoza 2704,supermercado,Miraflores,"POINT(-12.116934, -77.011468)"
2705,Ferretería Rojas 2705,ferretería,La Molina,"POINT(-12.077402, -76.964880)"
2706,Librería Ramos 2706,librería,La Molina,"POINT(-12.089897, -76.952945)"
2707,Restaurante Ríos 2707,restaurante,Lima,"POINT(-12.044873, -77.030625)"
2708,Librería Cárdenas 2708,librería,Jesús María,"POINT(-12.073246, -77.056451)"
2709,Librería Castillo 2709,librería,Lima,"POINT(-12.048622, -77.052826)"
2710,Librería Paredes 2710,librería,Surco,"POINT(-12.128610, -76.991168)"
2711,Electrónica Cárdenas 2711,electrónica,La Molina,"POINT(-12.068260, -76.948957)"
2712,Supermercado Huamán 2712,supermercado,Pueblo Libre,"POINT(-12.075387, -77.065412)"
2713,Librería Ponce 2713,librería,Lima,"POINT(-12.039064, -77.075750)"
2714,Panadería Huamán 2714,panadería,Surco,"POINT(-12.131888, -76.996162)"
2715,Ferretería Ríos 2715,ferretería,San Isidro,"POINT(-12.108185, -77.044015)"
2716,Panadería Vargas 2716,panadería,Miraflores,"POINT(-12.133308, -77.018002)"
2717,Supermercado Aguilar 2717,supermercado,San Isidro,"POINT(-12.104303, -77.050229)"
2718,Farmacia Ramos 2718,farmacia,Lima,"POINT(-12.053332, -77.069929)"
2719,Panadería Rojas 2719,panadería,Miraflores,"POINT(-12.134241, -77.017659)"
2720,Electrónica Chávez 2720,electrónica,Lima,"POINT(-12.062261, -77.069719)"
2721,Ferretería Ponce 2721,ferretería,Lima,"POINT(-12.064725, -77.020980)"
2722,Panadería Mendoza 2722,panadería,Miraflores,"POINT(-12.117475, -77.027064)"
2723,Restaurante Huamán 2723,restaurante,Lima,"POINT(-12.055137, -77.070268)"
2724,Farmacia Espinoza 2724,farmacia,Surco,"POINT(-12.122572, -76.987487)"
2725,Gasolinera Quispe 2725,gasolinera,Miraflores,"POINT(-12.117447, -77.023358)"
2726,Panadería Salazar 2726,panadería,Lince,"POINT(-12.078394, -77.027438)"
2727,Farmacia Flores 2727,farmacia,Los Olivos,"POINT(-11.989932, -77.079738)"
2728,Restaurante Chávez 2728,restaurante,Jesús María,"POINT(-12.088505, -77.046659)"
2729,Panadería Salazar 2729,panadería,Miraflores,"POINT(-12.115338, -77.030774)"
2730,Farmacia Ríos 2730,farmacia,Los Olivos,"POINT(-12.003789, -77.069783)"
2731,Panadería Cárdenas 2731,panadería,La Molina,"POINT(-12.066840, -76.924345)"
2732,Panadería Flores 2732,panadería,Lima,"POINT(-12.055784, -77.070874)"
2733,Supermercado Paredes 2733,supermercado,San Isidro,"POINT(-12.106912, -77.043704)"
2734,Gasolinera Quispe 2734,gasolinera,San Miguel,"POINT(-12.068323, -77.105399)"
2735,Supermercado Vargas 2735,supermercado,San Miguel,"POINT(-12.074560, -77.087608)"
2736,Electrónica Huamán 2736,electrónica,Surco,"POINT(-12.123126, -77.003336)"
2737,Gasolinera Ríos 2737,gasolinera,Pueblo Libre,"POINT(-12.071548, -77.066174)"
2738,Gasolinera Mendoza 2738,gasolinera,San Isidro,"POINT(-12.101901, -77.047151)"
2739,Ferretería Chávez 2739,ferretería,Lima,"POINT(-12.057301, -77.066195)"
2740,Ferretería Castillo 2740,ferretería,San Borja,"POINT(-12.108749, -76.995753)"
2741,Panadería Vargas 2741,panadería,San Borja,"POINT(-12.111882, -76.988922)"
2742,Librería Ríos 2742,librería,Los Olivos,"POINT(-11.980542, -77.074958)"
2743,Gasolinera Ramos 2743,gasolinera,Barranco,"POINT(-12.153083, -77.014932)"
2744,Supermercado Huamán 2744,supermercado,Lince,"POINT(-12.081010, -77.034033)"
2745,Gasolinera Chávez 2745,gasolinera,Los Olivos,"POINT(-11.984022, -77.083615)"
2746,Panadería Paredes 2746,panadería,Lince,"POINT(-12.080322, -77.022875)"
2747,Gasolinera Flores 2747,gasolinera,San Borja,"POINT(-12.108935, -76.982392)"
2748,Ferretería Mendoza 2748,ferretería,La Molina,"POINT(-12.081745, -76.955904)"
2749,Restaurante Salazar 2749,restaurante,Surco,"POINT(-12.126307, -76.994382)"
2750,Supermercado Vargas 2750,supermercado,Miraflores,"POINT(-12.118994, -77.039372)"
2751,Electrónica Chávez 2751,electrónica,San Isidro,"POINT(-12.100996, -77.053912)"
2752,Farmacia Cárdenas 2752,farmacia,La Molina,"POINT(-12.094690, -76.941962)"
2753,Gasolinera Cárdenas 2753,gasolinera,Miraflores,"POINT(-12.123574, -77.036934)"
2754,Gasolinera Vargas 2754,gasolinera,Miraflores,"POINT(-12.132052, -77.020192)"
2755,Gasolinera Ponce 2755,gasolinera,Surco,"POINT(-12.161981, -76.993935)"
2756,Farmacia Flores 2756,farmacia,La Molina,"POINT(-12.069045, -76.946630)"
2757,Electrónica Vargas 2757,electrónica,Miraflores,"POINT(-12.121754, -77.022415)"
2758,Gasolinera Ponce 2758,gasolinera,San Isidro,"POINT(-12.105291, -77.023402)"
2759,Restaurante Mendoza 2759,restaurante,Barranco,"POINT(-12.144905, -77.015019)"
2760,Restaurante Castillo 2760,restaurante,Lince,"POINT(-12.081564, -77.033743)"
2761,Ferretería Chávez 2761,ferretería,Lima,"POINT(-12.057320, -77.076522)"
2762,Farmacia Mendoza 2762,farmacia,San Borja,"POINT(-12.099146, -76.981596)"
2763,Librería Espinoza 2763,librería,Lince,"POINT(-12.079860, -77.032726)"
2764,Panadería Chávez 2764,panadería,Surco,"POINT(-12.145031, -76.982497)"
2765,Gasolinera Espinoza 2765,gasolinera,Miraflores,"POINT(-12.118493, -77.018581)"
2766,Electrónica Cárdenas 2766,electrónica,Miraflores,"POINT(-12.119979, -77.010459)"
2767,Supermercado Cárdenas 2767,supermercado,Los Olivos,"POINT(-11.984295, -77.082612)"
2768,Electrónica Ramos 2768,electrónica,Lince,"POINT(-12.078230, -77.033522)"
2769,Electrónica Rojas 2769,electrónica,La Molina,"POINT(-12.088220, -76.959428)"
2770,Ferretería Flores 2770,ferretería,Lince,"POINT(-12.089204, -77.024917)"
2771,Supermercado Huamán 2771,supermercado,Surco,"POINT(-12.132281, -76.998719)"
2772,Ferretería Quispe 2772,ferretería,San Miguel,"POINT(-12.077756, -77.096518)"
2773,Librería Salazar 2773,librería,San Miguel,"POINT(-12.081731, -77.094917)"
2774,Electrónica Cárdenas 2774,electrónica,San Isidro,"POINT(-12.095268, -77.051295)"
2775,Gasolinera Chávez 2775,gasolinera,Lima,"POINT(-12.054368, -77.026002)"
2776,Farmacia Chávez 2776,farmacia,Surco,"POINT(-12.145922, -76.966813)"
2777,Restaurante Quispe 2777,restaurante,Miraflores,"POINT(-12.127921, -77.028209)"
2778,Panadería Chávez 2778,panadería,Pueblo Libre,"POINT(-12.079657, -77.068096)"
2779,Panadería Salazar 2779,panadería,Miraflores,"POINT(-12.129343, -77.010231)"
2780,Panadería Salazar 2780,panadería,Surco,"POINT(-12.143592, -77.000498)"
2781,Gasolinera Castillo 2781,gasolinera,Los Olivos,"POINT(-12.001788, -77.076828)"
2782,Librería Rojas 2782,librería,San Isidro,"POINT(-12.104119, -77.019020)"
2783,Ferretería Huamán 2783,ferretería,Surco,"POINT(-12.148462, -76.980744)"
2784,Ferretería Espinoza 2784,ferretería,Lima,"POINT(-12.035807, -77.079495)"
2785,Gasolinera Ponce 2785,gasolinera,San Miguel,"POINT(-12.076937, -77.095639)"
2786,Supermercado Mendoza 2786,supermercado,Lima,"POINT(-12.057363, -77.055665)"
2787,Ferretería Aguilar 2787,ferretería,Pueblo Libre,"POINT(-12.084534, -77.069790)"
2788,Panadería Ríos 2788,panadería,Lince,"POINT(-12.088827, -77.031915)"
2789,Electrónica Paredes 2789,electrónica,Pueblo Libre,"POINT(-12.077378, -77.065843)"
2790,Gasolinera Aguilar 2790,gasolinera,La Molina,"POINT(-12.090554, -76.941784)"
2791,Electrónica Ramos 2791,electrónica,San Borja,"POINT(-12.109062, -77.001037)"
2792,Farmacia Mendoza 2792,farmacia,Miraflores,"POINT(-12.120675, -77.018040)"
2793,Librería Paredes 2793,librería,San Borja,"POINT(-12.105421, -76.991067)"
2794,Panadería Huamán 2794,panadería,Pueblo Libre,"POINT(-12.069606, -77.066242)"
2795,Ferretería Castillo 2795,ferretería,La Molina,"POINT(-12.098714, -76.944886)"
2796,Restaurante Quispe 2796,restaurante,Surco,"POINT(-12.124474, -77.001668)"
2797,Restaurante Ramos 2797,restaurante,Jesús María,"POINT(-12.084034, -77.051033)"
2798,Gasolinera Flores 2798,gasolinera,Lince,"POINT(-12.088316, -77.025106)"
2799,Farmacia Ríos 2799,farmacia,Pueblo Libre,"POINT(-12.068799, -77.073389)"
2800,Ferretería Ponce 2800,ferretería,Miraflores,"POINT(-12.128449, -77.015194)"
2801,Electrónica Paredes 2801,electrónica,La Molina,"POINT(-12.096330, -76.969315)"
2802,Supermercado Espinoza 2802,supermercado,Surco,"POINT(-12.139867, -76.998468)"
2803,Ferretería Mendoza 2803,ferretería,Pueblo Libre,"POINT(-12.074037, -77.070368)"
2804,Restaurante Ríos 2804,restaurante,Surco,"POINT(-12.120919, -77.001659)"
2805,Ferretería Quispe 2805,ferretería,La Molina,"POINT(-12.092974, -76.920802)"
2806,Panadería Huamán 2806,panadería,La Molina,"POINT(-12.075525, -76.926001)"
2807,Restaurante Paredes 2807,restaurante,La Molina,"POINT(-12.088437, -76.948071)"
2808,Panadería Cárdenas 2808,panadería,Los Olivos,"POINT(-11.986212, -77.060316)"
2809,Librería Aguilar 2809,librería,Barranco,"POINT(-12.145722, -77.021204)"
2810,Gasolinera Quispe 2810,gasolinera,Jesús María,"POINT(-12.077279, -77.051760)"
2811,Panadería Rojas 2811,panadería,San Borja,"POINT(-12.111117, -76.993146)"
2812,Supermercado Ramos 2812,supermercado,La Molina,"POINT(-12.067529, -76.940127)"
2813,Panadería Cárdenas 2813,panadería,Lima,"POINT(-12.051586, -77.071383)"
2814,Gasolinera Mendoza 2814,gasolinera,Surco,"POINT(-12.152367, -76.977218)"
2815,Panadería Castillo 2815,panadería,La Molina,"POINT(-12.094668, -76.965402)"
2816,Farmacia Salazar 2816,farmacia,Miraflores,"POINT(-12.126865, -77.022151)"
2817,Gasolinera Vargas 2817,gasolinera,Lince,"POINT(-12.078820, -77.032126)"
2818,Gasolinera Ponce 2818,gasolinera,San Miguel,"POINT(-12.077762, -77.100271)"
2819,Farmacia Rojas 2819,farmacia,Pueblo Libre,"POINT(-12.069689, -77.066066)"
2820,Librería Flores 2820,librería,San Borja,"POINT(-12.102191, -77.001023)"
2821,Restaurante Aguilar 2821,restaurante,Los Olivos,"POINT(-11.993289, -77.071549)"
2822,Panadería Salazar 2822,panadería,San Isidro,"POINT(-12.107526, -77.028939)"
2823,Gasolinera Salazar 2823,gasolinera,Pueblo Libre,"POINT(-12.069450, -77.072759)"
2824,Gasolinera Ramos 2824,gasolinera,La Molina,"POINT(-12.097954, -76.967134)"
2825,Farmacia Rojas 2825,farmacia,Los Olivos,"POINT(-11.977961, -77.074273)"
2826,Supermercado Castillo 2826,supermercado,Surco,"POINT(-12.158576, -76.993427)"
2827,Ferretería Quispe 2827,ferretería,Miraflores,"POINT(-12.126507, -77.022540)"
2828,Gasolinera Mendoza 2828,gasolinera,Pueblo Libre,"POINT(-12.075279, -77.064017)"
2829,Librería Ramos 2829,librería,La Molina,"POINT(-12.068420, -76.949753)"
2830,Panadería Ríos 2830,panadería,Lince,"POINT(-12.087014, -77.037555)"
2831,Restaurante Castillo 2831,restaurante,San Miguel,"POINT(-12.070019, -77.099322)"
2832,Electrónica Cárdenas 2832,electrónica,Lince,"POINT(-12.079136, -77.029246)"
2833,Restaurante Aguilar 2833,restaurante,Pueblo Libre,"POINT(-12.076999, -77.070639)"
2834,Supermercado Flores 2834,supermercado,Miraflores,"POINT(-12.122484, -77.013420)"
2835,Panadería Espinoza 2835,panadería,Lima,"POINT(-12.054090, -77.019807)"
2836,Supermercado Espinoza 2836,supermercado,Lima,"POINT(-12.052562, -77.021043)"
2837,Supermercado Huamán 2837,supermercado,Pueblo Libre,"POINT(-12.075142, -77.073898)"
2838,Supermercado Huamán 2838,supermercado,Miraflores,"POINT(-12.118658, -77.011013)"
2839,Panadería Castillo 2839,panadería,Miraflores,"POINT(-12.131123, -77.009212)"
2840,Gasolinera Mendoza 2840,gasolinera,Surco,"POINT(-12.159129, -76.978960)"
2841,Panadería Huamán 2841,panadería,Surco,"POINT(-12.123240, -76.978858)"
2842,Gasolinera Ríos 2842,gasolinera,San Borja,"POINT(-12.099615, -77.003935)"
2843,Supermercado Vargas 2843,supermercado,Lima,"POINT(-12.062783, -77.078702)"
2844,Panadería Huamán 2844,panadería,Surco,"POINT(-12.151468, -76.994288)"
2845,Ferretería Paredes 2845,ferretería,San Borja,"POINT(-12.098793, -77.001902)"
2846,Farmacia Castillo 2846,farmacia,Miraflores,"POINT(-12.113836, -77.024244)"
2847,Librería Rojas 2847,librería,Pueblo Libre,"POINT(-12.080860, -77.071641)"
2848,Gasolinera Ponce 2848,gasolinera,Jesús María,"POINT(-12.085072, -77.050514)"
2849,Restaurante Salazar 2849,restaurante,Pueblo Libre,"POINT(-12.084018, -77.065551)"
2850,Supermercado Mendoza 2850,supermercado,Barranco,"POINT(-12.141336, -77.011449)"
2851,Farmacia Ponce 2851,farmacia,San Miguel,"POINT(-12.070435, -77.102649)"
2852,Farmacia Ríos 2852,farmacia,Miraflores,"POINT(-12.124388, -77.009109)"
2853,Panadería Ponce 2853,panadería,Los Olivos,"POINT(-11.985353, -77.069056)"
2854,Panadería Paredes 2854,panadería,Miraflores,"POINT(-12.113086, -77.038774)"
2855,Farmacia Rojas 2855,farmacia,Barranco,"POINT(-12.150004, -77.008107)"
2856,Electrónica Castillo 2856,electrónica,San Miguel,"POINT(-12.075151, -77.091211)"
2857,Supermercado Mendoza 2857,supermercado,Jesús María,"POINT(-12.076524, -77.044947)"
2858,Panadería Paredes 2858,panadería,Pueblo Libre,"POINT(-12.072395, -77.069526)"
2859,Supermercado Ponce 2859,supermercado,Surco,"POINT(-12.146825, -77.001993)"
2860,Restaurante Chávez 2860,restaurante,La Molina,"POINT(-12.097384, -76.929928)"
2861,Electrónica Ponce 2861,electrónica,Jesús María,"POINT(-12.083467, -77.058210)"
2862,Panadería Cárdenas 2862,panadería,Lima,"POINT(-12.045175, -77.046900)"
2863,Electrónica Huamán 2863,electrónica,Lima,"POINT(-12.046087, -77.058298)"
2864,Panadería Rojas 2864,panadería,Miraflores,"POINT(-12.118252, -77.010965)"
2865,Electrónica Ramos 2865,electrónica,La Molina,"POINT(-12.078263, -76.954821)"
2866,Electrónica Rojas 2866,electrónica,Pueblo Libre,"POINT(-12.077246, -77.064788)"
2867,Electrónica Chávez 2867,electrónica,Lince,"POINT(-12.089266, -77.035895)"
2868,Supermercado Flores 2868,supermercado,Pueblo Libre,"POINT(-12.071095, -77.071180)"
2869,Farmacia Salazar 2869,farmacia,Lima,"POINT(-12.052051, -77.078882)"
2870,Farmacia Rojas 2870,farmacia,Lima,"POINT(-12.041150, -77.018290)"
2871,Restaurante Cárdenas 2871,restaurante,Miraflores,"POINT(-12.129581, -77.019469)"
2872,Librería Huamán 2872,librería,Lima,"POINT(-12.034377, -77.034323)"
2873,Farmacia Ríos 2873,farmacia,Lince,"POINT(-12.088332, -77.031303)"
2874,Gasolinera Castillo 2874,gasolinera,Miraflores,"POINT(-12.117608, -77.016446)"
2875,Gasolinera Cárdenas 2875,gasolinera,Lima,"POINT(-12.046554, -77.070647)"
2876,Gasolinera Ríos 2876,gasolinera,La Molina,"POINT(-12.079143, -76.943530)"
2877,Electrónica Castillo 2877,electrónica,Lima,"POINT(-12.035756, -77.047742)"
2878,Ferretería Chávez 2878,ferretería,Surco,"POINT(-12.160892, -76.997401)"
2879,Restaurante Espinoza 2879,restaurante,Lima,"POINT(-12.063582, -77.035515)"
2880,Restaurante Castillo 2880,restaurante,San Borja,"POINT(-12.090389, -76.983004)"
2881,Restaurante Mendoza 2881,restaurante,San Borja,"POINT(-12.096500, -76.990698)"
2882,Ferretería Castillo 2882,ferretería,San Borja,"POINT(-12.098541, -76.981839)"
2883,Gasolinera Chávez 2883,gasolinera,Lince,"POINT(-12.078010, -77.026484)"
2884,Restaurante Mendoza 2884,restaurante,San Borja,"POINT(-12.111025, -77.004992)"
2885,Electrónica Ríos 2885,electrónica,Jesús María,"POINT(-12.074589, -77.044560)"
2886,Librería Ramos 2886,librería,San Miguel,"POINT(-12.075216, -77.096627)"
2887,Restaurante Mendoza 2887,restaurante,La Molina,"POINT(-12.078481, -76.941060)"
2888,Panadería Huamán 2888,panadería,Los Olivos,"POINT(-11.964672, -77.071026)"
2889,Farmacia Espinoza 2889,farmacia,Los Olivos,"POINT(-11.998280, -77.072468)"
2890,Librería Ríos 2890,librería,Miraflores,"POINT(-12.116639, -77.010238)"
2891,Farmacia Quispe 2891,farmacia,Barranco,"POINT(-12.140032, -77.009533)"
2892,Restaurante Ponce 2892,restaurante,Lima,"POINT(-12.054734, -77.084582)"
2893,Supermercado Salazar 2893,supermercado,Miraflores,"POINT(-12.117218, -77.012741)"
2894,Supermercado Ponce 2894,supermercado,Lima,"POINT(-12.038115, -77.037558)"
2895,Farmacia Mendoza 2895,farmacia,Los Olivos,"POINT(-11.972562, -77.063434)"
2896,Restaurante Ríos 2896,restaurante,Surco,"POINT(-12.143682, -77.001666)"
2897,Restaurante Ríos 2897,restaurante,Jesús María,"POINT(-12.082753, -77.053405)"
2898,Electrónica Chávez 2898,electrónica,Miraflores,"POINT(-12.130537, -77.008932)"
2899,Farmacia Ponce 2899,farmacia,Miraflores,"POINT(-12.114413, -77.039439)"
2900,Farmacia Aguilar 2900,farmacia,Lince,"POINT(-12.085171, -77.023750)"
2901,Librería Ramos 2901,librería,San Miguel,"POINT(-12.071691, -77.089465)"
2902,Electrónica Aguilar 2902,electrónica,San Borja,"POINT(-12.089337, -76.991528)"
2903,Gasolinera Salazar 2903,gasolinera,San Isidro,"POINT(-12.095076, -77.048450)"
2904,Electrónica Cárdenas 2904,electrónica,Pueblo Libre,"POINT(-12.068553, -77.067719)"
2905,Farmacia Rojas 2905,farmacia,Jesús María,"POINT(-12.077435, -77.054746)"
2906,Farmacia Vargas 2906,farmacia,Lince,"POINT(-12.089564, -77.027125)"
2907,Supermercado Quispe 2907,supermercado,Jesús María,"POINT(-12.087444, -77.045875)"
2908,Librería Castillo 2908,librería,Miraflores,"POINT(-12.127637, -77.022909)"
2909,Electrónica Vargas 2909,electrónica,Miraflores,"POINT(-12.112272, -77.031239)"
2910,Librería Salazar 2910,librería,San Isidro,"POINT(-12.104633, -77.052504)"
2911,Restaurante Rojas 2911,restaurante,Lima,"POINT(-12.059825, -77.032253)"
2912,Supermercado Aguilar 2912,supermercado,La Molina,"POINT(-12.086132, -76.938833)"
2913,Panadería Rojas 2913,panadería,Lima,"POINT(-12.048230, -77.051548)"
2914,Restaurante Castillo 2914,restaurante,Lima,"POINT(-12.041620, -77.019470)"
2915,Restaurante Vargas 2915,restaurante,San Borja,"POINT(-12.095957, -76.990529)"
2916,Electrónica Rojas 2916,electrónica,Surco,"POINT(-12.145451, -76.979330)"
2917,Librería Flores 2917,librería,San Borja,"POINT(-12.090816, -76.984801)"
2918,Gasolinera Vargas 2918,gasolinera,Surco,"POINT(-12.123491, -76.986230)"
2919,Gasolinera Ponce 2919,gasolinera,Lince,"POINT(-12.089385, -77.035195)"
2920,Ferretería Salazar 2920,ferretería,Barranco,"POINT(-12.141928, -77.008383)"
2921,Panadería Aguilar 2921,panadería,Lima,"POINT(-12.045267, -77.059656)"
2922,Panadería Huamán 2922,panadería,Jesús María,"POINT(-12.071984, -77.051813)"
2923,Supermercado Paredes 2923,supermercado,La Molina,"POINT(-12.067608, -76.933995)"
2924,Restaurante Chávez 2924,restaurante,Jesús María,"POINT(-12.083059, -77.059107)"
2925,Librería Chávez 2925,librería,Lima,"POINT(-12.040848, -77.075615)"
2926,Supermercado Ponce 2926,supermercado,La Molina,"POINT(-12.075793, -76.951841)"
2927,Farmacia Ríos 2927,farmacia,Lima,"POINT(-12.055083, -77.050991)"
2928,Panadería Ponce 2928,panadería,La Molina,"POINT(-12.094444, -76.960946)"
2929,Librería Aguilar 2929,librería,Jesús María,"POINT(-12.070845, -77.044162)"
2930,Supermercado Mendoza 2930,supermercado,San Miguel,"POINT(-12.071618, -77.098733)"
2931,Restaurante Rojas 2931,restaurante,Los Olivos,"POINT(-11.999265, -77.075578)"
2932,Supermercado Huamán 2932,supermercado,Miraflores,"POINT(-12.131936, -77.022684)"
2933,Librería Espinoza 2933,librería,Surco,"POINT(-12.155751, -76.975761)"
2934,Restaurante Quispe 2934,restaurante,Pueblo Libre,"POINT(-12.078165, -77.070902)"
2935,Gasolinera Cárdenas 2935,gasolinera,Miraflores,"POINT(-12.114840, -77.038097)"
2936,Farmacia Huamán 2936,farmacia,Los Olivos,"POINT(-11.994778, -77.079600)"
2937,Electrónica Cárdenas 2937,electrónica,Miraflores,"POINT(-12.125084, -77.027572)"
2938,Electrónica Salazar 2938,electrónica,Lince,"POINT(-12.084511, -77.025940)"
2939,Librería Ramos 2939,librería,San Isidro,"POINT(-12.101819, -77.029159)"
2940,Gasolinera Vargas 2940,gasolinera,San Miguel,"POINT(-12.068455, -77.082930)"
2941,Supermercado Huamán 2941,supermercado,Surco,"POINT(-12.154023, -76.971919)"
2942,Restaurante Salazar 2942,restaurante,Miraflores,"POINT(-12.121608, -77.034577)"
2943,Restaurante Mendoza 2943,restaurante,La Molina,"POINT(-12.085948, -76.930291)"
2944,Panadería Flores 2944,panadería,La Molina,"POINT(-12.093235, -76.943521)"
2945,Librería Rojas 2945,librería,Surco,"POINT(-12.159877, -77.002323)"
2946,Electrónica Chávez 2946,electrónica,Lince,"POINT(-12.082868, -77.024360)"
2947,Librería Salazar 2947,librería,San Borja,"POINT(-12.094559, -76.987982)"
2948,Panadería Rojas 2948,panadería,Miraflores,"POINT(-12.115587, -77.036971)"
2949,Electrónica Aguilar 2949,electrónica,Surco,"POINT(-12.141709, -76.982999)"
2950,Restaurante Huamán 2950,restaurante,Pueblo Libre,"POINT(-12.075644, -77.074698)"
2951,Gasolinera Ponce 2951,gasolinera,San Borja,"POINT(-12.109177, -77.004708)"
2952,Electrónica Huamán 2952,electrónica,Miraflores,"POINT(-12.128652, -77.020893)"
2953,Farmacia Paredes 2953,farmacia,Lima,"POINT(-12.049213, -77.047457)"
2954,Farmacia Cárdenas 2954,farmacia,Lince,"POINT(-12.092965, -77.033619)"
2955,Farmacia Salazar 2955,farmacia,San Miguel,"POINT(-12.081367, -77.097897)"
2956,Farmacia Rojas 2956,farmacia,San Miguel,"POINT(-12.074318, -77.087161)"
2957,Supermercado Espinoza 2957,supermercado,San Borja,"POINT(-12.106448, -76.989222)"
2958,Ferretería Paredes 2958,ferretería,Los Olivos,"POINT(-11.962398, -77.077476)"
2959,Restaurante Paredes 2959,restaurante,Surco,"POINT(-12.121442, -76.992766)"
2960,Electrónica Aguilar 2960,electrónica,Miraflores,"POINT(-12.112950, -77.032289)"
2961,Supermercado Ríos 2961,supermercado,Lima,"POINT(-12.051192, -77.035333)"
2962,Gasolinera Ponce 2962,gasolinera,San Miguel,"POINT(-12.076242, -77.084446)"
2963,Ferretería Salazar 2963,ferretería,La Molina,"POINT(-12.070569, -76.929207)"
2964,Supermercado Paredes 2964,supermercado,Surco,"POINT(-12.161709, -76.981411)"
2965,Gasolinera Paredes 2965,gasolinera,Barranco,"POINT(-12.143874, -77.019676)"
2966,Gasolinera Quispe 2966,gasolinera,Lima,"POINT(-12.046625, -77.047538)"
2967,Farmacia Castillo 2967,farmacia,Lima,"POINT(-12.061441, -77.071808)"
2968,Librería Espinoza 2968,librería,Miraflores,"POINT(-12.114785, -77.013954)"
2969,Farmacia Ríos 2969,farmacia,San Borja,"POINT(-12.096213, -76.990857)"
2970,Restaurante Salazar 2970,restaurante,Miraflores,"POINT(-12.112450, -77.028098)"
2971,Panadería Espinoza 2971,panadería,Los Olivos,"POINT(-11.977134, -77.063841)"
2972,Librería Quispe 2972,librería,Pueblo Libre,"POINT(-12.077530, -77.065640)"
2973,Farmacia Rojas 2973,farmacia,Surco,"POINT(-12.124669, -76.970132)"
2974,Supermercado Ríos 2974,supermercado,La Molina,"POINT(-12.098701, -76.948942)"
2975,Panadería Rojas 2975,panadería,Lince,"POINT(-12.085586, -77.031280)"
2976,Ferretería Chávez 2976,ferretería,Lima,"POINT(-12.043831, -77.072498)"
2977,Electrónica Rojas 2977,electrónica,La Molina,"POINT(-12.097481, -76.965298)"
2978,Electrónica Espinoza 2978,electrónica,San Isidro,"POINT(-12.105169, -77.045227)"
2979,Ferretería Castillo 2979,ferretería,Surco,"POINT(-12.144654, -76.975630)"
2980,Gasolinera Cárdenas 2980,gasolinera,Miraflores,"POINT(-12.118019, -77.035030)"
2981,Farmacia Paredes 2981,farmacia,La Molina,"POINT(-12.070175, -76.941647)"
2982,Panadería Rojas 2982,panadería,Lima,"POINT(-12.042663, -77.053237)"
2983,Farmacia Paredes 2983,farmacia,La Molina,"POINT(-12.080552, -76.952708)"
2984,Gasolinera Ríos 2984,gasolinera,San Isidro,"POINT(-12.100295, -77.033981)"
2985,Restaurante Chávez 2985,restaurante,Lince,"POINT(-12.085857, -77.033313)"
2986,Farmacia Ríos 2986,farmacia,San Borja,"POINT(-12.108238, -77.003474)"
2987,Librería Castillo 2987,librería,Pueblo Libre,"POINT(-12.073652, -77.068038)"
2988,Librería Mendoza 2988,librería,Lima,"POINT(-12.063562, -77.038315)"
2989,Ferretería Salazar 2989,ferretería,Pueblo Libre,"POINT(-12.079971, -77.071889)"
2990,Farmacia Rojas 2990,farmacia,Los Olivos,"POINT(-11.973221, -77.072300)"
2991,Panadería Paredes 2991,panadería,Barranco,"POINT(-12.145442, -77.008135)"
2992,Farmacia Ponce 2992,farmacia,Surco,"POINT(-12.126577, -77.000515)"
2993,Ferretería Salazar 2993,ferretería,Jesús María,"POINT(-12.086666, -77.053168)"
2994,Supermercado Huamán 2994,supermercado,Barranco,"POINT(-12.157919, -77.014284)"
2995,Supermercado Paredes 2995,supermercado,Lima,"POINT(-12.044359, -77.041582)"
2996,Electrónica Quispe 2996,electrónica,Lima,"POINT(-12.050061, -77.056064)"
2997,Panadería Salazar 2997,panadería,San Borja,"POINT(-12.101321, -76.982847)"
2998,Restaurante Mendoza 2998,restaurante,San Miguel,"POINT(-12.069472, -77.094196)"
2999,Restaurante Ramos 2999,restaurante,Los Olivos,"POINT(-12.001879, -77.083935)"
3000,Gasolinera Aguilar 3000,gasolinera,Los Olivos,"POINT(-12.002523, -77.062899)"
